Store,Item,Price_Value,Price_Text,price_basis,Valid_From,Valid_Until,Flyer_ID,unit_price,unit_type,grams_equivalent,is_grocery_relevant,quality_flags,per_100g_corrected,ai_deal_score,ai_deal_rating,ai_explanation,ai_normalized_name,ai_category,ai_sub_category,ai_confidence,historical_min,historical_max,historical_avg,historical_count,price_percentile,is_lowest_historical,pct_below_avg,cross_store_rank,cross_store_count,cross_store_best_price,cross_store_best_store,is_kvi,deal_score,data_quality_score,confidence_score,action_label,why_bullets
Real Canadian Superstore,HALLOWEEN PARTYWARE,2.0,2.0,each,2026-10-01T03:00:00-04:00,2026-10-07T23:59:59-04:00,8163664,,,,True,no_history,False,45.0,⚠️ Below Average,No price history available for comparison; neutral score assigned.,Halloween Partyware,Other,Seasonal,claude_code,,,,0,,False,,,1,,,False,40.0,80,25,Skip,No price history
Real Canadian Superstore,"PC® PUFF OR PHYLLO PASTRY, 450/454 G",5.5,5.5,each,2026-10-01T03:00:00-04:00,2026-10-07T23:59:59-04:00,8163664,12.11,$/kg,454.0,True,,False,45.0,⚠️ Below Average,No price history available for comparison; neutral score assigned.,Puff Pastry,Pantry,Baking Supplies,claude_code,5.87,7.05,6.46,6,0.0,False,-87.5,1,2,5.5,Real Canadian Superstore,False,40.0,100,85,Skip,88% above average; Cheapest of 2 stores; 6 prior prices
Real Canadian Superstore,"STRUB'S PICKLES, 1 L",3.99,3.99,each,2026-10-01T03:00:00-04:00,2026-10-07T23:59:59-04:00,8163664,3.99,$/L,1000.0,True,,False,45.0,⚠️ Below Average,No price history available for comparison; neutral score assigned.,Pickles,Pantry,Canned Goods,claude_code,3.0,6.99,4.17,17,47.1,False,4.3,1,2,3.99,Real Canadian Superstore,False,68.0,100,89,Only if needed,Cheapest of 2 stores; 17 prior prices; Unit price checked $/L
Real Canadian Superstore,"PC® OR BLUE MENU® SALAD DRESSINGS, 475 ML OR PC® CROUTONS, 140 G",2.99,2.99,each,2026-10-01T03:00:00-04:00,2026-10-07T23:59:59-04:00,8163664,21.36,$/kg,140.0,True,,False,53.0,😐 Fair,"5% below avg of $3.14, and at/below historical low of $3.00.",Salad Dressing,Pantry,Sauces/Condiments,claude_code,1.97,7.49,4.01,55,74.5,False,25.5,3,8,2.97,Sobeys,False,67.8,100,96,Only if needed,26% below avg $4.01; #3 of 8 stores; 55 prior prices
Real Canadian Superstore,"HELLO® TOOTHPASTE, 82 - 98 ML",8.0,8.0,each,2026-10-01T03:00:00-04:00,2026-10-07T23:59:59-04:00,8163664,81.63,$/L,98.0,True,,False,45.0,⚠️ Below Average,No price history available for comparison; neutral score assigned.,Toothpaste,Household & Personal,Personal Care,claude_code,6.99,99.57,35.79,28,10.7,False,-128.1,6,7,6.5,Real Canadian Superstore,False,10.0,100,96,Skip,128% above average; 28 prior prices; Unit price checked $/L
Real Canadian Superstore,"SOURDOUGH OR PUMPERNICKEL BREAD, 574/575 G",3.5,3.5,each,2026-10-01T03:00:00-04:00,2026-10-07T23:59:59-04:00,8163664,6.09,$/kg,575.0,True,,False,38.0,⚠️ Below Average,Near average ($3.40),Sourdough Bread,Bakery,Bread,cached,4.44,6.1,5.54,3,33.3,False,-9.9,1,2,3.5,Real Canadian Superstore,True,65.0,100,81,Only if needed,10% above average; Cheapest of 2 stores; 3 prior prices
Real Canadian Superstore,"SEAQUEST® SALAD SHRIMP, 454 G OR UNCOOKED TEMPURA SHRIMP, 500 G",10.0,10.0,each,2026-10-01T03:00:00-04:00,2026-10-07T23:59:59-04:00,8163664,22.03,$/kg,454.0,True,,False,45.0,⚠️ Below Average,No price history available for comparison; neutral score assigned.,Salad Shrimp,Seafood,Shrimp/Prawns,claude_code,19.82,24.23,22.44,8,50.0,False,1.8,,1,,,False,46.3,100,74,Skip,8 prior prices; Unit price checked $/kg
Real Canadian Superstore,"JACK LINK'S MEAT SNACKS, 65-81 G",13.0,13.0,each,2026-10-01T03:00:00-04:00,2026-10-07T23:59:59-04:00,8163664,160.49,$/kg,81.0,True,,False,19.0,❌ Poor Value,Above average (usually $9.25),Meat Snacks,Snacks,Snacks,cached,25.0,160.49,77.31,6,0.0,False,-107.6,,1,,,False,20.0,100,74,Skip,108% above average; 6 prior prices; Unit price checked $/kg
Real Canadian Superstore,"BEN & JERRY'S ICE CREAM NON DAIRY, 473 ML OR MAGNUM NOVELTIES, 3/4'S",4.95,4.95,each,2026-10-01T03:00:00-04:00,2026-10-07T23:59:59-04:00,8163664,10.47,$/L,473.0,True,,False,45.0,⚠️ Below Average,No price history available for comparison; neutral score assigned.,Non-Dairy Ice Cream,Frozen,Ice Cream/Dessert,claude_code,10.53,12.68,11.09,4,100.0,True,5.6,,1,,,False,58.9,100,70,Only if needed,6% below avg $11.09; Lowest seen; 4 prior prices
Real Canadian Superstore,"ENFAMIL A+ NEUROPRO OR GENTLEASE BABY FORMULA POWDER 0-12 MONTHS, 862/890 G",65.5,65.5,each,2026-10-01T03:00:00-04:00,2026-10-07T23:59:59-04:00,8163664,73.6,$/kg,890.0,True,,False,26.0,❌ Poor Value,"20% above avg of $54.50, at the historical high of $65.50 seen over 6 data points.",Baby Formula Powder,Household & Personal,Baby,claude_code,73.56,90.42,78.65,25,68.0,False,6.4,,1,,,False,49.5,100,81,Skip,6% below avg $78.65; 25 prior prices; Unit price checked $/kg
Real Canadian Superstore,"FURLANI GARLIC TOAST, 16'S OR LA FOURNÉE DORÉE MINI ROLLS, 480 G",5.0,5.0,each,2026-10-01T03:00:00-04:00,2026-10-07T23:59:59-04:00,8163664,10.42,$/kg,480.0,True,,False,45.0,⚠️ Below Average,No price history available for comparison; neutral score assigned.,Garlic Toast,Bakery,Bread,claude_code,3.5,5.49,4.66,3,33.3,False,-7.2,2,2,4.48,Walmart,False,51.4,100,81,Only if needed,7% above average; #2 of 2 stores; 3 prior prices
Real Canadian Superstore,"PEPSI MINI CANS, 6X222 ML",3.49,3.49,each,2026-10-01T03:00:00-04:00,2026-10-07T23:59:59-04:00,8163664,2.62,$/L,1332.0,True,,False,45.0,⚠️ Below Average,No price history available for comparison; neutral score assigned.,Cola (Mini Cans),Beverages,Soda/Pop,claude_code,2.24,2.98,2.62,5,40.0,False,-0.2,,1,,,False,44.9,100,74,Skip,5 prior prices; Unit price checked $/L
Real Canadian Superstore,GREEN CABBAGE,0.78,0.78,each,2026-10-01T03:00:00-04:00,2026-10-07T23:59:59-04:00,8163664,,,,True,,False,91.0,🔥 Hot Deal,LOWEST PRICE in 6 months (usually $1.13). Best price across 5 stores,Cabbage (Green),Produce,nan,cached,0.78,1.27,1.0,5,80.0,True,22.3,1,4,0.78,Real Canadian Superstore,False,85.6,100,81,Buy this week,22% below avg $1.00; Lowest seen; Cheapest of 4 stores
Real Canadian Superstore,"PURINA FANCY FEAST WET CAT FOOD, 24'S",18.99,18.99,each,2026-10-01T03:00:00-04:00,2026-10-07T23:59:59-04:00,8163664,0.79,$/each,24.0,True,,False,2.0,❌ Poor Value,"54% above avg of $12.31, well above the historical range of $9.00-$20.00 over 4 data points.",Wet Cat Food,Household & Personal,Pet Food/Supplies,claude_code,0.9,15.99,4.92,28,0.0,False,-286.3,2,2,0.99,Calgary Co-op,False,30.0,100,92,Skip,286% above average; #2 of 2 stores; 28 prior prices
Real Canadian Superstore,"SHAN GINGER OR GARLIC PASTE, 310 G",3.99,3.99,each,2026-10-01T03:00:00-04:00,2026-10-07T23:59:59-04:00,8163664,12.87,$/kg,310.0,True,,False,45.0,⚠️ Below Average,No price history available for comparison; neutral score assigned.,Ginger Paste,Pantry,Sauces/Condiments,claude_code,5.32,6.39,5.75,5,0.0,False,-123.8,,1,,,False,20.0,100,74,Skip,124% above average; 5 prior prices; Unit price checked $/kg
Real Canadian Superstore,CHILDREN'S ADVIL,8.79,8.79,each,2026-10-01T03:00:00-04:00,2026-10-07T23:59:59-04:00,8163664,,,,True,,False,60.0,😐 Fair,"15% below avg of $10.30, and at/below the historical low of $9.17 over 5 data points.",Children's Ibuprofen,Household & Personal,Health/Pharmacy,claude_code,9.17,24.63,12.02,8,100.0,True,26.9,,1,,,False,68.8,100,66,Only if needed,27% below avg $12.02; Lowest seen; 8 prior prices
Real Canadian Superstore,PC® RIBBED SALT & PEPPER SHAKERS,10.0,10.0,each,2026-10-01T03:00:00-04:00,2026-10-07T23:59:59-04:00,8163664,,,,True,no_history,False,40.0,⚠️ Below Average,Standard pricing (no historical data),Salt & Pepper Shakers (Ribbed),Pantry,nan,cached,,,,0,,False,,,1,,,False,40.0,80,25,Skip,No price history
Real Canadian Superstore,"NATIVE BODY WASH, 650 ML",15.0,15.0,each,2026-10-01T03:00:00-04:00,2026-10-07T23:59:59-04:00,8163664,23.08,$/L,650.0,True,,False,45.0,⚠️ Below Average,No price history available for comparison; neutral score assigned.,Body Wash,Household & Personal,Personal Care,claude_code,6.37,20.3,13.81,18,0.0,False,-67.1,6,6,3.97,Walmart,False,10.0,100,93,Skip,67% above average; 18 prior prices; Unit price checked $/L
Real Canadian Superstore,"AVEENO, DOVE BABY OR JOHNSON'S & JOHNSON'S BABY NEEDS",2.79,2.79,each,2026-10-01T03:00:00-04:00,2026-10-07T23:59:59-04:00,8163664,,,,True,,False,45.0,⚠️ Below Average,No price history available for comparison; neutral score assigned.,Baby Care Product,Household & Personal,Baby,claude_code,2.39,9.0,4.89,3,66.7,False,43.0,,1,,,False,70.1,100,62,Compare first,43% below avg $4.89; 3 prior prices
Real Canadian Superstore,"KOPIKO INSTANT COFFEE MIX, 825/900 G",8.49,8.49,each,2026-10-01T03:00:00-04:00,2026-10-07T23:59:59-04:00,8163664,9.43,$/kg,900.0,True,,False,52.0,😐 Fair,LOWEST PRICE in 6 months (usually $8.79),Instant Coffee Mix,Beverages,nan,cached,8.31,94.15,19.31,12,75.0,False,51.2,,1,,,True,85.0,100,78,Buy this week,51% below avg $19.31; 12 prior prices; Unit price checked $/kg
Real Canadian Superstore,"AVOCADO BAG, 6'S",3.58,3.58,each,2026-10-01T03:00:00-04:00,2026-10-07T23:59:59-04:00,8163664,0.6,$/each,6.0,True,,False,53.0,😐 Fair,LOWEST PRICE in 6 months (usually $3.78),Avocado,Produce,Fruit,cached,0.6,0.67,0.65,3,66.7,True,7.2,,1,,,False,60.0,100,70,Only if needed,7% below avg $0.65; Lowest seen; 3 prior prices
Real Canadian Superstore,"OCEAN SPRAY CRANBERRY SAUCE, 348 ML",1.57,1.57,each,2026-10-01T03:00:00-04:00,2026-10-07T23:59:59-04:00,8163664,4.51,$/L,348.0,True,,False,60.0,😐 Fair,Best price across 2 stores,Cranberry Sauce,Pantry,nan,cached,1.85,3.97,2.28,8,0.0,False,-97.4,1,2,4.51,Real Canadian Superstore,False,40.0,100,85,Skip,97% above average; Cheapest of 2 stores; 8 prior prices
Real Canadian Superstore,"COOKIES, 18'S",7.0,7.0,each,2026-10-01T03:00:00-04:00,2026-10-07T23:59:59-04:00,8163664,0.39,$/each,18.0,True,low_history,False,45.0,⚠️ Below Average,No price history available for comparison; neutral score assigned.,Cookies,Snacks,Cookies,claude_code,0.46,0.46,0.46,2,100.0,True,15.2,6,7,2.28,Walmart,False,55.6,90,79,Only if needed,15% below avg $0.46; Lowest seen; Only 2 prior prices
Real Canadian Superstore,SURAJ NAAN FLATBREADS. 10'S,5.0,5.0,each,2026-10-01T03:00:00-04:00,2026-10-07T23:59:59-04:00,8163664,0.5,$/each,10.0,True,,False,45.0,⚠️ Below Average,No price history available for comparison; neutral score assigned.,Naan Flatbread,Bakery,Bread,claude_code,0.45,1.0,0.56,7,42.9,False,11.4,,1,,,True,58.0,100,74,Only if needed,11% below avg $0.56; 7 prior prices; Unit price checked $/each
Real Canadian Superstore,DRAGON FRUIT,2.98,2.98,each,2026-10-01T03:00:00-04:00,2026-10-07T23:59:59-04:00,8163664,,,,True,,False,86.0,🔥 Hot Deal,"36% below avg of $4.69 across 30 data points, and the best price among 3 stores checked.",Dragon Fruit,Produce,Fruit,claude_code,2.98,4.99,4.39,18,94.4,True,32.1,1,3,2.98,Real Canadian Superstore,False,92.5,100,85,Stock up,32% below avg $4.39; Lowest seen; Cheapest of 3 stores
Real Canadian Superstore,MASTRO SALAMI OR HAM,3.5,3.5,each,2026-10-01T03:00:00-04:00,2026-10-07T23:59:59-04:00,8163664,,,,True,,False,45.0,⚠️ Below Average,No price history available for comparison; neutral score assigned.,Salami,Other,Deli (Prepared),claude_code,2.99,13.0,5.94,9,88.9,False,41.1,,1,,,False,68.8,100,66,Only if needed,41% below avg $5.94; 9 prior prices
Real Canadian Superstore,"PC® OR BLUE MENU® MAYONNAISE, 750/890 ML",5.0,5.0,each,2026-10-01T03:00:00-04:00,2026-10-07T23:59:59-04:00,8163664,5.62,$/L,890.0,True,,False,45.0,⚠️ Below Average,No price history available for comparison; neutral score assigned.,Mayonnaise,Pantry,Sauces/Condiments,claude_code,6.33,10.11,7.97,5,100.0,True,29.5,1,2,5.62,Real Canadian Superstore,False,95.7,100,85,Stock up,30% below avg $7.97; Lowest seen; Cheapest of 2 stores
Real Canadian Superstore,"PC CHEESECAKE, PROFITEROLES OR MINI ELCAIRS",12.0,12.0,each,2026-10-01T03:00:00-04:00,2026-10-07T23:59:59-04:00,8163664,,,,True,,False,45.0,⚠️ Below Average,No price history available for comparison; neutral score assigned.,Cheesecake,Bakery,Desserts/Cakes,claude_code,7.5,19.99,15.84,17,94.1,False,24.3,,1,,,True,62.0,100,70,Only if needed,24% below avg $15.84; 17 prior prices
Real Canadian Superstore,"LACTANTIA, ISLAND FARMS OR DAIRYLAND 10% CREAM, 946 ML / L",2.97,2.97,each,2026-10-01T03:00:00-04:00,2026-10-07T23:59:59-04:00,8163664,3.14,$/L,946.0,True,,False,45.0,⚠️ Below Average,No price history available for comparison; neutral score assigned.,10% Cream,Dairy & Eggs,Cream,claude_code,0.42,3.75,3.19,10,70.0,False,1.5,,1,,,False,46.0,100,78,Skip,10 prior prices; Unit price checked $/L
Real Canadian Superstore,"NO NAME® CANOLA OIL, 3 L",9.99,9.99,each,2026-10-01T03:00:00-04:00,2026-10-07T23:59:59-04:00,8163664,3.33,$/L,3000.0,True,,False,31.0,⚠️ Below Average,Above average (usually $8.52),Canola Oil,Pantry,Spices/Oils,cached,2.66,3.06,2.84,6,0.0,False,-17.3,,1,,,False,36.4,100,74,Skip,17% above average; 6 prior prices; Unit price checked $/L
Real Canadian Superstore,EXTRA LEAN GROUND BEEF,9.5,9.5,each,2026-10-01T03:00:00-04:00,2026-10-07T23:59:59-04:00,8163664,,,,True,,False,41.0,⚠️ Below Average,Slightly below avg ($9.73),Ground Beef (Extra Lean),Beef,Ground Beef,cached,7.99,11.49,9.71,17,58.8,False,2.2,,1,,,True,46.5,100,70,Skip,17 prior prices
Real Canadian Superstore,"PILLSBURY TOASTER STRUDEL OR TOASTER SCRAMBLES PASTRIES, 204-326 G",3.49,3.49,each,2026-10-01T03:00:00-04:00,2026-10-07T23:59:59-04:00,8163664,10.71,$/kg,326.0,True,,False,45.0,⚠️ Below Average,No price history available for comparison; neutral score assigned.,Toaster Strudel,Frozen,Breakfast (Frozen),claude_code,2.97,3.99,3.69,5,60.0,False,5.3,,1,,,False,48.7,100,74,Skip,5% below avg $3.69; 5 prior prices; Unit price checked $/kg
Real Canadian Superstore,"TWO-BITE MINI CROISSANTS, 423 G",6.0,6.0,each,2026-10-01T03:00:00-04:00,2026-10-07T23:59:59-04:00,8163664,14.18,$/kg,423.0,True,,False,45.0,⚠️ Below Average,No price history available for comparison; neutral score assigned.,Mini Croissants,Bakery,Pastries/Donuts,claude_code,5.5,6.5,6.25,4,75.0,False,4.0,2,2,5.23,Walmart,False,57.8,100,81,Only if needed,#2 of 2 stores; 4 prior prices; Unit price checked $/kg
Real Canadian Superstore,CRAVE FROZEN ENTRÉES - 200 - 340 G CRAVE FROZEN BOWLS - 340 G,2.99,2.99,each,2026-10-01T03:00:00-04:00,2026-10-07T23:59:59-04:00,8163664,8.79,$/kg,340.0,True,,False,45.0,⚠️ Below Average,No price history available for comparison; neutral score assigned.,Frozen Entrée,Frozen,Meals/Entrees,claude_code,8.79,13.24,11.51,8,87.5,True,23.7,,1,,,False,71.6,100,74,Compare first,24% below avg $11.51; Lowest seen; 8 prior prices
Real Canadian Superstore,ROOSTER™ GARLIC,4.99,4.99,each,2026-10-01T03:00:00-04:00,2026-10-07T23:59:59-04:00,8163664,,,,True,,False,40.0,⚠️ Below Average,Standard pricing (no historical data),Garlic,Produce,Vegetables,cached,0.88,5.99,2.87,13,23.1,False,-74.0,,1,,,False,15.0,100,70,Skip,74% above average; 13 prior prices
Real Canadian Superstore,"HEINZ KETCHUP, 750 ML - 1 L, HEINZ MAYONNAISE, 675 ML",4.97,4.97,each,2026-10-01T03:00:00-04:00,2026-10-07T23:59:59-04:00,8163664,4.97,$/L,1000.0,True,,False,45.0,⚠️ Below Average,No price history available for comparison; neutral score assigned.,Ketchup,Pantry,Sauces/Condiments,claude_code,3.5,8.7,4.89,16,37.5,False,-1.5,,1,,,False,44.2,100,78,Skip,16 prior prices; Unit price checked $/L
Real Canadian Superstore,HOT KID MUM-MUM ORGANIC RICE RUSKS OR BISCUITS,6.0,6.0,each,2026-10-01T03:00:00-04:00,2026-10-07T23:59:59-04:00,8163664,,,,True,,False,45.0,⚠️ Below Average,No price history available for comparison; neutral score assigned.,Rice Rusks,Household & Personal,Baby,claude_code,2.5,6.0,3.98,7,7.1,False,-50.6,,1,,,True,20.0,100,66,Skip,51% above average; 7 prior prices
Real Canadian Superstore,NO NAME® NATURALLY IMPERFECT™ APPLES,9.0,9.0,each,2026-10-01T03:00:00-04:00,2026-10-07T23:59:59-04:00,8163664,,,,True,,False,28.0,❌ Poor Value,Above average (usually $6.27). $7.00 at No Frills,Apples,Produce,Fruit,cached,1.77,8.99,5.36,21,0.0,False,-67.8,5,5,5.99,Calgary Co-op,True,10.0,100,88,Skip,68% above average; 21 prior prices
Real Canadian Superstore,"CASCADE DISHWASHER DETERGENT, 51/67/80 CT",19.97,19.97,each,2026-10-01T03:00:00-04:00,2026-10-07T23:59:59-04:00,8163664,0.25,$/each,80.0,True,low_history,False,45.0,⚠️ Below Average,No price history available for comparison; neutral score assigned.,Dishwasher Detergent,Household & Personal,Cleaning Supplies,claude_code,0.3,0.5,0.4,2,100.0,True,37.5,,1,,,False,81.2,90,64,Buy this week,38% below avg $0.40; Lowest seen; Only 2 prior prices
Real Canadian Superstore,"ACORN, BUTTERNUT, BUTTERCUP OR SPAGHETTI SQUASH",0.97,0.97,each,2026-10-01T03:00:00-04:00,2026-10-07T23:59:59-04:00,8163664,,,,True,,False,45.0,⚠️ Below Average,No price history available for comparison; neutral score assigned.,Acorn Squash,Produce,Vegetables,claude_code,0.97,0.99,0.98,3,66.7,True,1.4,,1,,,True,56.0,100,62,Only if needed,Lowest seen; 3 prior prices
Real Canadian Superstore,CHRISTIE PEEK FREANS COOKIES 275-350 G OR CADBURY FINGERS 114-125 G,3.99,3.99,each,2026-10-01T03:00:00-04:00,2026-10-07T23:59:59-04:00,8163664,11.4,$/kg,350.0,True,,False,45.0,⚠️ Below Average,No price history available for comparison; neutral score assigned.,Cookies,Snacks,Cookies,claude_code,4.0,34.62,11.79,30,33.3,False,3.3,3,7,2.28,Walmart,False,52.3,100,96,Only if needed,#3 of 7 stores; 30 prior prices; Unit price checked $/kg
Real Canadian Superstore,"ASTROGLIDE LUBRICANT, 71-113 G/73-148 ML",8.07,8.07,each,2026-10-01T03:00:00-04:00,2026-10-07T23:59:59-04:00,8163664,71.42,$/kg,113.0,True,no_history,False,45.0,⚠️ Below Average,No price history available for comparison; neutral score assigned.,Personal Lubricant,Household & Personal,Personal Care,claude_code,,,,0,,False,,,1,,,False,45.0,80,33,Skip,No price history; Unit price checked $/kg
Real Canadian Superstore,"PURINA TIDY CATS LIGHTWEIGHT CAT LITTER, 2.72 KG",11.99,11.99,each,2026-10-01T03:00:00-04:00,2026-10-07T23:59:59-04:00,8163664,4.41,$/kg,2720.0,True,,False,80.0,✅ Good Buy,29% below 6-month avg of $16.97. Best price across 2 stores,Cat Litter (Lightweight),Household & Personal,nan,cached,3.37,4.78,4.18,6,33.3,False,-5.6,,1,,,False,42.2,100,74,Skip,6% above average; 6 prior prices; Unit price checked $/kg
Real Canadian Superstore,EVERYDAY ESSENTIALS™ 18 OZ SCENTED CANDLES,6.0,6.0,each,2026-10-01T03:00:00-04:00,2026-10-07T23:59:59-04:00,8163664,11.76,$/kg,510.291,True,,False,45.0,⚠️ Below Average,No price history available for comparison; neutral score assigned.,Scented Candle,Other,General,claude_code,11.76,13.72,12.41,3,50.0,True,5.3,,1,,,False,58.7,100,70,Only if needed,5% below avg $12.41; Lowest seen; 3 prior prices
Real Canadian Superstore,"PALM CORNED BEEF, 326/425 G",5.99,5.99,each,2026-10-01T03:00:00-04:00,2026-10-07T23:59:59-04:00,8163664,14.09,$/kg,425.0,True,,False,40.0,⚠️ Below Average,Standard pricing (no historical data),Corned Beef,Pantry,Canned Goods,cached,8.82,19.29,13.28,11,45.5,False,-6.1,,1,,,False,42.0,100,78,Skip,6% above average; 11 prior prices; Unit price checked $/kg
Real Canadian Superstore,"WAGH BAKRI PREMIUM TEA, 907 G",9.99,9.99,each,2026-10-01T03:00:00-04:00,2026-10-07T23:59:59-04:00,8163664,11.01,$/kg,907.0,True,,False,76.0,✅ Good Buy,LOWEST PRICE in 6 months (usually $11.00). Best price across 2 stores,Premium Tea,Beverages,nan,cached,11.01,13.23,12.12,3,66.7,True,9.2,1,2,11.01,Real Canadian Superstore,False,81.4,100,81,Buy this week,9% below avg $12.12; Lowest seen; Cheapest of 2 stores
Real Canadian Superstore,"ZIGGY'S DELI CHEESE SLICES, 500 G",11.0,11.0,each,2026-10-01T03:00:00-04:00,2026-10-07T23:59:59-04:00,8163664,22.0,$/kg,500.0,True,,False,45.0,⚠️ Below Average,No price history available for comparison; neutral score assigned.,Deli Cheese Slices,Dairy & Eggs,Cheese (Shredded/Sliced),claude_code,7.24,35.29,23.26,52,59.6,False,5.4,,1,,,True,53.8,100,81,Only if needed,5% below avg $23.26; 52 prior prices; Unit price checked $/kg
Real Canadian Superstore,"ACE BAKERY BAGUETTE, 350-400 G",3.0,3.0,each,2026-10-01T03:00:00-04:00,2026-10-07T23:59:59-04:00,8163664,7.5,$/kg,400.0,True,low_history,False,45.0,⚠️ Below Average,No price history available for comparison; neutral score assigned.,Baguette,Bakery,Bread,claude_code,8.75,8.75,8.75,2,100.0,True,14.3,1,2,3.0,Real Canadian Superstore,False,85.0,90,75,Buy this week,14% below avg $8.75; Lowest seen; Cheapest of 2 stores
Real Canadian Superstore,"SEAQUEST® CRAB FLAVOURED ALASKA POLLOCK, 454 G OR MILLIONAIRES ANCHOVIES FLAT FILLETS, 50 G",5.0,5.0,each,2026-10-01T03:00:00-04:00,2026-10-07T23:59:59-04:00,8163664,11.01,$/kg,454.0,True,,False,58.0,😐 Fair,"12% below avg of $5.67, and at/below the historical low of $5.50 over 3 data points.",Imitation Crab (Pollock),Seafood,Prepared Seafood,claude_code,12.11,13.22,12.48,3,100.0,True,11.8,,1,,,False,63.3,100,70,Only if needed,12% below avg $12.48; Lowest seen; 3 prior prices
Real Canadian Superstore,"HENRI WILLIG GOUDA, 200/300 G",6.0,6.0,each,2026-10-01T03:00:00-04:00,2026-10-07T23:59:59-04:00,8163664,20.0,$/kg,300.0,True,,False,45.0,⚠️ Below Average,No price history available for comparison; neutral score assigned.,Gouda Cheese,Dairy & Eggs,Cheese (Block),claude_code,17.14,30.0,26.55,6,83.3,False,24.7,1,3,6.0,Real Canadian Superstore,False,82.3,100,89,Buy this week,25% below avg $26.55; Cheapest of 3 stores; 6 prior prices
Real Canadian Superstore,ANGEL CONDENSADA 380 G OR KREMDENSADA SWEETENED CONDENSED CREAMER 450ML,2.29,2.29,each,2026-10-01T03:00:00-04:00,2026-10-07T23:59:59-04:00,8163664,6.03,$/kg,380.0,True,no_history,False,45.0,⚠️ Below Average,No price history available for comparison; neutral score assigned.,Condensed Milk,Pantry,Baking Supplies,claude_code,,,,0,,False,,,1,,,False,45.0,80,33,Skip,No price history; Unit price checked $/kg
Real Canadian Superstore,"MAPLE LEAF TOP DOGS OR SCHNEIDERS BOLOGNA, 375-450 G",4.99,4.99,each,2026-10-01T03:00:00-04:00,2026-10-07T23:59:59-04:00,8163664,11.09,$/kg,450.0,True,,False,28.0,❌ Poor Value,"18% above avg of $4.24 over 2 data points, well above the historical range of $4.00-$4.49.",Hot Dogs,Other,Deli (Prepared),claude_code,4.44,13.31,11.14,12,50.0,False,0.4,,1,,,False,45.3,100,78,Skip,12 prior prices; Unit price checked $/kg
Real Canadian Superstore,"PC PITA, SCALLOPED CRACKERS OR BUTTER TWISTS, 215 - 325 G",2.49,2.49,each,2026-10-01T03:00:00-04:00,2026-10-07T23:59:59-04:00,8163664,7.66,$/kg,325.0,True,,False,45.0,⚠️ Below Average,No price history available for comparison; neutral score assigned.,Pita Bread,Bakery,Bread,claude_code,2.49,3.99,3.24,4,75.0,True,23.1,1,3,2.49,Real Canadian Superstore,True,96.2,100,85,Stock up,23% below avg $3.24; Lowest seen; Cheapest of 3 stores
Real Canadian Superstore,"FRENCH BEANS, 680 G",7.5,7.5,each,2026-10-01T03:00:00-04:00,2026-10-07T23:59:59-04:00,8163664,11.03,$/kg,680.0,True,,False,45.0,⚠️ Below Average,No price history available for comparison; neutral score assigned.,French Beans,Produce,Vegetables,claude_code,2.48,35.29,7.62,16,12.5,False,-44.7,,1,,,False,22.6,100,78,Skip,45% above average; 16 prior prices; Unit price checked $/kg
Real Canadian Superstore,"HUGGIES 1X BABY WIPES, 56-64'S",2.0,2.0,each,2026-10-01T03:00:00-04:00,2026-10-07T23:59:59-04:00,8163664,0.03,$/each,64.0,True,,False,50.0,😐 Fair,LOWEST PRICE in 6 months (usually $2.00),Baby Wipes,Household & Personal,Baby,cached,0.02,0.04,0.03,18,36.1,False,-8.0,1,2,0.03,Real Canadian Superstore,False,61.0,100,89,Only if needed,8% above average; Cheapest of 2 stores; 18 prior prices
Real Canadian Superstore,"NESTEA ICED TEA, 10X200 ML",4.0,4.0,each,2026-10-01T03:00:00-04:00,2026-10-07T23:59:59-04:00,8163664,2.0,$/L,2000.0,True,,False,50.0,😐 Fair,No price history or cross-store data; $2.00/L is a typical price for multi-pack iced tea.,Iced Tea,Beverages,Tea,claude_code,1.71,4.23,2.22,20,40.0,False,9.9,,1,,,False,51.9,100,81,Only if needed,10% below avg $2.22; 20 prior prices; Unit price checked $/L
Real Canadian Superstore,"CORONA CERO ALCOHOL- FREE BEER, 12X355 ML",19.99,19.99,each,2026-10-01T03:00:00-04:00,2026-10-07T23:59:59-04:00,8163664,4.69,$/L,4260.0,True,,False,50.0,😐 Fair,No price history or cross-store data available for comparison.,Non-Alcoholic Beer,Other,General,claude_code,3.75,5.68,4.75,5,50.0,False,1.2,1,3,4.69,Real Canadian Superstore,False,65.8,100,89,Only if needed,Cheapest of 3 stores; 5 prior prices; Unit price checked $/L
Real Canadian Superstore,"DABUR NECTAR OR DRINK, 1 L",3.5,3.5,each,2026-10-01T03:00:00-04:00,2026-10-07T23:59:59-04:00,8163664,3.5,$/L,1000.0,True,low_history,False,50.0,😐 Fair,No price history or cross-store data; $3.50/L is in line with specialty juice pricing.,Fruit Nectar Drink,Beverages,Juice,claude_code,1.71,3.5,2.6,2,0.0,False,-34.4,,1,,,False,27.8,90,64,Skip,34% above average; Only 2 prior prices; Unit price checked $/L
Real Canadian Superstore,LIFE AT HOME™ 6' FAUX POPLAR LEAF,90.0,90.0,each,2026-10-01T03:00:00-04:00,2026-10-07T23:59:59-04:00,8163664,,,,True,,False,50.0,😐 Fair,No price history or cross-store data available for comparison.,Faux Poplar Leaf Plant,Other,Floral,claude_code,3.5,90.0,16.94,9,0.0,False,-431.1,,1,,,False,15.0,100,66,Skip,431% above average; 9 prior prices
Real Canadian Superstore,CREST COMPLETE WHITENING CLEAN MINT OR CREST + SCOPE TOOTHPASTE 120 ML,3.75,3.75,each,2026-10-01T03:00:00-04:00,2026-10-07T23:59:59-04:00,8163664,31.25,$/L,120.0,True,,False,50.0,😐 Fair,No price history or cross-store data available for comparison.,Toothpaste,Household & Personal,Personal Care,claude_code,6.99,99.57,35.79,28,42.9,False,12.7,3,7,6.5,Real Canadian Superstore,False,58.9,100,96,Only if needed,13% below avg $35.79; #3 of 7 stores; 28 prior prices
Real Canadian Superstore,"HEALTHY CHOICE GOURMET OR SIMPLY STEAMERS ENTRÉES, 245-450 G",3.49,3.49,each,2026-10-01T03:00:00-04:00,2026-10-07T23:59:59-04:00,8163664,7.76,$/kg,450.0,True,,False,50.0,😐 Fair,No price history or cross-store data; $7.76/kg is typical for frozen single-serve entrées.,Steamer Entrée,Frozen,Meals/Entrees,claude_code,10.07,14.71,12.79,9,100.0,True,39.3,,1,,,False,82.5,100,74,Buy this week,39% below avg $12.79; Lowest seen; 9 prior prices
Real Canadian Superstore,MINI BRANDS MINI VINYLS CAPSULE SERIES 1,9.0,9.0,each,2026-10-01T03:00:00-04:00,2026-10-07T23:59:59-04:00,8163664,,,,True,no_history,False,50.0,😐 Fair,No price history or cross-store data available for comparison.,Mini Vinyls Capsule Toy,Other,General,claude_code,,,,0,,False,,,1,,,False,40.0,80,25,Skip,No price history
Real Canadian Superstore,"CHARMIN BATHROOM TISSUE, 24=96 MEGA ROLLS",22.99,22.99,each,2026-10-01T03:00:00-04:00,2026-10-07T23:59:59-04:00,8163664,,,,True,,False,50.0,😐 Fair,No price history or cross-store data available for comparison.,Bathroom Tissue,Household & Personal,Paper Products,claude_code,3.49,699.0,18.69,134,14.6,False,-23.0,7,7,6.99,Save-On-Foods,False,18.5,100,88,Skip,23% above average; 134 prior prices
Real Canadian Superstore,"NESTEA ICED TEA, 12X341 ML",7.49,7.49,each,2026-10-01T03:00:00-04:00,2026-10-07T23:59:59-04:00,8163664,1.83,$/L,4092.0,True,,False,39.0,⚠️ Below Average,Near average ($7.41),Iced Tea,Beverages,Tea,cached,1.71,4.23,2.22,20,70.0,False,17.6,,1,,,False,57.3,100,81,Only if needed,18% below avg $2.22; 20 prior prices; Unit price checked $/L
Real Canadian Superstore,"CHRISTIE CHIPS AHOY! OR OREO MINI COOKIES, 20's",9.49,9.49,each,2026-10-01T03:00:00-04:00,2026-10-07T23:59:59-04:00,8163664,0.47,$/each,20.0,True,,False,50.0,😐 Fair,No price history or cross-store data available for comparison.,Mini Cookies,Snacks,Cookies,claude_code,2.48,7.0,4.73,12,0.0,False,-100.7,,1,,,False,20.0,100,78,Skip,101% above average; 12 prior prices; Unit price checked $/each
Real Canadian Superstore,"Q-TIPS COTTON SWABS, 300-500'S",4.5,4.5,each,2026-10-01T03:00:00-04:00,2026-10-07T23:59:59-04:00,8163664,0.01,$/each,500.0,True,,False,50.0,😐 Fair,No price history or cross-store data available for comparison.,Cotton Swabs,Household & Personal,Personal Care,claude_code,3.97,4.5,4.24,8,0.0,False,-6.2,3,3,4.49,Sobeys,False,46.9,100,89,Skip,6% above average; #3 of 3 stores; 8 prior prices
Real Canadian Superstore,HALLOWEEN PILLOWS,14.0,14.0,each,2026-10-01T03:00:00-04:00,2026-10-07T23:59:59-04:00,8163664,,,,True,,False,50.0,😐 Fair,No price history or cross-store data available for comparison.,Halloween Pillow,Other,Seasonal,claude_code,10.5,429.99,100.9,5,80.0,False,86.1,,1,,,False,75.0,100,66,Compare first,86% below avg $100.90; 5 prior prices
Real Canadian Superstore,"LINDT SWISS CLASSIC OR LINDOR CHOCOLATE TABLET, 100 G",8.0,8.0,each,2026-10-01T03:00:00-04:00,2026-10-07T23:59:59-04:00,8163664,80.0,$/kg,100.0,True,,False,15.0,❌ Poor Value,Above average (usually $5.25),Lindt or Lindor Chocolate Bar,Snacks,Candy/Chocolate,cached,37.7,100.0,75.89,14,50.0,False,-5.4,,1,,,False,42.3,100,78,Skip,5% above average; 14 prior prices; Unit price checked $/kg
Real Canadian Superstore,F.A.O SCHWARZ ULTIMATE MAKEUP ARTIST PALETTE KIT,40.0,40.0,each,2026-10-01T03:00:00-04:00,2026-10-07T23:59:59-04:00,8163664,,,,True,no_history,False,50.0,😐 Fair,No price history or cross-store data available for comparison.,Makeup Artist Palette Kit (Toy),Other,General,claude_code,,,,0,,False,,,1,,,False,40.0,80,25,Skip,No price history
Real Canadian Superstore,"DARE BEAR PAWS FAMILY COOKIES, 336-490 G",4.99,4.99,each,2026-10-01T03:00:00-04:00,2026-10-07T23:59:59-04:00,8163664,10.18,$/kg,490.0,True,,False,50.0,😐 Fair,No price history or cross-store data; $10.18/kg is a typical family cookie price.,Bear Paws Cookies,Snacks,Cookies,claude_code,10.33,11.9,11.23,4,100.0,True,9.4,,1,,,False,61.6,100,70,Only if needed,9% below avg $11.23; Lowest seen; 4 prior prices
Real Canadian Superstore,"NO NAME® ALUMINUM FOIL, 50', PARCHMENT PAPER, 10 M OR PLASTIC WRAP, 60 M",2.5,2.5,each,2026-10-01T03:00:00-04:00,2026-10-07T23:59:59-04:00,8163664,,,,True,,False,50.0,😐 Fair,No price history or cross-store data available for comparison.,Aluminum Foil,Household & Personal,Paper Products,claude_code,1.5,8.99,5.91,12,91.7,False,57.7,2,2,2.0,No Frills,False,85.0,100,81,Buy this week,58% below avg $5.91; #2 of 2 stores; 12 prior prices
Real Canadian Superstore,"BIOTÈNE GEL, 42 G, TOOTHPASTE, 100 ML, MOUTHWASH, 473 ML OR SPRAY, 44 ML",14.5,14.5,each,2026-10-01T03:00:00-04:00,2026-10-07T23:59:59-04:00,8163664,,,,True,unit_price_outlier;no_history,False,50.0,😐 Fair,No price history or cross-store data available for comparison.,Dry Mouth Gel,Household & Personal,Health/Pharmacy,claude_code,,,,0,,False,,,1,,,False,40.0,45,0,Skip,No price history
Real Canadian Superstore,"MERCI FINEST SELECTION EUROPEAN CHOCOLATE, 200 G",7.0,7.0,each,2026-10-01T03:00:00-04:00,2026-10-07T23:59:59-04:00,8163664,35.0,$/kg,200.0,True,no_history,False,50.0,😐 Fair,No price history or cross-store data; $35.00/kg is standard for premium boxed chocolate.,Assorted European Chocolates,Snacks,Candy/Chocolate,claude_code,,,,0,,False,,,1,,,False,45.0,80,33,Skip,No price history; Unit price checked $/kg
Real Canadian Superstore,"DOWNY FABRIC SOFTENER, 2.76 L/4.16 L, SCENT BOOSTER, 598/680 G OR RINSE, 1.8 L",14.99,14.99,each,2026-10-01T03:00:00-04:00,2026-10-07T23:59:59-04:00,8163664,22.04,$/kg,680.0,True,,False,50.0,😐 Fair,No price history or cross-store data available for comparison.,Fabric Softener,Household & Personal,Laundry,claude_code,23.04,35.25,27.26,3,100.0,True,19.1,3,5,10.97,Walmart,False,73.4,100,85,Compare first,19% below avg $27.26; Lowest seen; #3 of 5 stores
Real Canadian Superstore,"LAVAZZA WHOLE BEAN COFFEE, 1KG",25.99,25.99,each,2026-10-01T03:00:00-04:00,2026-10-07T23:59:59-04:00,8163664,25.99,$/kg,1000.0,True,,False,50.0,😐 Fair,No price history or cross-store data; $25.99/kg is typical for premium whole bean coffee.,Whole Bean Coffee,Beverages,Coffee,claude_code,25.35,41.85,35.51,4,75.0,False,26.8,5,7,10.99,Save-On-Foods,True,58.8,100,85,Only if needed,27% below avg $35.51; 4 prior prices; Unit price checked $/kg
Real Canadian Superstore,"LAPID'S CHOICE FRIED PORK RINDS, 78 G",1.99,1.99,each,2026-10-01T03:00:00-04:00,2026-10-07T23:59:59-04:00,8163664,25.51,$/kg,78.0,True,,False,40.0,⚠️ Below Average,Standard pricing (no historical data),Fried Pork Rinds,Snacks,Chips/Pretzels,cached,24.1,39.29,32.49,4,75.0,False,21.5,,1,,,False,60.0,100,70,Only if needed,22% below avg $32.49; 4 prior prices; Unit price checked $/kg
Real Canadian Superstore,"PC® ICED TEA OR LEMONADE, 12X355 ML",5.75,5.75,each,2026-10-01T03:00:00-04:00,2026-10-07T23:59:59-04:00,8163664,1.35,$/L,4260.0,True,,False,50.0,😐 Fair,No price history or cross-store data; $1.35/L is a reasonable multi-pack price.,Iced Tea,Beverages,Tea,claude_code,1.71,4.23,2.22,20,100.0,True,39.2,,1,,,False,82.4,100,81,Buy this week,39% below avg $2.22; Lowest seen; 20 prior prices
Real Canadian Superstore,"PC® 100% JUICE, 8X200 ML",3.5,3.5,each,2026-10-01T03:00:00-04:00,2026-10-07T23:59:59-04:00,8163664,2.19,$/L,1600.0,True,,False,50.0,😐 Fair,No price history or cross-store data available for comparison.,100% Juice,Beverages,Juice,claude_code,1.59,3.31,2.53,31,72.6,False,13.3,,1,,,False,54.3,100,81,Only if needed,13% below avg $2.53; 31 prior prices; Unit price checked $/L
Real Canadian Superstore,"HUGGIES ECONO PACK DIAPERS, SIZE N-7, 60-200'S",35.0,35.0,each,2026-10-01T03:00:00-04:00,2026-10-07T23:59:59-04:00,8163664,0.17,$/each,200.0,True,,False,40.0,⚠️ Below Average,Near average ($35.00),Diapers,Household & Personal,nan,cached,0.17,0.39,0.23,10,80.0,True,27.4,1,3,0.17,Real Canadian Superstore,False,94.2,100,93,Stock up,27% below avg $0.23; Lowest seen; Cheapest of 3 stores
Real Canadian Superstore,"FEVER-TREE NON-ALCOHOLIC MIXERS, 750 ML",6.49,6.49,each,2026-10-01T03:00:00-04:00,2026-10-07T23:59:59-04:00,8163664,8.65,$/L,750.0,True,,False,50.0,😐 Fair,No price history or cross-store data; $8.65/L reflects premium mixer pricing.,Non-Alcoholic Mixer,Beverages,Soda/Pop,claude_code,8.0,9.33,8.49,4,25.0,False,-1.8,,1,,,False,44.1,100,70,Skip,4 prior prices; Unit price checked $/L
Real Canadian Superstore,"PAMPERS OR HUGGIES 9X/10X BABY WIPES, 504-600'S",20.0,20.0,each,2026-10-01T03:00:00-04:00,2026-10-07T23:59:59-04:00,8163664,0.03,$/each,600.0,True,,False,50.0,😐 Fair,LOWEST PRICE in 6 months (usually $20.00),Baby Wipes,Household & Personal,nan,cached,0.02,0.04,0.03,18,36.1,False,-8.0,2,2,0.03,Real Canadian Superstore,False,51.0,100,89,Only if needed,8% above average; #2 of 2 stores; 18 prior prices
Real Canadian Superstore,"DOLE PINEAPPLE, 398 ML",1.97,1.97,each,2026-10-01T03:00:00-04:00,2026-10-07T23:59:59-04:00,8163664,4.95,$/L,398.0,True,,False,60.0,😐 Fair,Best price across 2 stores,Pineapple,Pantry,nan,cached,3.86,12.99,5.86,16,100.0,True,66.4,1,2,4.95,Real Canadian Superstore,False,100.0,100,89,Stock up,66% below avg $5.86; Lowest seen; Cheapest of 2 stores
Real Canadian Superstore,"PALDO BOWL NOODLES, 86 G",1.49,1.49,each,2026-10-01T03:00:00-04:00,2026-10-07T23:59:59-04:00,8163664,17.33,$/kg,86.0,True,,False,40.0,⚠️ Below Average,Standard pricing (no historical data),Instant Bowl Noodles,Pantry,Soups,cached,3.12,41.06,9.15,15,6.7,False,-89.5,,1,,,False,20.0,100,78,Skip,90% above average; 15 prior prices; Unit price checked $/kg
Real Canadian Superstore,POLIDENT TABLETS TABLETS 96 COUNT OR POLIGRIP 62.4-70 G,8.0,8.0,each,2026-10-01T03:00:00-04:00,2026-10-07T23:59:59-04:00,8163664,114.29,$/kg,70.0,True,low_history,False,50.0,😐 Fair,No price history or cross-store data available for comparison.,Denture Cleaner Tablets,Household & Personal,Health/Pharmacy,claude_code,107.14,107.14,107.14,2,0.0,False,-6.7,,1,,,False,41.6,90,64,Skip,7% above average; Only 2 prior prices; Unit price checked $/kg
Real Canadian Superstore,"DABUR VATIKA SHAMPOO OR CONDITIONER, 400 ML",7.0,7.0,each,2026-10-01T03:00:00-04:00,2026-10-07T23:59:59-04:00,8163664,17.5,$/L,400.0,True,,False,50.0,😐 Fair,No price history or cross-store data available for comparison.,Shampoo,Household & Personal,Personal Care,claude_code,5.19,24.15,14.06,17,17.6,False,-24.5,2,2,6.67,Real Canadian Superstore,False,42.8,100,89,Skip,24% above average; #2 of 2 stores; 17 prior prices
Real Canadian Superstore,"PC FREE FROM SLICED MEATS, 175 G",7.5,7.5,each,2026-10-01T03:00:00-04:00,2026-10-07T23:59:59-04:00,8163664,42.86,$/kg,175.0,True,,False,50.0,😐 Fair,No price history or cross-store data; $42.86/kg is on the higher end for sliced deli meat.,Sliced Deli Meat,Other,Deli (Prepared),claude_code,21.43,60.0,31.93,5,20.0,False,-34.2,2,2,5.97,Walmart,False,37.9,100,85,Skip,34% above average; #2 of 2 stores; 5 prior prices
Real Canadian Superstore,HALLOWEEN ANIMATED FIGURES,79.0,79.0,each,2026-10-01T03:00:00-04:00,2026-10-07T23:59:59-04:00,8163664,,,,True,,False,50.0,😐 Fair,No price history or cross-store data available for comparison.,Halloween Animated Figure,Other,Seasonal,claude_code,5.49,79.98,26.02,16,6.2,False,-203.6,,1,,,False,15.0,100,70,Skip,204% above average; 16 prior prices
Real Canadian Superstore,"SANPELLEGRINO NATURALI, LIGHT OR CIAO! SPARKLING FRUIT BEVERAGES OR SPARKLING WATER, 6X330 ML",5.99,5.99,each,2026-10-01T03:00:00-04:00,2026-10-07T23:59:59-04:00,8163664,3.03,$/L,1980.0,True,,False,54.0,😐 Fair,5.4% below avg of $6.33 and matches the historical low of $5.99 (3 data points); no cross-store comparison available.,Sparkling Fruit Beverage,Beverages,Water,claude_code,3.03,3.28,3.12,8,62.5,True,3.0,,1,,,False,57.1,100,74,Only if needed,Lowest seen; 8 prior prices; Unit price checked $/L
Real Canadian Superstore,"PRINGLES SNACK STACK POTATO CHIPS PACK, 456 G",10.99,10.99,each,2026-10-01T03:00:00-04:00,2026-10-07T23:59:59-04:00,8163664,24.1,$/kg,456.0,True,,False,50.0,😐 Fair,No price history or cross-store data; $24.10/kg is standard for stacked chip packs.,Potato Chips,Snacks,Chips/Pretzels,claude_code,7.15,29.79,15.7,42,9.5,False,-53.5,10,12,2.5,Real Canadian Superstore,False,10.0,100,96,Skip,54% above average; 42 prior prices; Unit price checked $/kg
Real Canadian Superstore,"SWISS CHALET, THE KEG OR EAST SIDE MARIO'S SAUCE, GRAVY OR SEASONED MEAT, 20-52 G",1.5,1.5,each,2026-10-01T03:00:00-04:00,2026-10-07T23:59:59-04:00,8163664,28.85,$/kg,52.0,True,no_history,False,50.0,😐 Fair,No price history or cross-store data available for comparison.,Restaurant-Style Sauce Mix,Pantry,Sauces/Condiments,claude_code,,,,0,,False,,,1,,,False,45.0,80,33,Skip,No price history; Unit price checked $/kg
Real Canadian Superstore,"HERSHEY'S REESE'S ASSORTED CHOCOLATES, 1.18 KG",19.0,19.0,each,2026-10-01T03:00:00-04:00,2026-10-07T23:59:59-04:00,8163664,16.1,$/kg,1180.0,True,,False,50.0,😐 Fair,No price history or cross-store data; $16.10/kg is typical for a bulk chocolate assortment.,Assorted Chocolates,Snacks,Candy/Chocolate,claude_code,16.67,37.04,27.71,6,100.0,True,41.9,,1,,,False,84.3,100,74,Buy this week,42% below avg $27.71; Lowest seen; 6 prior prices
Real Canadian Superstore,"E.D. SMITH PURE PUMPKIN, 796 ML",4.79,4.79,each,2026-10-01T03:00:00-04:00,2026-10-07T23:59:59-04:00,8163664,6.02,$/L,796.0,True,no_history,False,50.0,😐 Fair,No price history or cross-store data available for comparison.,Pure Pumpkin Puree,Pantry,Canned Goods,claude_code,,,,0,,False,,,1,,,False,45.0,80,33,Skip,No price history; Unit price checked $/L
Real Canadian Superstore,"SHARPER IMAGE RC PORSCHE TAYCAN, 1:20 SCALE",45.0,45.0,each,2026-10-01T03:00:00-04:00,2026-10-07T23:59:59-04:00,8163664,,,,True,no_history,False,50.0,😐 Fair,No price history or cross-store data available for comparison.,RC Car Toy,Other,General,claude_code,,,,0,,False,,,1,,,False,40.0,80,25,Skip,No price history
Real Canadian Superstore,"SKYFLAKES M.Y. SAN CRACKERS, 800 G",6.29,6.29,each,2026-10-01T03:00:00-04:00,2026-10-07T23:59:59-04:00,8163664,7.86,$/kg,800.0,True,,False,50.0,😐 Fair,No price history or cross-store data available for comparison.,Crackers,Snacks,Crackers,claude_code,6.39,15.96,10.66,25,88.0,False,26.2,1,4,7.86,Real Canadian Superstore,False,83.3,100,96,Buy this week,26% below avg $10.66; Cheapest of 4 stores; 25 prior prices
Real Canadian Superstore,"HALDIRAM'S SNACKS, 90/150 G",6.0,6.0,each,2026-10-01T03:00:00-04:00,2026-10-07T23:59:59-04:00,8163664,40.0,$/kg,150.0,True,,False,53.0,😐 Fair,LOWEST PRICE in 6 months (usually $6.33),Snacks,Snacks,Chips/Pretzels,cached,5.87,78.12,21.21,16,15.6,False,-88.6,4,4,5.87,Real Canadian Superstore,False,10.0,100,93,Skip,89% above average; 16 prior prices; Unit price checked $/kg
Real Canadian Superstore,EMERGEN-C 18-45'S VITAMINS,12.21,12.21,each,2026-10-01T03:00:00-04:00,2026-10-07T23:59:59-04:00,8163664,0.27,$/each,45.0,True,,False,50.0,😐 Fair,No price history or cross-store data available for comparison.,Vitamin C Supplement,Household & Personal,Health/Pharmacy,claude_code,0.02,0.32,0.11,19,10.5,False,-152.7,,1,,,False,20.0,100,78,Skip,153% above average; 19 prior prices; Unit price checked $/each
Real Canadian Superstore,"ENFAGROW NUTRITIONAL SUPPLEMENT MILK-BASED POWDER, 907 G",37.0,37.0,each,2026-10-01T03:00:00-04:00,2026-10-07T23:59:59-04:00,8163664,40.79,$/kg,907.0,True,,False,50.0,😐 Fair,LOWEST PRICE in 6 months (usually $37.12),Nutritional Supplement Milk-Based Powder,Baby,nan,cached,40.79,41.9,41.16,3,50.0,True,0.9,,1,,,True,60.6,100,70,Only if needed,Lowest seen; 3 prior prices; Unit price checked $/kg
Real Canadian Superstore,"DAWN DISH DETERGENT, 431/502 ML",2.46,2.46,each,2026-10-01T03:00:00-04:00,2026-10-07T23:59:59-04:00,8163664,4.9,$/L,502.0,True,,False,50.0,😐 Fair,No price history or cross-store data available for comparison.,Dish Detergent,Household & Personal,Cleaning Supplies,claude_code,2.99,19.99,8.54,11,100.0,True,71.2,,1,,,False,90.0,100,78,Stock up,71% below avg $8.54; Lowest seen; 11 prior prices
Real Canadian Superstore,"LAVAZZA K-CUP PODS, 30'S/345 G",22.99,22.99,each,2026-10-01T03:00:00-04:00,2026-10-07T23:59:59-04:00,8163664,66.64,$/kg,345.0,True,low_history,False,50.0,😐 Fair,No price history or cross-store data; $66.64/kg is typical premium K-Cup pricing.,Coffee Pods,Beverages,Coffee,claude_code,21.51,45.74,33.62,2,0.0,False,-98.2,3,7,7.99,Real Canadian Superstore,False,25.0,90,79,Skip,98% above average; #3 of 7 stores; Only 2 prior prices
Real Canadian Superstore,"MEGA SARDINES IN TOMATO SAUCE, 155 G",0.99,0.99,each,2026-10-01T03:00:00-04:00,2026-10-07T23:59:59-04:00,8163664,6.39,$/kg,155.0,True,,False,40.0,⚠️ Below Average,Standard pricing (no historical data),Sardines in Tomato Sauce,Pantry,nan,cached,5.68,9.68,7.05,4,50.0,False,9.4,,1,,,False,51.6,100,70,Only if needed,9% below avg $7.05; 4 prior prices; Unit price checked $/kg
Real Canadian Superstore,"DOVE BODY WASH, 905/950 ML OR BAR SOAP, 12X106 G",12.99,12.99,each,2026-10-01T03:00:00-04:00,2026-10-07T23:59:59-04:00,8163664,10.21,$/kg,1272.0,True,,False,50.0,😐 Fair,No price history or cross-store data available for comparison.,Body Wash,Household & Personal,Personal Care,claude_code,5.56,86.54,32.81,17,64.7,False,68.9,4,6,3.97,Walmart,False,70.0,100,93,Compare first,69% below avg $32.81; 17 prior prices; Unit price checked $/kg
Real Canadian Superstore,"OLD EL PASO SEASONINGS, 24 G",0.98,0.98,each,2026-10-01T03:00:00-04:00,2026-10-07T23:59:59-04:00,8163664,40.83,$/kg,24.0,True,,False,50.0,😐 Fair,No price history or cross-store data available for comparison.,Taco Seasoning,Pantry,Spices/Oils,claude_code,1.0,2.29,1.86,3,100.0,True,47.3,,1,,,False,88.1,100,70,Buy this week,47% below avg $1.86; Lowest seen; 3 prior prices
Real Canadian Superstore,"MARCANGELO SLICED ITALIAN MEAT, 85 G",5.0,5.0,each,2026-10-01T03:00:00-04:00,2026-10-07T23:59:59-04:00,8163664,58.82,$/kg,85.0,True,,False,50.0,😐 Fair,No price history or cross-store data; $58.82/kg reflects premium deli meat pricing.,Sliced Italian Deli Meat,Other,Deli (Prepared),claude_code,8.56,88.24,30.95,62,13.7,False,-90.0,,1,,,False,20.0,100,81,Skip,90% above average; 62 prior prices; Unit price checked $/kg
Real Canadian Superstore,"SIMILAC GO & GROW TODDLER NUTRITION POWDER, MILK FLAVOUR, 850 G",29.0,29.0,each,2026-10-01T03:00:00-04:00,2026-10-07T23:59:59-04:00,8163664,34.12,$/kg,850.0,True,,False,50.0,😐 Fair,No price history or cross-store data available for comparison.,Toddler Nutrition Powder,Household & Personal,Baby,claude_code,32.94,53.75,41.57,9,77.8,False,17.9,,1,,,True,62.5,100,74,Only if needed,18% below avg $41.57; 9 prior prices; Unit price checked $/kg
Real Canadian Superstore,JOE FRESH,29.0,29.0,each,2026-10-01T03:00:00-04:00,2026-10-07T23:59:59-04:00,8163664,,,,True,,False,2.0,❌ Poor Value,53.7% above avg of $18.87 and near the historical high of $29.99 (8 data points).,Apparel Item,Other,General,claude_code,7.99,29.99,18.87,8,18.8,False,-53.7,,1,,,False,15.0,100,66,Skip,54% above average; 8 prior prices
Real Canadian Superstore,"PHILADELPHIA Cream Cheese Product, 227/250 g",3.97,3.97,each,2026-10-01T03:00:00-04:00,2026-10-07T23:59:59-04:00,8163664,15.88,$/kg,250.0,True,,False,60.0,😐 Fair,LOWEST PRICE in 6 months (usually $4.70),Cream Cheese,Dairy & Eggs,Cheese (Block),cached,12.0,17.45,14.87,17,41.2,False,-6.8,2,3,14.95,No Frills,True,56.6,100,93,Only if needed,7% above average; #2 of 3 stores; 17 prior prices
Real Canadian Superstore,CENTRUM 60-250'S VITAMINS,8.81,8.81,each,2026-10-01T03:00:00-04:00,2026-10-07T23:59:59-04:00,8163664,0.04,$/each,250.0,True,,False,45.0,😐 Fair,"No historical or cross-store data available; priced at $8.81 ($0.04/each), neutral score assigned.",Vitamins,Household & Personal,Health/Pharmacy,claude_code,4.76,20.82,14.04,5,80.0,False,37.3,1,3,8.81,Real Canadian Superstore,False,91.1,100,89,Stock up,37% below avg $14.04; Cheapest of 3 stores; 5 prior prices
Real Canadian Superstore,"NEW ZEALAND STEWING LAMB, 1.25 KG",31.0,31.0,each,2026-10-01T03:00:00-04:00,2026-10-07T23:59:59-04:00,8163664,24.8,$/kg,1250.0,True,,False,36.0,⚠️ Below Average,Near average ($29.00),New Zealand Stewing Lamb,Lamb,Stewing Lamb,cached,22.4,24.8,23.73,3,0.0,False,-4.5,,1,,,False,42.8,100,70,Skip,3 prior prices; Unit price checked $/kg
Real Canadian Superstore,"SEAQUEST SMOKED SALMON, 120 G",5.5,5.5,each,2026-10-01T03:00:00-04:00,2026-10-07T23:59:59-04:00,8163664,45.83,$/kg,120.0,True,,False,45.0,😐 Fair,"No historical or cross-store data available; priced at $5.50 ($45.83/kg), neutral score assigned.",Smoked Salmon,Seafood,Smoked/Cured,claude_code,73.33,80.0,75.55,3,100.0,True,39.3,,1,,,False,82.5,100,70,Buy this week,39% below avg $75.55; Lowest seen; 3 prior prices
Real Canadian Superstore,"TEMPTATIONS CAT TREATS, 454 G",5.99,5.99,each,2026-10-01T03:00:00-04:00,2026-10-07T23:59:59-04:00,8163664,13.19,$/kg,454.0,True,,False,39.0,⚠️ Below Average,Near average ($5.98),Temptations Cat Treats,Household & Personal,Pet Food/Supplies,cached,13.15,15.5,13.95,3,33.3,False,5.4,,1,,,False,48.8,100,70,Skip,5% below avg $13.95; 3 prior prices; Unit price checked $/kg
Real Canadian Superstore,"FARMER'S MARKET™ ENGLISH CUCUMBERS, 3'S",2.99,2.99,each,2026-10-01T03:00:00-04:00,2026-10-07T23:59:59-04:00,8163664,1.0,$/each,3.0,True,,False,68.0,😐 Fair,Slightly below avg ($3.39). Best price across 2 stores,Cucumbers (English),Produce,nan,cached,2.52,3.99,3.28,7,42.9,False,8.8,,1,,,False,51.2,100,74,Only if needed,9% below avg $3.28; 7 prior prices; Unit price checked $/each
Real Canadian Superstore,"NESCAFÉ TASTER'S CHOICE INSTANT COFFEE, 198 G",12.99,12.99,each,2026-10-01T03:00:00-04:00,2026-10-07T23:59:59-04:00,8163664,65.61,$/kg,198.0,True,,False,45.0,😐 Fair,"No historical or cross-store data available; priced at $12.99 ($65.61/kg), neutral score assigned.",Instant Coffee,Beverages,Coffee,claude_code,10.69,122.11,54.34,15,40.0,False,-20.7,5,5,8.49,Sobeys,True,29.6,100,93,Skip,21% above average; 15 prior prices; Unit price checked $/kg
Real Canadian Superstore,LIFE AT HOME™ 50 PACK FELT HANGERS,20.0,20.0,each,2026-10-01T03:00:00-04:00,2026-10-07T23:59:59-04:00,8163664,0.4,$/each,50.0,True,no_history,False,45.0,😐 Fair,"No historical or cross-store data available; priced at $20.00 ($0.40/each), neutral score assigned.",Felt Hangers,Other,General,claude_code,,,,0,,False,,,1,,,False,45.0,80,33,Skip,No price history; Unit price checked $/each
Real Canadian Superstore,PC® TEXTURED NON STICK COOKWARE SET,100.0,100.0,each,2026-10-01T03:00:00-04:00,2026-10-07T23:59:59-04:00,8163664,,,,True,,False,45.0,😐 Fair,"No historical or cross-store data available; priced at $100.00 flat, neutral score assigned.",Cookware Set,Other,General,claude_code,14.0,109.97,31.37,8,12.5,False,-218.8,,1,,,False,15.0,100,66,Skip,219% above average; 8 prior prices
Real Canadian Superstore,"ROYALE® BATHROOM TISSUE, 16=48 ROLLS",13.99,13.99,each,2026-10-01T03:00:00-04:00,2026-10-07T23:59:59-04:00,8163664,,,,True,,False,45.0,😐 Fair,"No historical or cross-store data available; priced at $13.99 for 48 rolls, neutral score assigned.",Bathroom Tissue,Household & Personal,Paper Products,claude_code,3.49,699.0,18.69,134,39.6,False,25.2,3,7,6.99,Save-On-Foods,False,62.6,100,88,Only if needed,25% below avg $18.69; #3 of 7 stores; 134 prior prices
Real Canadian Superstore,"KRAFT DINNER MACARONI & CHEESE, 200 G",1.25,1.25,each,2026-10-01T03:00:00-04:00,2026-10-07T23:59:59-04:00,8163664,6.25,$/kg,200.0,True,,False,85.0,🔥 Hot Deal,LOWEST PRICE in 6 months (usually $3.88),Macaroni & Cheese,Pantry,nan,cached,1.75,19.99,6.59,8,100.0,True,81.0,,1,,,True,95.0,100,74,Stock up,81% below avg $6.59; Lowest seen; 8 prior prices
Real Canadian Superstore,"BUSH'S BEST BEANS, 398 ML",1.84,1.84,each,2026-10-01T03:00:00-04:00,2026-10-07T23:59:59-04:00,8163664,4.62,$/L,398.0,True,,False,54.0,😐 Fair,LOWEST PRICE in 6 months (usually $1.96),Beans,Pantry,Canned Goods,cached,2.78,16.13,6.07,6,66.7,False,23.9,2,4,1.27,No Frills,False,71.7,100,89,Compare first,24% below avg $6.07; #2 of 4 stores; 6 prior prices
Real Canadian Superstore,"PILLSBURY CRESCENTS OR WIENER WRAPS, 200-227 G",1.74,1.74,each,2026-10-01T03:00:00-04:00,2026-10-07T23:59:59-04:00,8163664,7.67,$/kg,227.0,True,,False,56.0,😐 Fair,LOWEST PRICE in 6 months (usually $1.93),Pillsbury Crescents or Wiener Wraps,Bakery,Pastries/Donuts,cached,6.77,8.81,8.46,6,83.3,False,9.4,,1,,,False,51.6,100,74,Only if needed,9% below avg $8.46; 6 prior prices; Unit price checked $/kg
Real Canadian Superstore,"PILLSBURY PIZZA POPS, 2.85 KG",17.99,17.99,each,2026-10-01T03:00:00-04:00,2026-10-07T23:59:59-04:00,8163664,6.31,$/kg,2850.0,True,,False,45.0,😐 Fair,"No historical or cross-store data available; priced at $17.99 ($6.31/kg), neutral score assigned.",Pizza Pops,Frozen,Meals/Entrees,claude_code,7.88,8.64,8.13,3,100.0,True,22.4,,1,,,False,70.7,100,70,Compare first,22% below avg $8.13; Lowest seen; 3 prior prices
Real Canadian Superstore,"PC® DOUBLE CREAM BRIE, 450 G",12.0,12.0,each,2026-10-01T03:00:00-04:00,2026-10-07T23:59:59-04:00,8163664,26.67,$/kg,450.0,True,,False,40.0,⚠️ Below Average,Standard pricing (no historical data),Double Cream Brie,Dairy & Eggs,nan,cached,30.0,30.0,30.0,4,100.0,True,11.1,,1,,,False,62.8,100,70,Only if needed,11% below avg $30.00; Lowest seen; 4 prior prices
Real Canadian Superstore,"PC® BACON-WRAPPED STUFFED JALAPEÑO PEPPERS OR CHEESE STICKS, 225-454 G",9.0,9.0,each,2026-10-01T03:00:00-04:00,2026-10-07T23:59:59-04:00,8163664,19.82,$/kg,454.0,True,,False,40.0,⚠️ Below Average,Standard pricing (no historical data),Bacon-Wrapped Stuffed Jalapeño Peppers,Frozen,Meals/Entrees,cached,7.99,9.0,8.33,3,0.0,False,-8.1,,1,,,True,46.0,100,70,Skip,8% above average; 3 prior prices; Unit price checked $/kg
Real Canadian Superstore,WHOLE PINEAPPLE,4.97,4.97,each,2026-10-01T03:00:00-04:00,2026-10-07T23:59:59-04:00,8163664,,,,True,,False,46.0,⚠️ Below Average,Slightly below avg ($5.45),Pineapple,Produce,Fruit,cached,3.86,12.99,5.86,16,84.4,False,15.1,,1,,,False,50.6,100,70,Only if needed,15% below avg $5.86; 16 prior prices
Real Canadian Superstore,"PC® TORTILLA CHIPS, 320-350 G",2.5,2.5,each,2026-10-01T03:00:00-04:00,2026-10-07T23:59:59-04:00,8163664,7.14,$/kg,350.0,True,,False,51.0,😐 Fair,LOWEST PRICE in 6 months (usually $2.57),Tortilla Chips,Snacks,nan,cached,7.14,22.68,12.25,19,94.7,True,41.7,1,3,7.14,Real Canadian Superstore,False,100.0,100,93,Stock up,42% below avg $12.25; Lowest seen; Cheapest of 3 stores
Real Canadian Superstore,"PC® THE DECADENT™ CHOCOLATE CHIP OR CHUNKS, 226-300 G",5.0,5.0,each,2026-10-01T03:00:00-04:00,2026-10-07T23:59:59-04:00,8163664,16.67,$/kg,300.0,True,low_history,False,45.0,😐 Fair,"No historical or cross-store data available; priced at $5.00 ($16.67/kg), neutral score assigned.",Chocolate Chips,Pantry,Baking Supplies,claude_code,18.52,20.33,19.42,2,100.0,True,14.2,1,2,16.67,Real Canadian Superstore,False,84.9,90,75,Buy this week,14% below avg $19.42; Lowest seen; Cheapest of 2 stores
Real Canadian Superstore,"HOSTESS SNACK CAKES, 202/206 G",3.0,3.0,each,2026-10-01T03:00:00-04:00,2026-10-07T23:59:59-04:00,8163664,14.56,$/kg,206.0,True,,False,39.0,⚠️ Below Average,Near average ($2.96),Hostess Snack Cakes,Bakery,Desserts/Cakes,cached,8.48,21.6,12.82,12,16.7,False,-13.6,,1,,,False,38.2,100,78,Skip,14% above average; 12 prior prices; Unit price checked $/kg
Real Canadian Superstore,"NUTELLA HAZELNUT SPREAD, 1 KG",11.0,11.0,each,2026-10-01T03:00:00-04:00,2026-10-07T23:59:59-04:00,8163664,11.0,$/kg,1000.0,True,,False,45.0,😐 Fair,"No historical or cross-store data available; priced at $11.00 ($11.00/kg), neutral score assigned.",Hazelnut Spread,Pantry,Sauces/Condiments,claude_code,6.9,11.36,9.75,4,25.0,False,-12.8,3,3,5.49,Sobeys,False,43.6,100,85,Skip,13% above average; #3 of 3 stores; 4 prior prices
Real Canadian Superstore,"PC® PORK SAUSAGES, 375/500 G",6.5,6.5,each,2026-10-01T03:00:00-04:00,2026-10-07T23:59:59-04:00,8163664,13.0,$/kg,500.0,True,low_history,False,45.0,😐 Fair,"No historical or cross-store data available; priced at $6.50 ($13.00/kg), neutral score assigned.",Pork Sausages,Pork,Sausage (Fresh),claude_code,8.56,12.98,10.77,2,0.0,False,-20.7,,1,,,False,34.6,90,64,Skip,21% above average; Only 2 prior prices; Unit price checked $/kg
Real Canadian Superstore,"KOOL-AID JAMMERS, 10X180 ML, MIO, CRYSTAL LIGHT, KOOL-AID, TANG, COUNTRY TIME OR KRAFT LIQUID WATER ENHANCERS, 48 ML OR DRINK MIX, 22-45 G",3.5,3.5,each,2026-10-01T03:00:00-04:00,2026-10-07T23:59:59-04:00,8163664,1.94,$/L,1800.0,True,no_history,False,45.0,😐 Fair,"No historical or cross-store data available; priced at $3.50 ($1.94/L), neutral score assigned.",Fruit Drink Pouches,Beverages,Juice,claude_code,,,,0,,False,,,1,,,False,45.0,80,33,Skip,No price history; Unit price checked $/L
Real Canadian Superstore,"SNOW CRAB CLUSTERS, 5-8 OZ OR WHOLE COOKED LOBSTER",14.0,14.0,each,2026-10-01T03:00:00-04:00,2026-10-07T23:59:59-04:00,8163664,61.73,$/kg,226.796,True,,False,45.0,😐 Fair,"No historical or cross-store data available; priced at $14.00 ($61.73/kg), neutral score assigned.",Snow Crab Clusters,Seafood,Shellfish,claude_code,26.21,66.67,46.54,10,40.0,False,-32.6,,1,,,False,28.7,100,78,Skip,33% above average; 10 prior prices; Unit price checked $/kg
Real Canadian Superstore,"NO NAME® PICKLED ONIONS, OLIVES OR GHERKINS, 375 ML",2.49,2.49,each,2026-10-01T03:00:00-04:00,2026-10-07T23:59:59-04:00,8163664,6.64,$/L,375.0,True,low_history,False,45.0,😐 Fair,"No historical or cross-store data available; priced at $2.49 ($6.64/L), neutral score assigned.",Pickled Onions,Pantry,Sauces/Condiments,claude_code,7.98,7.98,7.98,2,100.0,True,16.8,,1,,,True,71.8,90,64,Compare first,17% below avg $7.98; Lowest seen; Only 2 prior prices
Real Canadian Superstore,"FARMER'S MARKET™ MINI CARROTS, 907 G",3.88,3.88,each,2026-10-01T03:00:00-04:00,2026-10-07T23:59:59-04:00,8163664,4.28,$/kg,907.0,True,,False,57.0,😐 Fair,LOWEST PRICE in 6 months (usually $4.33),Mini Carrots,Produce,Vegetables,cached,3.88,5.0,4.29,3,66.7,True,9.6,,1,,,False,61.7,100,70,Only if needed,10% below avg $4.29; Lowest seen; 3 prior prices
Real Canadian Superstore,"BUTTER FLAKY OR DINNER ROLLS, , 12'S",3.5,3.5,each,2026-10-01T03:00:00-04:00,2026-10-07T23:59:59-04:00,8163664,0.29,$/each,12.0,True,,False,45.0,😐 Fair,"No historical or cross-store data available; priced at $3.50 ($0.29/each), neutral score assigned.",Flaky Rolls,Bakery,Buns/Rolls,claude_code,3.99,4.0,4.0,4,100.0,True,12.4,,1,,,True,68.7,100,70,Only if needed,12% below avg $4.00; Lowest seen; 4 prior prices
Real Canadian Superstore,CELERY STALKS,1.99,1.99,each,2026-10-01T03:00:00-04:00,2026-10-07T23:59:59-04:00,8163664,,,,True,,False,45.0,😐 Fair,"No historical or cross-store data available; priced at $1.99 each, neutral score assigned.",Celery,Produce,Vegetables,claude_code,1.69,3.99,2.48,13,57.7,False,19.8,1,3,1.99,Real Canadian Superstore,False,73.9,100,85,Compare first,20% below avg $2.48; Cheapest of 3 stores; 13 prior prices
Real Canadian Superstore,"TIM HORTONS LOADED SOUP, 540 ML",3.49,3.49,each,2026-10-01T03:00:00-04:00,2026-10-07T23:59:59-04:00,8163664,6.46,$/L,540.0,True,,False,45.0,😐 Fair,"No historical or cross-store data available; priced at $3.49 ($6.46/L), neutral score assigned.",Loaded Soup,Pantry,Soups,claude_code,4.98,6.46,5.76,4,0.0,False,-12.3,,1,,,False,38.9,100,70,Skip,12% above average; 4 prior prices; Unit price checked $/L
Real Canadian Superstore,"BRUSSELS SPROUTS, 2 LB",5.0,5.0,each,2026-10-01T03:00:00-04:00,2026-10-07T23:59:59-04:00,8163664,5.51,$/kg,907.184,True,,False,45.0,😐 Fair,"No historical or cross-store data available; priced at $5.00 ($5.51/kg), neutral score assigned.",Brussels Sprouts,Produce,Vegetables,claude_code,2.49,3.99,3.26,13,0.0,False,-53.4,2,2,2.99,No Frills,False,30.0,100,89,Skip,53% above average; #2 of 2 stores; 13 prior prices
Real Canadian Superstore,GREEN ZUCCHINI,1.92,1.92,each,2026-10-01T03:00:00-04:00,2026-10-07T23:59:59-04:00,8163664,,,,True,,False,57.0,😐 Fair,LOWEST PRICE in 6 months (usually $2.16),Zucchini (Green),Produce,Vegetables,cached,1.92,2.49,2.17,12,79.2,True,11.6,,1,,,False,58.1,100,70,Only if needed,12% below avg $2.17; Lowest seen; 12 prior prices
Real Canadian Superstore,"STOVE TOP STUFFING MIX, 120 G",1.25,1.25,each,2026-10-01T03:00:00-04:00,2026-10-07T23:59:59-04:00,8163664,10.42,$/kg,120.0,True,no_history,False,65.0,😐 Fair,"No price history, but this is the best price ($1.25) across 2 stores tracked, adding +20 to the neutral base.",Stuffing Mix,Pantry,Pasta/Grains,claude_code,,,,0,,False,,1,2,10.42,Real Canadian Superstore,False,65.0,80,44,Only if needed,Cheapest of 2 stores; No price history; Unit price checked $/kg
Real Canadian Superstore,"PEDIGREE DENTASTIX, JUMBONE OR MARROBONE DOG TREATS, 500 G-1 KG",11.99,11.99,each,2026-10-01T03:00:00-04:00,2026-10-07T23:59:59-04:00,8163664,11.99,$/kg,1000.0,True,,False,30.0,⚠️ Below Average,"Priced at $11.99, 14.2% above the $10.50 historical average (min $10.00, max $11.00); not at the historical low.",Dog Treats,Household & Personal,Pet Food/Supplies,claude_code,4.41,43.75,20.12,6,66.7,False,40.4,2,3,7.98,Walmart,False,83.3,100,89,Buy this week,40% below avg $20.12; #2 of 3 stores; 6 prior prices
Real Canadian Superstore,"CHRISTIE CRISPERS VARIETY PACK, 18X28 G",14.5,14.5,each,2026-10-01T03:00:00-04:00,2026-10-07T23:59:59-04:00,8163664,28.77,$/kg,504.0,True,low_history,False,45.0,😐 Fair,"No historical or cross-store data available; priced at $14.50 ($28.77/kg), neutral score assigned.",Crackers Variety Pack,Snacks,Crackers,claude_code,19.82,29.74,24.78,2,50.0,False,-16.1,,1,,,False,37.0,90,64,Skip,16% above average; Only 2 prior prices; Unit price checked $/kg
Real Canadian Superstore,"KINDER SURPRISE, BUENO OR CHOCOLATE BARS OR MINI BARS, 60-145 G",5.0,5.0,each,2026-10-01T03:00:00-04:00,2026-10-07T23:59:59-04:00,8163664,34.48,$/kg,145.0,True,,False,45.0,😐 Fair,"No historical or cross-store data available; priced at $5.00 ($34.48/kg), neutral score assigned.",Chocolate Candy,Snacks,Candy/Chocolate,claude_code,24.95,150.0,50.8,7,28.6,False,32.1,,1,,,False,67.5,100,74,Only if needed,32% below avg $50.80; 7 prior prices; Unit price checked $/kg
Real Canadian Superstore,"SKITTLES OR STARBURST CANDY OR GUMMIES, 235-320 G",10.0,10.0,each,2026-10-01T03:00:00-04:00,2026-10-07T23:59:59-04:00,8163664,31.25,$/kg,320.0,True,,False,45.0,😐 Fair,"No historical or cross-store data available; priced at $10.00 ($31.25/kg), neutral score assigned.",Fruit Candy,Snacks,Candy/Chocolate,claude_code,13.83,31.25,19.41,12,0.0,False,-61.0,,1,,,False,20.0,100,78,Skip,61% above average; 12 prior prices; Unit price checked $/kg
Real Canadian Superstore,"COFFEEMATE COFFEE ENHANCER, 1.89 L",8.99,8.99,each,2026-10-01T03:00:00-04:00,2026-10-07T23:59:59-04:00,8163664,4.76,$/L,1890.0,True,,False,45.0,😐 Fair,"No historical or cross-store data available; priced at $8.99 ($4.76/L), neutral score assigned.",Coffee Creamer,Beverages,Coffee,claude_code,4.99,8.44,6.8,6,100.0,True,30.1,1,3,4.76,Real Canadian Superstore,True,100.0,100,89,Stock up,30% below avg $6.80; Lowest seen; Cheapest of 3 stores
Real Canadian Superstore,"NABOB GROUND COFFEE, 340 G",8.99,8.99,each,2026-10-01T03:00:00-04:00,2026-10-07T23:59:59-04:00,8163664,26.44,$/kg,340.0,True,,False,40.0,⚠️ Below Average,Standard pricing (no historical data),Nabob Ground Coffee,Beverages,Coffee,cached,9.99,19.99,13.28,7,100.0,True,32.3,,1,,,True,82.6,100,74,Buy this week,32% below avg $13.28; Lowest seen; 7 prior prices
Real Canadian Superstore,"VEEBA SAUCES, 300-400 G",4.0,4.0,each,2026-10-01T03:00:00-04:00,2026-10-07T23:59:59-04:00,8163664,10.0,$/kg,400.0,True,,False,52.0,😐 Fair,LOWEST PRICE in 6 months (usually $4.17),Sauces,Pantry,Sauces/Condiments,cached,10.0,11.25,10.42,3,50.0,True,4.0,1,2,4.0,Real Canadian Superstore,False,77.8,100,81,Buy this week,Lowest seen; Cheapest of 2 stores; 3 prior prices
Real Canadian Superstore,"PEPPERIDGE FARM FAMILY GOLDFISH CRACKERS, 504-750 G",8.99,8.99,each,2026-10-01T03:00:00-04:00,2026-10-07T23:59:59-04:00,8163664,11.99,$/kg,750.0,True,,False,45.0,😐 Fair,"No historical or cross-store data available; priced at $8.99 ($11.99/kg), neutral score assigned.",Cheese Crackers,Snacks,Crackers,claude_code,1.56,17.8,10.5,16,6.2,False,-14.2,,1,,,False,37.9,100,78,Skip,14% above average; 16 prior prices; Unit price checked $/kg
Real Canadian Superstore,STARFRIT THE ROCK 8 PIECE FORGED COOKWARE SET,120.0,120.0,each,2026-10-01T03:00:00-04:00,2026-10-07T23:59:59-04:00,8163664,,,,True,,False,45.0,😐 Fair,"No historical or cross-store data available; priced at $120.00 flat, neutral score assigned.",Cookware Set,Other,General,claude_code,15.0,119.97,65.9,12,0.0,False,-82.1,,1,,,False,15.0,100,70,Skip,82% above average; 12 prior prices
Real Canadian Superstore,"GIA OR QUALITY PRIYA BASMATI RICE, 8 LB",7.99,7.99,each,2026-10-01T03:00:00-04:00,2026-10-07T23:59:59-04:00,8163664,2.2,$/kg,3628.736,True,,False,45.0,😐 Fair,"No historical or cross-store data available; priced at $7.99 ($2.20/kg), neutral score assigned.",Basmati Rice,Pantry,Rice,claude_code,1.76,3.75,2.8,7,71.4,False,21.3,1,3,2.2,Real Canadian Superstore,True,84.9,100,89,Buy this week,21% below avg $2.80; Cheapest of 3 stores; 7 prior prices
Real Canadian Superstore,"ZINDA COUSCOUS, 600/907 G",3.0,3.0,each,2026-10-01T03:00:00-04:00,2026-10-07T23:59:59-04:00,8163664,3.31,$/kg,907.0,True,low_history,False,40.0,⚠️ Below Average,Standard pricing (no historical data),Couscous,Pantry,nan,cached,3.3,3.31,3.3,2,0.0,False,-0.2,,1,,,False,44.9,90,64,Skip,Only 2 prior prices; Unit price checked $/kg
Real Canadian Superstore,FRESH COHO SALMON FILLETS,12.0,12.0,each,2026-10-01T03:00:00-04:00,2026-10-07T23:59:59-04:00,8163664,,,,True,,False,45.0,😐 Fair,"No historical or cross-store data available; priced at $12.00 each, neutral score assigned.",Salmon Fillets (Coho),Seafood,Fish Fillets,claude_code,1.99,35.0,10.42,118,30.9,False,-15.1,,1,,,False,32.5,100,73,Skip,15% above average; 118 prior prices
Real Canadian Superstore,"CHOLULA HOT SAUCE, 150 ML",5.49,5.49,each,2026-10-01T03:00:00-04:00,2026-10-07T23:59:59-04:00,8163664,36.6,$/L,150.0,True,,False,60.0,😐 Fair,LOWEST PRICE in 6 months (usually $6.50),Hot Sauce,Pantry,nan,cached,5.38,43.33,13.04,7,14.3,False,-180.7,,1,,,False,20.0,100,74,Skip,181% above average; 7 prior prices; Unit price checked $/L
Real Canadian Superstore,CHICKEN WINGS,4.99,4.99,each,2026-10-01T03:00:00-04:00,2026-10-07T23:59:59-04:00,8163664,,,,True,,False,94.0,🔥 Hot Deal,"Priced at $4.99, 49.1% below the $9.81 historical average, and the best price among 6 stores tracked.",Chicken Wings,Poultry,Wings,claude_code,1.79,26.0,10.68,38,82.9,False,53.3,1,2,4.99,Real Canadian Superstore,False,95.0,100,84,Stock up,53% below avg $10.68; Cheapest of 2 stores; 38 prior prices
Real Canadian Superstore,PC® SPLENDIDO® PARMIGIANO REGGIANO CHEESE,5.0,5.0,each,2026-10-01T03:00:00-04:00,2026-10-07T23:59:59-04:00,8163664,,,,True,,False,45.0,😐 Fair,"No historical or cross-store data available; priced at $5.00 each, neutral score assigned.",Parmigiano Reggiano Cheese,Dairy & Eggs,Cheese (Block),claude_code,4.4,14.0,7.36,6,83.3,False,32.1,1,2,5.0,Real Canadian Superstore,True,87.5,100,77,Buy this week,32% below avg $7.36; Cheapest of 2 stores; 6 prior prices
Real Canadian Superstore,"BRANDT MINI HONEY MAPLE HAM, 750 G",12.0,12.0,each,2026-10-01T03:00:00-04:00,2026-10-07T23:59:59-04:00,8163664,16.0,$/kg,750.0,True,no_history,False,45.0,😐 Fair,"No historical or cross-store data available; priced at $12.00 ($16.00/kg), neutral score assigned.",Honey Maple Ham,Pork,Ham,claude_code,,,,0,,False,,,1,,,False,45.0,80,33,Skip,No price history; Unit price checked $/kg
Real Canadian Superstore,"COLGATE® PREVIDENT® TOOTHPASTE, 39 - 100 ML",14.0,14.0,each,2026-10-01T03:00:00-04:00,2026-10-07T23:59:59-04:00,8163664,140.0,$/L,100.0,True,,False,45.0,😐 Fair,"No historical or cross-store data available; priced at $14.00 ($140.00/L), neutral score assigned.",Toothpaste,Household & Personal,Personal Care,claude_code,6.99,99.57,35.79,28,0.0,False,-291.2,7,7,6.5,Real Canadian Superstore,False,10.0,100,96,Skip,291% above average; 28 prior prices; Unit price checked $/L
Real Canadian Superstore,"CREST GUM RESTORE PASTE, CREST SCOPE OUTLAST MOUTHWASH, 1 L",6.5,6.5,each,2026-10-01T03:00:00-04:00,2026-10-07T23:59:59-04:00,8163664,6.5,$/L,1000.0,True,,False,45.0,😐 Fair,"No historical or cross-store data available; priced at $6.50 ($6.50/L), neutral score assigned.",Toothpaste,Household & Personal,Personal Care,claude_code,6.99,99.57,35.79,28,100.0,True,81.8,1,7,6.5,Real Canadian Superstore,False,100.0,100,96,Stock up,82% below avg $35.79; Lowest seen; Cheapest of 7 stores
Real Canadian Superstore,COLGATE® UBER PREMIUM TOOTHPASTE 70 - 133 ML OR TOOTHBRUSHES,9.5,9.5,each,2026-10-01T03:00:00-04:00,2026-10-07T23:59:59-04:00,8163664,71.43,$/L,133.0,True,,False,45.0,😐 Fair,"No historical or cross-store data available; priced at $9.50 ($71.43/L), neutral score assigned.",Toothpaste,Household & Personal,Personal Care,claude_code,6.99,99.57,35.79,28,10.7,False,-99.6,5,7,6.5,Real Canadian Superstore,False,10.0,100,96,Skip,100% above average; 28 prior prices; Unit price checked $/L
Real Canadian Superstore,"ORAL-B PRO 300 ELECTRIC BRUSHES, ORAL-B BRUSH HEADS",18.99,18.99,each,2026-10-01T03:00:00-04:00,2026-10-07T23:59:59-04:00,8163664,,,,True,,False,45.0,😐 Fair,"No historical or cross-store data available; priced at $18.99 each, neutral score assigned.",Electric Toothbrush,Household & Personal,Personal Care,claude_code,3.99,99.97,18.74,30,33.3,False,-1.4,,1,,,False,39.3,100,73,Skip,30 prior prices
Real Canadian Superstore,"ROCKETS ASSORTED FLAVOUR CANDY ROLLS, 1 KG",10.0,10.0,each,2026-10-01T03:00:00-04:00,2026-10-07T23:59:59-04:00,8163664,10.0,$/kg,1000.0,True,low_history,False,45.0,😐 Fair,"No historical or cross-store data available; priced at $10.00 ($10.00/kg), neutral score assigned.",Candy Rolls,Snacks,Candy/Chocolate,claude_code,10.0,10.0,10.0,2,25.0,True,0.0,,1,,,False,55.0,90,64,Only if needed,Lowest seen; Only 2 prior prices; Unit price checked $/kg
Real Canadian Superstore,PC® COFFEE OR FRENCH PRESS,15.0,15.0,each,2026-10-01T03:00:00-04:00,2026-10-07T23:59:59-04:00,8163664,,,,True,,False,45.0,😐 Fair,"No historical or cross-store data available; priced at $15.00 flat, neutral score assigned.",Coffee,Beverages,Coffee,claude_code,7.49,25.99,15.83,56,50.0,False,5.3,2,5,10.99,Calgary Co-op,True,58.7,100,88,Only if needed,5% below avg $15.83; #2 of 5 stores; 56 prior prices
Real Canadian Superstore,GARNIER NUTRISSE HAIR COLOUR,10.0,10.0,each,2026-10-01T03:00:00-04:00,2026-10-07T23:59:59-04:00,8163664,,,,True,,False,61.0,😐 Fair,Slightly below avg ($10.16). Best price across 2 stores,Hair Colour,Household & Personal,nan,cached,6.0,16.99,11.51,21,61.9,False,13.2,3,5,6.5,Real Canadian Superstore,False,54.2,100,88,Only if needed,13% below avg $11.51; #3 of 5 stores; 21 prior prices
Real Canadian Superstore,"LIFE AT HOME® 8 HOUR TEALIGHTS, 50 PK",12.0,12.0,each,2026-10-01T03:00:00-04:00,2026-10-07T23:59:59-04:00,8163664,0.24,$/each,50.0,True,low_history,False,45.0,😐 Fair,"No historical or cross-store data available; priced at $12.00 ($0.24/each), neutral score assigned.",Tealight Candles,Other,General,claude_code,8.0,12.0,10.0,2,0.0,False,-20.0,,1,,,False,35.0,90,64,Skip,20% above average; Only 2 prior prices; Unit price checked $/each
Real Canadian Superstore,HIMALAYA HERBALS FACE CARE OR BODY CARE,3.28,3.28,each,2026-10-01T03:00:00-04:00,2026-10-07T23:59:59-04:00,8163664,,,,True,,False,45.0,😐 Fair,"No historical or cross-store data available; priced at $3.28 each, neutral score assigned.",Face Care,Household & Personal,Personal Care,claude_code,7.99,11.19,10.12,3,100.0,True,67.6,,1,,,False,85.0,100,62,Buy this week,68% below avg $10.12; Lowest seen; 3 prior prices
Real Canadian Superstore,"KJ DUMPLINGS, 380 G",3.99,3.99,each,2026-10-01T03:00:00-04:00,2026-10-07T23:59:59-04:00,8163664,10.5,$/kg,380.0,True,,False,45.0,😐 Fair,"No historical or cross-store data available; priced at $3.99 ($10.50/kg), neutral score assigned.",Dumplings,Frozen,Meals/Entrees,claude_code,7.55,13.21,9.96,10,40.0,False,-5.5,,1,,,False,42.2,100,78,Skip,6% above average; 10 prior prices; Unit price checked $/kg
Real Canadian Superstore,"ROYALE® FACIAL TISSUE, 6 PK.",6.99,6.99,each,2026-10-01T03:00:00-04:00,2026-10-07T23:59:59-04:00,8163664,1.17,$/each,6.0,True,,False,45.0,😐 Fair,"No historical or cross-store data available; priced at $6.99 ($1.17/each), neutral score assigned.",Facial Tissue,Household & Personal,Paper Products,claude_code,0.13,1.17,0.89,5,0.0,False,-31.2,1,2,6.99,Real Canadian Superstore,False,49.4,100,85,Skip,31% above average; Cheapest of 2 stores; 5 prior prices
Real Canadian Superstore,"COLGATE® PREMIUM TOOTHPASTE, 70 - 150 ML OR TOOTHBRUSHES",3.75,3.75,each,2026-10-01T03:00:00-04:00,2026-10-07T23:59:59-04:00,8163664,25.0,$/L,150.0,True,,False,45.0,⚠️ Below Average,No price history or cross-store data available; neutral score assigned.,Toothpaste,Household & Personal,Personal Care,claude_code,6.99,99.57,35.79,28,53.6,False,30.1,2,7,6.5,Real Canadian Superstore,False,76.1,100,96,Buy this week,30% below avg $35.79; #2 of 7 stores; 28 prior prices
Real Canadian Superstore,"ORAL-B GLIDE FLOSS PICKS, 150 CT CREST 3D WHITE DEEP STAIN REMOVER TOOTHPASTE DAZZLING MINT, 45 ML",8.0,8.0,each,2026-10-01T03:00:00-04:00,2026-10-07T23:59:59-04:00,8163664,177.78,$/L,45.0,True,no_history,False,45.0,⚠️ Below Average,No price history or cross-store data available; neutral score assigned.,Dental Floss Picks,Household & Personal,Personal Care,claude_code,,,,0,,False,,,1,,,False,45.0,80,33,Skip,No price history; Unit price checked $/L
Real Canadian Superstore,"LOU'S ENTRÉES PHILLY-STYLE SHAVED STEAK, 400g",10.0,10.0,each,2026-10-01T03:00:00-04:00,2026-10-07T23:59:59-04:00,8163664,25.0,$/kg,400.0,True,,False,40.0,⚠️ Below Average,Standard pricing (no historical data),Shaved Steak (Philly-Style),Frozen,nan,cached,22.5,25.0,23.75,4,12.5,False,-5.3,,1,,,False,42.4,100,70,Skip,5% above average; 4 prior prices; Unit price checked $/kg
Real Canadian Superstore,"MARIE MORIN CRÈME BRÛLÉE, SALTED CARAMEL CHEESECAKE OR CHOCOLATE GANACHE, 90 g - 103 g",6.0,6.0,each,2026-10-01T03:00:00-04:00,2026-10-07T23:59:59-04:00,8163664,66.67,$/kg,90.0,True,no_history,False,40.0,⚠️ Below Average,Standard pricing (no historical data),Crème brûlée,Frozen,nan,cached,,,,0,,False,,,1,,,True,50.0,80,33,Only if needed,No price history; Unit price checked $/kg
Real Canadian Superstore,"LOU'S ENTRÉES SHAVED BEEF AU JUS, 400 G",10.0,10.0,each,2026-10-01T03:00:00-04:00,2026-10-07T23:59:59-04:00,8163664,25.0,$/kg,400.0,True,,False,37.0,⚠️ Below Average,Near average ($9.50),Shaved Beef Au Jus,Beef,Other Beef,cached,22.5,26.67,24.13,5,20.0,False,-3.6,,1,,,False,43.2,100,74,Skip,5 prior prices; Unit price checked $/kg
Real Canadian Superstore,"PC® READY TO EAT POPCORN, 220/250 G",3.5,3.5,each,2026-10-01T03:00:00-04:00,2026-10-07T23:59:59-04:00,8163664,14.0,$/kg,250.0,True,,False,40.0,⚠️ Below Average,Standard pricing (no historical data),Ready to Eat Popcorn,Snacks,nan,cached,3.49,3.5,3.49,3,0.0,False,-0.2,,1,,,False,44.9,100,70,Skip,3 prior prices; Unit price checked $/kg
Real Canadian Superstore,"PC® SMOKED MUSSELS OR CLOVER LEAF SMOKED OYSTERS, 85 G",2.0,2.0,each,2026-10-01T03:00:00-04:00,2026-10-07T23:59:59-04:00,8163664,23.53,$/kg,85.0,True,no_history,False,45.0,⚠️ Below Average,No price history or cross-store data available; neutral score assigned.,Smoked Mussels,Seafood,Smoked/Cured,claude_code,,,,0,,False,,,1,,,False,45.0,80,33,Skip,No price history; Unit price checked $/kg
Real Canadian Superstore,"ROBERTSON'S MINCEMEAT, 635 ML",9.0,9.0,each,2026-10-01T03:00:00-04:00,2026-10-07T23:59:59-04:00,8163664,14.17,$/L,635.0,True,no_history,False,40.0,⚠️ Below Average,Standard pricing (no historical data),Mincemeat,Pantry,nan,cached,,,,0,,False,,,1,,,False,45.0,80,33,Skip,No price history; Unit price checked $/L
Real Canadian Superstore,"STRUB'S PICKLES, 1 L",5.99,5.99,each,2026-10-01T03:00:00-04:00,2026-10-07T23:59:59-04:00,8163664,5.99,$/L,1000.0,True,,False,45.0,⚠️ Below Average,No price history or cross-store data available; neutral score assigned.,Pickles,Pantry,Sauces/Condiments,claude_code,3.0,6.99,4.17,17,5.9,False,-43.6,2,2,3.99,Real Canadian Superstore,False,33.2,100,89,Skip,44% above average; #2 of 2 stores; 17 prior prices
Real Canadian Superstore,"GATORADE OR GATORADE FIERCE SPORTS DRINK, 710 ML",1.47,1.47,each,2026-10-01T03:00:00-04:00,2026-10-07T23:59:59-04:00,8163664,2.07,$/L,710.0,True,,False,45.0,⚠️ Below Average,No price history or cross-store data available; neutral score assigned.,Sports Drink,Beverages,Energy/Sports Drinks,claude_code,1.38,3.51,2.08,8,50.0,False,0.4,,1,,,False,45.3,100,74,Skip,8 prior prices; Unit price checked $/L
Real Canadian Superstore,"BUBLY SPARKLING WATER, 12X355 ML",5.99,5.99,each,2026-10-01T03:00:00-04:00,2026-10-07T23:59:59-04:00,8163664,1.41,$/L,4260.0,True,,False,38.0,⚠️ Below Average,"$5.99 is 2.2% above the $5.86 avg (range $5.47-$6.50, 4 data points); not the best price seen.",Sparkling Water,Beverages,Water,claude_code,1.23,6.01,2.02,20,50.0,False,30.2,2,4,1.17,Real Canadian Superstore,False,76.1,100,96,Buy this week,30% below avg $2.02; #2 of 4 stores; 20 prior prices
Real Canadian Superstore,"FRIED TORTILLA CHIPS, 440G",8.0,8.0,each,2026-10-01T03:00:00-04:00,2026-10-07T23:59:59-04:00,8163664,18.18,$/kg,440.0,True,,False,45.0,⚠️ Below Average,No price history or cross-store data available; neutral score assigned.,Tortilla Chips,Snacks,Chips/Pretzels,claude_code,7.14,22.68,12.25,19,5.3,False,-48.4,3,3,7.14,Real Canadian Superstore,False,25.8,100,93,Skip,48% above average; #3 of 3 stores; 19 prior prices
Real Canadian Superstore,ZURU MINI BRANDS REALLY WORKS VINYL PLAYSET SERIES 1,25.0,25.0,each,2026-10-01T03:00:00-04:00,2026-10-07T23:59:59-04:00,8163664,,,,True,no_history,False,45.0,⚠️ Below Average,No price history or cross-store data available; neutral score assigned.,Mini Toy Playset,Other,General,claude_code,,,,0,,False,,,1,,,False,40.0,80,25,Skip,No price history
Real Canadian Superstore,"EVERYDAY ESSENTIALS™ NON-STICK COOKWARE SET, 8-PIECE",44.0,44.0,each,2026-10-01T03:00:00-04:00,2026-10-07T23:59:59-04:00,8163664,,,,True,,False,45.0,⚠️ Below Average,No price history or cross-store data available; neutral score assigned.,Non-Stick Cookware Set,Other,General,claude_code,9.0,10.0,9.75,4,0.0,False,-351.3,,1,,,False,15.0,100,62,Skip,351% above average; 4 prior prices
Real Canadian Superstore,ASIAN YELLOW PEARS,1.98,1.98,each,2026-10-01T03:00:00-04:00,2026-10-07T23:59:59-04:00,8163664,,,,True,,False,20.0,❌ Poor Value,Above average (usually $1.43),Pears (Asian Yellow),Produce,Fruit,cached,0.98,1.98,1.61,3,0.0,False,-22.7,,1,,,False,28.6,100,62,Skip,23% above average; 3 prior prices
Real Canadian Superstore,GRADE A DUCK,4.49,4.49,each,2026-10-01T03:00:00-04:00,2026-10-07T23:59:59-04:00,8163664,,,,True,,False,48.0,⚠️ Below Average,"$4.49 is 11.6% below the $5.08 avg (range $3.88-$5.88, 13 data points), but not at the historical low of $3.88.",Duck (Whole),Poultry,Whole Chicken,claude_code,3.88,5.88,5.01,18,72.2,False,10.3,,1,,,False,47.2,100,70,Skip,10% below avg $5.01; 18 prior prices
Real Canadian Superstore,PC® LIVE LETTUCE,2.99,2.99,each,2026-10-01T03:00:00-04:00,2026-10-07T23:59:59-04:00,8163664,,,,True,,False,34.0,⚠️ Below Average,"$2.99 is 8.3% above the $2.76 avg (range $2.49-$3.00, 5 data points).",Lettuce (Live),Produce,Vegetables,claude_code,2.49,35.0,14.37,13,61.5,False,79.2,,1,,,True,80.0,100,70,Buy this week,79% below avg $14.37; 13 prior prices
Real Canadian Superstore,"PC® STELLA BELLA GREEN OR SWEET CELEBRATION RED SEEDLESS GRAPES, 2 LB",8.0,8.0,each,2026-10-01T03:00:00-04:00,2026-10-07T23:59:59-04:00,8163664,8.82,$/kg,907.184,True,,False,54.0,😐 Fair,$8.00 is 5.9% below the $8.50 avg and matches the historical low of $8.00 (2 data points).,"Grapes (Seedless, Green)",Produce,Fruit,claude_code,8.82,9.92,9.37,4,62.5,True,5.9,,1,,,False,59.1,100,70,Only if needed,6% below avg $9.37; Lowest seen; 4 prior prices
Real Canadian Superstore,"PC MIXED NUTS OR CASHEWS, 1.13 KG",22.98,22.98,each,2026-10-01T03:00:00-04:00,2026-10-07T23:59:59-04:00,8163664,20.34,$/kg,1130.0,True,,False,45.0,⚠️ Below Average,No price history or cross-store data available; neutral score assigned.,Mixed Nuts,Snacks,Nuts/Seeds,claude_code,2.39,8.99,5.84,4,0.0,False,-293.5,2,2,2.29,Save-On-Foods,False,30.0,100,81,Skip,294% above average; #2 of 2 stores; 4 prior prices
Real Canadian Superstore,"SAPUTO PARMESAN, ROMANO OR PIACENZA SHREDS, 125-170 G",5.0,5.0,each,2026-10-01T03:00:00-04:00,2026-10-07T23:59:59-04:00,8163664,29.41,$/kg,170.0,True,no_history,False,45.0,⚠️ Below Average,No price history or cross-store data available; neutral score assigned.,Parmesan Cheese (Shredded),Dairy & Eggs,Cheese (Shredded/Sliced),claude_code,,,,0,,False,,,1,,,False,45.0,80,33,Skip,No price history; Unit price checked $/kg
Real Canadian Superstore,"WILDLY DELICIOUS JELLY, 185 ML",7.5,7.5,each,2026-10-01T03:00:00-04:00,2026-10-07T23:59:59-04:00,8163664,40.54,$/L,185.0,True,no_history,False,45.0,⚠️ Below Average,No price history or cross-store data available; neutral score assigned.,Jelly,Pantry,Sauces/Condiments,claude_code,,,,0,,False,,,1,,,False,45.0,80,33,Skip,No price history; Unit price checked $/L
Real Canadian Superstore,"GUINNESS NON-ALCOHOLIC DRAUGHT BEER, 4X440 ML",10.0,10.0,each,2026-10-01T03:00:00-04:00,2026-10-07T23:59:59-04:00,8163664,5.68,$/L,1760.0,True,,False,45.0,⚠️ Below Average,No price history or cross-store data available; neutral score assigned.,Non-Alcoholic Draught Beer,Other,General,claude_code,3.75,6.81,5.06,12,12.5,False,-12.2,,1,,,False,38.9,100,78,Skip,12% above average; 12 prior prices; Unit price checked $/L
Real Canadian Superstore,"CREST 3D WHITE TOOTHPASTE, WHITESTRIPS OR MOUTHWASH",9.0,9.0,each,2026-10-01T03:00:00-04:00,2026-10-07T23:59:59-04:00,8163664,,,,True,,False,45.0,⚠️ Below Average,No price history or cross-store data available; neutral score assigned.,Toothpaste,Household & Personal,Personal Care,claude_code,1.0,14.98,5.3,85,3.5,False,-70.0,,1,,,False,15.0,100,73,Skip,70% above average; 85 prior prices
Real Canadian Superstore,"HORMEL DELI TRAY WITH PEPPERONI AND GENOA SALAMI, 850 G",23.0,23.0,each,2026-10-01T03:00:00-04:00,2026-10-07T23:59:59-04:00,8163664,27.06,$/kg,850.0,True,no_history,False,45.0,⚠️ Below Average,No price history or cross-store data available; neutral score assigned.,Deli Meat Tray (Pepperoni & Salami),Other,Deli (Prepared),claude_code,,,,0,,False,,,1,,,False,45.0,80,33,Skip,No price history; Unit price checked $/kg
Real Canadian Superstore,"LESLEY STOWE'S RAINCOAST CRISPS, 150 G OR DELI SNACKING TRAY, 340-400 G",7.0,7.0,each,2026-10-01T03:00:00-04:00,2026-10-07T23:59:59-04:00,8163664,46.67,$/kg,150.0,True,,False,35.0,⚠️ Below Average,"$7.00 is 7.7% above the $6.50 avg (range $6.00-$7.00, 3 data points).",Raincoast Crisps,Snacks,Crackers,claude_code,5.99,8.49,7.74,4,75.0,False,9.6,2,2,6.99,Calgary Co-op,False,61.7,100,81,Only if needed,10% below avg $7.74; #2 of 2 stores; 4 prior prices
Real Canadian Superstore,"BELLA CASARA BURRATA, 250 G",12.0,12.0,each,2026-10-01T03:00:00-04:00,2026-10-07T23:59:59-04:00,8163664,48.0,$/kg,250.0,True,low_history,False,45.0,⚠️ Below Average,No price history or cross-store data available; neutral score assigned.,Burrata Cheese,Dairy & Eggs,Cheese (Block),claude_code,11.49,11.49,11.49,2,0.0,False,-4.4,,1,,,False,42.8,90,64,Skip,Only 2 prior prices; Unit price checked $/kg
Real Canadian Superstore,"RED BULL ENERGY DRINK, 4X250 ML",10.47,10.47,each,2026-10-01T03:00:00-04:00,2026-10-07T23:59:59-04:00,8163664,10.47,$/L,1000.0,True,,False,40.0,⚠️ Below Average,Standard pricing (no historical data),Energy Drink,Beverages,nan,cached,5.24,8.37,7.33,4,0.0,False,-42.8,3,3,7.49,Sobeys,False,28.6,100,85,Skip,43% above average; #3 of 3 stores; 4 prior prices
Real Canadian Superstore,"T&T KOREAN ROASTED SEAWEED LAYER, 15 G",1.49,1.49,each,2026-10-01T03:00:00-04:00,2026-10-07T23:59:59-04:00,8163664,99.33,$/kg,15.0,True,,False,45.0,⚠️ Below Average,No price history or cross-store data available; neutral score assigned.,Roasted Seaweed Snack,Snacks,Chips/Pretzels,claude_code,8.35,200.0,81.19,4,25.0,False,-22.3,,1,,,False,33.9,100,70,Skip,22% above average; 4 prior prices; Unit price checked $/kg
Real Canadian Superstore,"PAMPERS BABY DRY, SWADDLERS OR CRUISERS 360° DIAPERS, SIZE N-8, 58-200'S",35.0,35.0,each,2026-10-01T03:00:00-04:00,2026-10-07T23:59:59-04:00,8163664,0.17,$/each,200.0,True,,False,45.0,⚠️ Below Average,No price history or cross-store data available; neutral score assigned.,Diapers,Household & Personal,Baby,claude_code,0.17,0.39,0.23,10,80.0,True,27.4,2,3,0.17,Real Canadian Superstore,False,84.2,100,93,Buy this week,27% below avg $0.23; Lowest seen; #2 of 3 stores
Real Canadian Superstore,"CHRISTIE CRISPERS OR BITS & BITES, 145 G",2.0,2.0,each,2026-10-01T03:00:00-04:00,2026-10-07T23:59:59-04:00,8163664,13.79,$/kg,145.0,True,low_history,False,75.0,✅ Good Buy,61% below 6-month avg of $5.08,Crispers,Snacks,nan,cached,48.28,48.28,48.28,2,100.0,True,71.4,,1,,,False,90.0,90,64,Buy this week,71% below avg $48.28; Lowest seen; Only 2 prior prices
Real Canadian Superstore,EVERYDAY ESSENTIALS® 12 CUP COFFEE MAKER BLACK,30.0,30.0,each,2026-10-01T03:00:00-04:00,2026-10-07T23:59:59-04:00,8163664,,,,True,,False,45.0,⚠️ Below Average,No price history or cross-store data available; neutral score assigned.,Coffee Maker (12 Cup),Other,General,claude_code,19.98,89.98,45.7,7,57.1,False,34.4,,1,,,True,69.1,100,66,Only if needed,34% below avg $45.70; 7 prior prices
Real Canadian Superstore,"NESTLÉ COFFEE MATE WHITENER, 425/450 G",5.49,5.49,each,2026-10-01T03:00:00-04:00,2026-10-07T23:59:59-04:00,8163664,12.2,$/kg,450.0,True,,False,45.0,⚠️ Below Average,No price history or cross-store data available; neutral score assigned.,Coffee Whitener/Creamer,Beverages,Coffee,claude_code,13.33,13.33,13.33,4,100.0,True,8.5,,1,,,True,66.0,100,70,Only if needed,8% below avg $13.33; Lowest seen; 4 prior prices
Real Canadian Superstore,POND'S FACE MOISTURIZER,7.99,7.99,each,2026-10-01T03:00:00-04:00,2026-10-07T23:59:59-04:00,8163664,,,,True,,False,45.0,⚠️ Below Average,No price history or cross-store data available; neutral score assigned.,Face Moisturizer,Household & Personal,Personal Care,claude_code,4.29,11.79,7.94,6,50.0,False,-0.6,,1,,,False,39.7,100,66,Skip,6 prior prices
Real Canadian Superstore,"BUCKLEY'S COLD & SINUS LIQUID GELS, 24'S OR COUGH SYRUPS, 150-200 ML",12.79,12.79,each,2026-10-01T03:00:00-04:00,2026-10-07T23:59:59-04:00,8163664,63.95,$/L,200.0,True,no_history,False,45.0,⚠️ Below Average,No price history or cross-store data available; neutral score assigned.,Cold & Sinus Liquid Gels,Household & Personal,Health/Pharmacy,claude_code,,,,0,,False,,,1,,,False,45.0,80,33,Skip,No price history; Unit price checked $/L
Real Canadian Superstore,"FARMER'S MARKET™ SQUARES, 400/450 G",7.0,7.0,each,2026-10-01T03:00:00-04:00,2026-10-07T23:59:59-04:00,8163664,15.56,$/kg,450.0,True,,False,50.0,😐 Fair,$7.00 here is not the best price; No Frills has it cheaper at $5.50 across 2 stores compared.,Dessert Squares,Bakery,Desserts/Cakes,claude_code,3.99,8.99,6.99,3,66.7,False,-0.1,2,2,12.22,No Frills,False,55.0,100,81,Only if needed,#2 of 2 stores; 3 prior prices; Unit price checked $/kg
Real Canadian Superstore,"PC® GOAT CHEESE HOT DOGS, 300 G",8.0,8.0,each,2026-10-01T03:00:00-04:00,2026-10-07T23:59:59-04:00,8163664,26.67,$/kg,300.0,True,,False,45.0,⚠️ Below Average,No price history or cross-store data available; neutral score assigned.,Goat Cheese Hot Dogs,Pork,Other Pork,claude_code,10.64,30.0,24.33,4,50.0,False,-9.6,,1,,,True,45.2,100,70,Skip,10% above average; 4 prior prices; Unit price checked $/kg
Real Canadian Superstore,"STONEMILL BREAD 454/550 G OR NATURAL BAKERY RYE BREAD, 900 G",4.5,4.5,each,2026-10-01T03:00:00-04:00,2026-10-07T23:59:59-04:00,8163664,8.18,$/kg,550.0,True,,False,45.0,⚠️ Below Average,No price history or cross-store data available; neutral score assigned.,Bread,Bakery,Bread,claude_code,3.67,12.96,6.24,17,29.4,False,-31.0,3,4,4.44,No Frills,True,39.5,100,93,Skip,31% above average; #3 of 4 stores; 17 prior prices
Real Canadian Superstore,"ALL CLUB HOUSE OR MCCORMICK DRY GRAVY MIX OR SPICES, 58-312 G, FOOD COLOURS OR EXTRACTS, 28-250 ML",3.5,3.5,each,2026-10-01T03:00:00-04:00,2026-10-07T23:59:59-04:00,8163664,11.22,$/kg,312.0,True,no_history,False,45.0,⚠️ Below Average,No price history or cross-store data available; neutral score assigned.,Dry Gravy Mix,Pantry,Spices/Oils,claude_code,,,,0,,False,,,1,,,False,45.0,80,33,Skip,No price history; Unit price checked $/kg
Real Canadian Superstore,NO NAME NATURALLY IMPERFECT™ SWEET PEPPERS,6.0,6.0,each,2026-10-01T03:00:00-04:00,2026-10-07T23:59:59-04:00,8163664,,,,True,,False,45.0,⚠️ Below Average,No price history or cross-store data available; neutral score assigned.,Sweet Peppers,Produce,Vegetables,claude_code,2.99,7.49,6.32,12,50.0,False,5.1,2,2,4.99,No Frills,False,53.6,100,81,Only if needed,5% below avg $6.32; #2 of 2 stores; 12 prior prices
Real Canadian Superstore,"ASIAN INSPIRATIONS ENTREES OR MULDOON'S BONELESS PORK BITES, 400 G",5.5,5.5,each,2026-10-01T03:00:00-04:00,2026-10-07T23:59:59-04:00,8163664,13.75,$/kg,400.0,True,,False,45.0,⚠️ Below Average,No price history or cross-store data available; neutral score assigned.,Asian Entree,Frozen,Meals/Entrees,claude_code,12.47,15.0,13.94,8,50.0,False,1.4,,1,,,False,46.0,100,74,Skip,8 prior prices; Unit price checked $/kg
Real Canadian Superstore,"ARMSTRONG SNACKS OR COMBOS 190-210 G OR HELUVA GOOD! DIPS, 250 G",4.0,4.0,each,2026-10-01T03:00:00-04:00,2026-10-07T23:59:59-04:00,8163664,19.05,$/kg,210.0,True,low_history,False,45.0,⚠️ Below Average,No price history or cross-store data available; neutral score assigned.,Cheese Snacks,Snacks,Crackers,claude_code,21.43,24.12,22.78,2,100.0,True,16.4,1,2,4.0,Real Canadian Superstore,False,86.5,90,75,Buy this week,16% below avg $22.78; Lowest seen; Cheapest of 2 stores
Real Canadian Superstore,"TASSIMO MAXWELL HOUSE, NABOB OR CARTE NOIRE Y-DISCS, 8-16'S",7.99,7.99,each,2026-10-01T03:00:00-04:00,2026-10-07T23:59:59-04:00,8163664,0.5,$/each,16.0,True,,False,45.0,⚠️ Below Average,No price history or cross-store data available; neutral score assigned.,Coffee Pods,Beverages,Coffee,claude_code,0.34,0.81,0.59,4,75.0,False,14.9,1,7,7.99,Real Canadian Superstore,False,75.4,100,85,Compare first,15% below avg $0.59; Cheapest of 7 stores; 4 prior prices
Real Canadian Superstore,"SURAJ SPICES, 50-400 G",2.5,2.5,each,2026-10-01T03:00:00-04:00,2026-10-07T23:59:59-04:00,8163664,6.25,$/kg,400.0,True,,False,45.0,⚠️ Below Average,No price history or cross-store data available; neutral score assigned.,Spices,Pantry,Spices/Oils,claude_code,1.0,4.97,3.65,6,66.7,False,31.4,,1,,,False,67.0,100,74,Only if needed,31% below avg $3.65; 6 prior prices; Unit price checked $/kg
Real Canadian Superstore,T&T RAW OR COOKED PACIFIC WHITE SHRIMP 300/400 G OR SILVERSIDE SMELTS 454 G,6.0,6.0,each,2026-10-01T03:00:00-04:00,2026-10-07T23:59:59-04:00,8163664,15.0,$/kg,400.0,True,no_history,False,45.0,⚠️ Below Average,No price history or cross-store data available; neutral score assigned.,Shrimp (Pacific White),Seafood,Shrimp/Prawns,claude_code,,,,0,,False,,,1,,,False,45.0,80,33,Skip,No price history; Unit price checked $/kg
Real Canadian Superstore,"T&T MONTHONG DURIAN PULP, 454 G",10.99,10.99,each,2026-10-01T03:00:00-04:00,2026-10-07T23:59:59-04:00,8163664,24.21,$/kg,454.0,True,,False,53.0,😐 Fair,$10.99 is 4.4% below the $11.49 avg and matches the historical low of $10.99 (2 data points).,Durian Pulp,Frozen,Fruit/Vegetables,claude_code,24.21,28.61,25.86,4,62.5,True,6.4,,1,,,False,59.5,100,70,Only if needed,6% below avg $25.86; Lowest seen; 4 prior prices
Real Canadian Superstore,"EVERY MAN JACK 2 IN 1 SHAMPOO + CONDITIONER, 473ML",10.0,10.0,each,2026-10-01T03:00:00-04:00,2026-10-07T23:59:59-04:00,8163664,21.14,$/L,473.0,True,low_history,False,50.0,😐 Fair,$10.00 matches the $10.00 avg and historical low across 2 data points; steady pricing.,Shampoo + Conditioner (2-in-1),Household & Personal,Personal Care,claude_code,21.14,21.14,21.14,2,25.0,True,0.0,,1,,,False,55.0,90,64,Only if needed,Lowest seen; Only 2 prior prices; Unit price checked $/L
Real Canadian Superstore,PC® MANGO ROUND TRAY,25.0,25.0,each,2026-10-01T03:00:00-04:00,2026-10-07T23:59:59-04:00,8163664,,,,True,,False,40.0,⚠️ Below Average,Standard pricing (no historical data),Mango Round Tray,Produce,nan,cached,2.0,22.0,11.33,45,0.0,False,-120.6,,1,,,False,15.0,100,73,Skip,121% above average; 45 prior prices
Real Canadian Superstore,HALLOWEEN WREATHS,29.0,29.0,each,2026-10-01T03:00:00-04:00,2026-10-07T23:59:59-04:00,8163664,,,,True,low_history,False,45.0,⚠️ Below Average,No price history or cross-store data available; neutral score assigned.,Halloween Wreath,Other,Seasonal,claude_code,29.0,29.0,29.0,2,25.0,True,0.0,,1,,,False,50.0,90,56,Only if needed,Lowest seen; Only 2 prior prices
Real Canadian Superstore,"ADVIL COLD & SINUS SMALL-SIZE, 16-20'S",9.99,9.99,each,2026-10-01T03:00:00-04:00,2026-10-07T23:59:59-04:00,8163664,0.5,$/each,20.0,True,low_history,False,45.0,⚠️ Below Average,No price history or cross-store data available; neutral score assigned.,Cold & Sinus Tablets,Household & Personal,Health/Pharmacy,claude_code,10.0,13.59,11.8,2,100.0,True,15.3,,1,,,False,65.7,90,64,Only if needed,15% below avg $11.80; Lowest seen; Only 2 prior prices
Real Canadian Superstore,NEOCITRAN COUGH COLD PRODUCT 10 SINGLE DOSE POUCHES (POWDER),12.39,12.39,each,2026-10-01T03:00:00-04:00,2026-10-07T23:59:59-04:00,8163664,,,,True,no_history,False,50.0,😐 Fair,No pricing history available for comparison,Cold & Flu Relief Powder Packets,Household & Personal,Health/Pharmacy,claude_code,,,,0,,False,,,1,,,False,40.0,80,25,Skip,No price history
Real Canadian Superstore,"BREYERS CREAMERY STYLE ICE CREAM, 1.4/1.41 L OR POPSICLE NOVELTIES, 12'S",3.97,3.97,each,2026-10-01T03:00:00-04:00,2026-10-07T23:59:59-04:00,8163664,2.82,$/L,1410.0,True,,False,56.0,😐 Fair,"8.7% below avg of $4.35, matches/beats historical low of $3.98",Ice Cream,Frozen,Ice Cream/Dessert,claude_code,2.25,29.59,7.6,25,84.0,False,62.9,1,2,2.82,Real Canadian Superstore,False,100.0,100,92,Stock up,63% below avg $7.60; Cheapest of 2 stores; 25 prior prices
Real Canadian Superstore,"RUMMO PASTA, 340/500 G",3.5,3.5,each,2026-10-01T03:00:00-04:00,2026-10-07T23:59:59-04:00,8163664,7.0,$/kg,500.0,True,,False,50.0,😐 Fair,No pricing history available for comparison,Pasta,Pantry,Pasta/Grains,claude_code,2.19,6.98,4.64,14,0.0,False,-50.9,3,3,2.19,Real Canadian Superstore,True,30.0,100,93,Skip,51% above average; #3 of 3 stores; 14 prior prices
Real Canadian Superstore,CANTALOUPE,4.44,4.44,each,2026-10-01T03:00:00-04:00,2026-10-07T23:59:59-04:00,8163664,,,,True,,False,48.0,⚠️ Below Average,"16.5% above avg of $3.81, but tied best price across 2 stores",Cantaloupe,Produce,Fruit,claude_code,1.49,4.99,4.05,11,54.5,False,-9.7,1,2,4.44,Real Canadian Superstore,False,55.1,100,81,Only if needed,10% above average; Cheapest of 2 stores; 11 prior prices
Real Canadian Superstore,"NO NAME® BIRCH CUTLERY MIX OR FORKS, 150 CT",8.0,8.0,each,2026-10-01T03:00:00-04:00,2026-10-07T23:59:59-04:00,8163664,0.05,$/each,150.0,True,,False,50.0,😐 Fair,No pricing history available for comparison,Birch Cutlery Mix,Household & Personal,Paper Products,claude_code,0.05,0.08,0.07,3,66.7,True,25.0,,1,,,False,72.5,100,70,Compare first,25% below avg $0.07; Lowest seen; 3 prior prices
Real Canadian Superstore,"TAMAM TAHINI, 454 G",4.5,4.5,each,2026-10-01T03:00:00-04:00,2026-10-07T23:59:59-04:00,8163664,9.91,$/kg,454.0,True,low_history,False,40.0,⚠️ Below Average,Standard pricing (no historical data),Tahini,Pantry,nan,cached,4.5,4.5,4.5,2,0.0,False,-120.2,,1,,,False,20.0,90,64,Skip,120% above average; Only 2 prior prices; Unit price checked $/kg
Real Canadian Superstore,BROCCOLI,3.44,3.44,each,2026-10-01T03:00:00-04:00,2026-10-07T23:59:59-04:00,8163664,,,,True,,False,49.0,⚠️ Below Average,"5.2% below avg of $3.63, but Safeway has it for $2.49 across 6 stores",Broccoli,Produce,Vegetables,claude_code,1.99,3.44,2.65,6,0.0,False,-29.9,3,5,2.49,Sobeys,False,30.1,100,81,Skip,30% above average; #3 of 5 stores; 6 prior prices
Real Canadian Superstore,"SIMPLY ORANGE JUICE, 2.25 L",6.99,6.99,each,2026-10-01T03:00:00-04:00,2026-10-07T23:59:59-04:00,8163664,3.11,$/L,2250.0,True,,False,39.0,⚠️ Below Average,Near average ($6.88),Orange Juice,Beverages,nan,cached,2.29,4.41,3.03,19,21.1,False,-2.7,7,7,4.97,Walmart,True,38.6,100,93,Skip,19 prior prices; Unit price checked $/L
Real Canadian Superstore,"PAMPERS SWADDLERS OR CRUISERS 360° ULTRA VALUE PACK DIAPERS, SIZE 2-8, 88-192'S",45.0,45.0,each,2026-10-01T03:00:00-04:00,2026-10-07T23:59:59-04:00,8163664,0.23,$/each,192.0,True,,False,41.0,⚠️ Below Average,"1.4% below avg of $45.65, close to historical low of $44.94",Diapers,Household & Personal,Baby,claude_code,0.17,0.39,0.23,10,55.0,False,1.7,3,3,0.17,Real Canadian Superstore,False,51.2,100,93,Only if needed,#3 of 3 stores; 10 prior prices; Unit price checked $/each
Real Canadian Superstore,"PC® TOMATO CHERRY MIXIANY, 340 G",7.0,7.0,each,2026-10-01T03:00:00-04:00,2026-10-07T23:59:59-04:00,8163664,20.59,$/kg,340.0,True,,False,50.0,😐 Fair,No pricing history available for comparison,Cherry Tomatoes (Mixed),Produce,Vegetables,claude_code,17.65,20.59,19.41,5,20.0,False,-6.1,,1,,,False,42.0,100,74,Skip,6% above average; 5 prior prices; Unit price checked $/kg
Real Canadian Superstore,"NATIVE DEODORANT, 68-99 G",17.0,17.0,each,2026-10-01T03:00:00-04:00,2026-10-07T23:59:59-04:00,8163664,171.72,$/kg,99.0,True,,False,50.0,😐 Fair,No pricing history available for comparison,Deodorant,Household & Personal,Personal Care,claude_code,35.29,191.87,71.09,14,7.1,False,-141.6,,1,,,False,20.0,100,78,Skip,142% above average; 14 prior prices; Unit price checked $/kg
Real Canadian Superstore,PC® Matte Stone Cereal Bowl,6.0,6.0,each,2026-10-01T03:00:00-04:00,2026-10-07T23:59:59-04:00,8163664,,,,True,no_history,False,50.0,😐 Fair,No pricing history available for comparison,Cereal Bowl,Other,General,claude_code,,,,0,,False,,,1,,,True,45.0,80,25,Skip,No price history
Real Canadian Superstore,"PC® WORLD OF FLAVOURS POTATO CHIPS, 200 G",2.5,2.5,each,2026-10-01T03:00:00-04:00,2026-10-07T23:59:59-04:00,8163664,12.5,$/kg,200.0,True,,False,50.0,😐 Fair,LOWEST PRICE in 6 months (usually $2.50),Potato Chips,Snacks,nan,cached,7.15,29.79,15.7,42,75.0,False,20.4,1,12,2.5,Real Canadian Superstore,False,79.3,100,96,Buy this week,20% below avg $15.70; Cheapest of 12 stores; 42 prior prices
Real Canadian Superstore,PC® DENIM MUG,5.0,5.0,each,2026-10-01T03:00:00-04:00,2026-10-07T23:59:59-04:00,8163664,,,,True,,False,50.0,😐 Fair,No pricing history available for comparison,Mug,Other,General,claude_code,3.0,12.0,6.75,8,50.0,False,25.9,,1,,,False,58.1,100,66,Only if needed,26% below avg $6.75; 8 prior prices
Real Canadian Superstore,"BONELESS, SKINLESS, CHICKEN BREAST FILLET, 955 G",15.0,15.0,each,2026-10-01T03:00:00-04:00,2026-10-07T23:59:59-04:00,8163664,15.71,$/kg,955.0,True,,False,50.0,😐 Fair,No pricing history available for comparison,"Chicken Breast Fillet (Boneless, Skinless)",Poultry,Chicken Breast,claude_code,16.22,23.02,18.49,3,100.0,True,15.0,,1,,,True,70.5,100,70,Compare first,15% below avg $18.49; Lowest seen; 3 prior prices
Real Canadian Superstore,LIFE AT HOME™ LAUNDRY ACCESSORIES,2.0,2.0,each,2026-10-01T03:00:00-04:00,2026-10-07T23:59:59-04:00,8163664,,,,True,,False,50.0,😐 Fair,No pricing history available for comparison,Laundry Accessories,Household & Personal,Laundry,claude_code,1.5,595.0,52.89,115,95.7,False,96.2,,1,,,False,75.0,100,73,Compare first,96% below avg $52.89; 115 prior prices
Real Canadian Superstore,"BABY GOURMET ORGANIC PURÉE POUCHES 128 ML OR BABY FOOD JARS, 113 ML",9.0,9.0,each,2026-10-01T03:00:00-04:00,2026-10-07T23:59:59-04:00,8163664,70.31,$/L,128.0,True,,False,50.0,😐 Fair,No pricing history available for comparison,Baby Food Purée Pouches,Household & Personal,Baby,claude_code,7.81,70.31,56.42,9,33.3,False,-24.6,,1,,,False,32.7,100,74,Skip,25% above average; 9 prior prices; Unit price checked $/L
Real Canadian Superstore,INDIAN KARELA,3.0,3.0,each,2026-10-01T03:00:00-04:00,2026-10-07T23:59:59-04:00,8163664,,,,True,,False,45.0,⚠️ Below Average,"At average price of $3.00, No Frills has it for $2.99 across 2 stores",Karela (Bitter Melon),Produce,Vegetables,claude_code,2.99,3.0,2.99,4,0.0,False,-0.3,,1,,,False,39.9,100,62,Skip,4 prior prices
Real Canadian Superstore,"SUNRYPE FRUIT SOURCE FRUIT OR FRUIT AND VEGGIE BARS, 12X37 G/444 G",10.99,10.99,each,2026-10-01T03:00:00-04:00,2026-10-07T23:59:59-04:00,8163664,24.75,$/kg,444.0,True,,False,50.0,😐 Fair,No pricing history available for comparison,Fruit Bars,Snacks,Bars/Granola,claude_code,6.99,10.99,9.32,3,0.0,False,-17.9,,1,,,False,36.0,100,70,Skip,18% above average; 3 prior prices; Unit price checked $/kg
Real Canadian Superstore,"CHRISTIE PREMIUM PLUS CRACKERS, 450/481 G",4.99,4.99,each,2026-10-01T03:00:00-04:00,2026-10-07T23:59:59-04:00,8163664,10.37,$/kg,481.0,True,,False,60.0,😐 Fair,27.9% below avg of $6.92,Crackers,Snacks,Crackers,claude_code,6.39,15.96,10.66,25,48.0,False,2.7,2,4,7.86,Real Canadian Superstore,False,56.9,100,96,Only if needed,#2 of 4 stores; 25 prior prices; Unit price checked $/kg
Real Canadian Superstore,"KRAFT GRATED PARMESAN CHEESE, 500 G",13.97,13.97,each,2026-10-01T03:00:00-04:00,2026-10-07T23:59:59-04:00,8163664,27.94,$/kg,500.0,True,,False,50.0,😐 Fair,No pricing history available for comparison,Grated Parmesan Cheese,Dairy & Eggs,Cheese (Shredded/Sliced),claude_code,4.15,38.69,16.61,25,12.0,False,-68.2,,1,,,True,25.0,100,81,Skip,68% above average; 25 prior prices; Unit price checked $/kg
Real Canadian Superstore,"TASTIEZ APPETIZERS, 311 G",4.99,4.99,each,2026-10-01T03:00:00-04:00,2026-10-07T23:59:59-04:00,8163664,16.05,$/kg,311.0,True,,False,50.0,😐 Fair,No pricing history available for comparison,Appetizers,Frozen,Meals/Entrees,claude_code,4.96,10.97,8.72,4,75.0,False,42.8,,1,,,False,75.0,100,70,Compare first,43% below avg $8.72; 4 prior prices; Unit price checked $/kg
Real Canadian Superstore,"LOU'S ENTRÉES PULLED PORK, 400 G",10.0,10.0,each,2026-10-01T03:00:00-04:00,2026-10-07T23:59:59-04:00,8163664,25.0,$/kg,400.0,True,,False,37.0,⚠️ Below Average,Near average ($9.50),Pulled Pork,Pork,Other Pork,cached,13.72,25.0,22.21,11,4.5,False,-12.6,,1,,,False,38.7,100,78,Skip,13% above average; 11 prior prices; Unit price checked $/kg
Real Canadian Superstore,GARNIER BELLE HAIR COLOUR,6.5,6.5,each,2026-10-01T03:00:00-04:00,2026-10-07T23:59:59-04:00,8163664,,,,True,,False,43.0,⚠️ Below Average,Slightly below avg ($6.83),Hair Colour,Household & Personal,Personal Care,cached,6.0,16.99,11.51,21,90.5,False,43.6,1,5,6.5,Real Canadian Superstore,False,90.5,100,88,Stock up,44% below avg $11.51; Cheapest of 5 stores; 21 prior prices
Real Canadian Superstore,"LUCKY ME! PANCIT CANTON CHOW MEIN INSTANT NOODLES, 6 PACKS, 360 G",3.0,3.0,each,2026-10-01T03:00:00-04:00,2026-10-07T23:59:59-04:00,8163664,8.33,$/kg,360.0,True,no_history,False,50.0,😐 Fair,No pricing history available for comparison,Instant Noodles (Chow Mein),Pantry,Pasta/Grains,claude_code,,,,0,,False,,,1,,,False,45.0,80,33,Skip,No price history; Unit price checked $/kg
Real Canadian Superstore,"ATHLETIC BREWING COMPANY NON-ALCOHOLIC BEER, 6X355 ML",9.99,9.99,each,2026-10-01T03:00:00-04:00,2026-10-07T23:59:59-04:00,8163664,4.69,$/L,2130.0,True,,False,50.0,😐 Fair,No pricing history available for comparison,Non-Alcoholic Beer,Beverages,Soda/Pop,claude_code,3.75,5.68,4.75,5,50.0,False,1.2,2,3,4.69,Real Canadian Superstore,False,55.8,100,89,Only if needed,#2 of 3 stores; 5 prior prices; Unit price checked $/L
Real Canadian Superstore,"DAIYA DAIRY-FREE SHREDS, SLICES, BLOCKS, CHEESE SPREAD OR CRUMBLES, 170-227 G",6.0,6.0,each,2026-10-01T03:00:00-04:00,2026-10-07T23:59:59-04:00,8163664,26.43,$/kg,227.0,True,no_history,False,50.0,😐 Fair,No pricing history available for comparison,Dairy-Free Cheese Shreds,Dairy & Eggs,Cheese (Shredded/Sliced),claude_code,,,,0,,False,,,1,,,True,50.0,80,33,Only if needed,No price history; Unit price checked $/kg
Real Canadian Superstore,"HALDIRAM'S OR MTR READY TO EAT MEALS, 300 G",2.25,2.25,each,2026-10-01T03:00:00-04:00,2026-10-07T23:59:59-04:00,8163664,7.5,$/kg,300.0,True,low_history,False,50.0,😐 Fair,No pricing history available for comparison,Ready To Eat Meal,Pantry,Canned Goods,claude_code,16.63,37.78,27.2,2,100.0,True,72.4,,1,,,False,90.0,90,64,Buy this week,72% below avg $27.20; Lowest seen; Only 2 prior prices
Real Canadian Superstore,BENTGO LUNCH,14.0,14.0,each,2026-10-01T03:00:00-04:00,2026-10-07T23:59:59-04:00,8163664,,,,True,,False,71.0,✅ Good Buy,"30% below avg of $20.00, matches historical low of $14.00",Lunch Box,Other,General,claude_code,2.47,25.0,11.21,29,17.2,False,-24.8,,1,,,False,27.6,100,73,Skip,25% above average; 29 prior prices
Real Canadian Superstore,"E.D. SMITH PIE FILLING, 540 ML",4.79,4.79,each,2026-10-01T03:00:00-04:00,2026-10-07T23:59:59-04:00,8163664,8.87,$/L,540.0,True,,False,39.0,⚠️ Below Average,Near average ($4.74),Pie Filling,Pantry,Baking Supplies,cached,6.28,9.26,8.27,4,50.0,False,-7.2,3,4,2.49,Sobeys,False,46.4,100,85,Skip,7% above average; #3 of 4 stores; 4 prior prices
Real Canadian Superstore,PC® OR LIFE AT HOME COFFEE OR TEA SERVEWARE,3.0,3.0,each,2026-10-01T03:00:00-04:00,2026-10-07T23:59:59-04:00,8163664,,,,True,low_history,False,50.0,😐 Fair,No pricing history available for comparison,Coffee/Tea Serveware,Other,General,claude_code,4.0,4.0,4.0,2,100.0,True,25.0,,1,,,True,72.5,90,56,Compare first,25% below avg $4.00; Lowest seen; Only 2 prior prices
Real Canadian Superstore,EGGPLANT,1.92,1.92,each,2026-10-01T03:00:00-04:00,2026-10-07T23:59:59-04:00,8163664,,,,True,,False,86.0,🔥 Hot Deal,"22.3% below avg of $2.47, matches all-time low of $1.92, best price across 2 stores",Eggplant,Produce,Vegetables,claude_code,1.92,2.99,2.43,14,92.9,True,21.0,,1,,,False,64.7,100,70,Only if needed,21% below avg $2.43; Lowest seen; 14 prior prices
Real Canadian Superstore,VILEDA EASY WRING SPIN MOP AND BUCKET SYSTEM,39.47,39.47,each,2026-10-01T03:00:00-04:00,2026-10-07T23:59:59-04:00,8163664,,,,True,,False,50.0,😐 Fair,No pricing history available for comparison,Spin Mop and Bucket System,Household & Personal,Cleaning Supplies,claude_code,9.87,49.97,30.2,7,28.6,False,-30.7,,1,,,False,24.6,100,66,Skip,31% above average; 7 prior prices
Real Canadian Superstore,"ETNICO PORK LIVER, 600 G",8.0,8.0,each,2026-10-01T03:00:00-04:00,2026-10-07T23:59:59-04:00,8163664,13.33,$/kg,600.0,True,no_history,False,50.0,😐 Fair,No pricing history available for comparison,Pork Liver,Pork,Other Pork,claude_code,,,,0,,False,,,1,,,False,45.0,80,33,Skip,No price history; Unit price checked $/kg
Real Canadian Superstore,PC® ALLERGY DEFENSE PILLOW,10.0,10.0,each,2026-10-01T03:00:00-04:00,2026-10-07T23:59:59-04:00,8163664,,,,True,,False,50.0,😐 Fair,No pricing history available for comparison,Allergy Defense Pillow,Household & Personal,Health/Pharmacy,claude_code,10.5,17.5,12.83,3,100.0,True,22.1,,1,,,False,65.5,100,62,Only if needed,22% below avg $12.83; Lowest seen; 3 prior prices
Real Canadian Superstore,"BASA STEAKS, 1 KG",7.0,7.0,each,2026-10-01T03:00:00-04:00,2026-10-07T23:59:59-04:00,8163664,7.0,$/kg,1000.0,True,,False,40.0,⚠️ Below Average,"At average price of $7.00, no discount vs history",Basa Steaks,Seafood,Fish Fillets,claude_code,3.88,3.88,3.88,3,0.0,False,-80.4,,1,,,False,20.0,100,70,Skip,80% above average; 3 prior prices; Unit price checked $/kg
Real Canadian Superstore,"SNACK FACTORY® PRETZEL CRISPS® MILK CHOCOLATE & CARAMEL & DARK CHOCOLATE DRIZZLERS, 155 G",5.5,5.5,each,2026-10-01T03:00:00-04:00,2026-10-07T23:59:59-04:00,8163664,35.48,$/kg,155.0,True,low_history,False,33.0,⚠️ Below Average,"10% above avg of $5.00, at historical high of $5.50",Pretzel Crisps (Chocolate Drizzle),Snacks,Chips/Pretzels,claude_code,35.48,45.16,40.32,2,50.0,True,12.0,,1,,,True,68.4,90,64,Only if needed,12% below avg $40.32; Lowest seen; Only 2 prior prices
Real Canadian Superstore,"ELAN ORGANIC NUTS, SEEDS OR SNACK MIXES, 125-200 G",4.49,4.49,each,2026-10-01T03:00:00-04:00,2026-10-07T23:59:59-04:00,8163664,22.45,$/kg,200.0,True,low_history,False,50.0,😐 Fair,No pricing history available for comparison,Organic Nuts/Seed Mix,Snacks,Nuts/Seeds,claude_code,22.05,26.67,24.36,2,50.0,False,7.8,,1,,,False,50.5,90,64,Only if needed,8% below avg $24.36; Only 2 prior prices; Unit price checked $/kg
Real Canadian Superstore,"ROYALE® TIGER PAPER TOWEL, 3=6 ROLLS",6.99,6.99,each,2026-10-01T03:00:00-04:00,2026-10-07T23:59:59-04:00,8163664,,,,True,,False,50.0,😐 Fair,No pricing history available for comparison,Paper Towel,Household & Personal,Paper Products,claude_code,7.0,22.48,15.27,7,100.0,True,54.2,,1,,,False,85.0,100,66,Buy this week,54% below avg $15.27; Lowest seen; 7 prior prices
Real Canadian Superstore,"INTERNATIONAL DELIGHT COFFEE ENHANCERS, 946 ML OR COLD FOAM, 369/396 G",3.99,3.99,each,2026-10-01T03:00:00-04:00,2026-10-07T23:59:59-04:00,8163664,10.08,$/kg,396.0,True,,False,56.0,😐 Fair,22.4% below avg of $5.14,Coffee Creamer Enhancer,Beverages,Coffee,claude_code,10.08,12.95,11.65,11,81.8,True,13.5,,1,,,True,69.5,100,78,Only if needed,14% below avg $11.65; Lowest seen; 11 prior prices
Real Canadian Superstore,"CREST 3DW ADVANCED PASTE MULTIPACK, CREST PRO-HEALTH MOUTHWASH, 1 L",9.5,9.5,each,2026-10-01T03:00:00-04:00,2026-10-07T23:59:59-04:00,8163664,9.5,$/L,1000.0,True,,False,50.0,😐 Fair,No pricing history available for comparison,Toothpaste Multipack,Household & Personal,Personal Care,claude_code,6.0,10.04,8.42,6,16.7,False,-12.8,,1,,,False,38.6,100,74,Skip,13% above average; 6 prior prices; Unit price checked $/L
Real Canadian Superstore,"BUBLY POP SODA, 6X355 ML",9.0,9.0,each,2026-10-01T03:00:00-04:00,2026-10-07T23:59:59-04:00,8163664,4.23,$/L,2130.0,True,,False,50.0,😐 Fair,No pricing history available for comparison,Sparkling Water,Beverages,Soda/Pop,claude_code,1.23,6.01,2.02,20,5.0,False,-109.3,4,4,1.17,Real Canadian Superstore,False,10.0,100,96,Skip,109% above average; 20 prior prices; Unit price checked $/L
Real Canadian Superstore,"DARE BRETON OR VINTA CRACKERS, 132-225 G OR VEGGIE CRISPS, 100 G",2.79,2.79,each,2026-10-01T03:00:00-04:00,2026-10-07T23:59:59-04:00,8163664,12.4,$/kg,225.0,True,,False,50.0,😐 Fair,No pricing history available for comparison,Crackers,Snacks,Crackers,claude_code,6.39,15.96,10.66,25,28.0,False,-16.4,4,4,7.86,Real Canadian Superstore,False,26.8,100,96,Skip,16% above average; 25 prior prices; Unit price checked $/kg
Real Canadian Superstore,"DARE REALFRUIT MINIS GUMMIES, 600 G",10.99,10.99,each,2026-10-01T03:00:00-04:00,2026-10-07T23:59:59-04:00,8163664,18.32,$/kg,600.0,True,,False,50.0,😐 Fair,No pricing history available for comparison,Fruit Gummies,Snacks,Candy/Chocolate,claude_code,10.77,20.0,13.94,8,37.5,False,-31.4,,1,,,False,29.3,100,74,Skip,31% above average; 8 prior prices; Unit price checked $/kg
Real Canadian Superstore,CILANTRO,0.99,0.99,each,2026-10-01T03:00:00-04:00,2026-10-07T23:59:59-04:00,8163664,,,,True,,False,79.0,✅ Good Buy,"41.8% below avg of $1.70, matches historical low of $0.99",Cilantro,Produce,Herbs,claude_code,0.99,1.69,1.15,8,62.5,True,14.1,,1,,,False,59.9,100,66,Only if needed,14% below avg $1.15; Lowest seen; 8 prior prices
Real Canadian Superstore,NATIVE BODY LOTION,16.0,16.0,each,2026-10-01T03:00:00-04:00,2026-10-07T23:59:59-04:00,8163664,,,,True,,False,51.0,😐 Fair,"2% below avg of $16.33, matches historical low of $16.00",Body Lotion,Household & Personal,Personal Care,claude_code,4.23,20.0,10.39,8,12.5,False,-53.9,,1,,,False,15.0,100,66,Skip,54% above average; 8 prior prices
Real Canadian Superstore,"FARMER'S MARKET™ LEMONS, 3 LB",6.0,6.0,each,2026-10-01T03:00:00-04:00,2026-10-07T23:59:59-04:00,8163664,4.41,$/kg,1360.776,True,,False,49.0,⚠️ Below Average,Near average ($5.99). $5.99 at No Frills,Lemons,Produce,Fruit,cached,3.86,4.41,4.24,5,10.0,False,-4.0,2,2,4.4,No Frills,False,53.0,100,85,Only if needed,#2 of 2 stores; 5 prior prices; Unit price checked $/kg
Real Canadian Superstore,"GLICO POCKY BISCUIT STICKS BAGS, 135-156 G",3.98,3.98,each,2026-10-01T03:00:00-04:00,2026-10-07T23:59:59-04:00,8163664,25.51,$/kg,156.0,True,,False,50.0,😐 Fair,No price history or cross-store data available; $3.98 treated as neutral.,Pocky Biscuit Sticks,Snacks,Candy/Chocolate,claude_code,24.87,37.5,29.57,5,60.0,False,13.7,,1,,,False,54.6,100,74,Only if needed,14% below avg $29.57; 5 prior prices; Unit price checked $/kg
Real Canadian Superstore,"BAKER BOYS GOURMET CINNAMON ROLLS, 840 G",8.5,8.5,each,2026-10-01T03:00:00-04:00,2026-10-07T23:59:59-04:00,8163664,10.12,$/kg,840.0,True,low_history,False,38.0,⚠️ Below Average,"Priced at $8.50, 3% above avg of $8.25, matching the historical max.",Cinnamon Rolls,Bakery,Pastries/Donuts,claude_code,9.52,10.12,9.82,2,0.0,False,-3.1,2,2,2.78,Walmart,False,53.5,90,75,Only if needed,#2 of 2 stores; Only 2 prior prices; Unit price checked $/kg
Real Canadian Superstore,"PRAN PLAIN PARATHA, 2.4 KG",8.99,8.99,each,2026-10-01T03:00:00-04:00,2026-10-07T23:59:59-04:00,8163664,3.75,$/kg,2400.0,True,,False,50.0,😐 Fair,No price history or cross-store data available; $8.99 treated as neutral.,Paratha (Plain),Bakery,Tortillas/Wraps,claude_code,3.33,4.58,4.16,6,66.7,False,9.9,,1,,,False,51.9,100,74,Only if needed,10% below avg $4.16; 6 prior prices; Unit price checked $/kg
Real Canadian Superstore,"TAKIS TORTILLA CHIPS HALLOWEEN PACK, 40'S",15.99,15.99,each,2026-10-01T03:00:00-04:00,2026-10-07T23:59:59-04:00,8163664,0.4,$/each,40.0,True,no_history,False,50.0,😐 Fair,No price history or cross-store data available; $15.99 treated as neutral.,Tortilla Chips (Halloween Pack),Snacks,Chips/Pretzels,claude_code,,,,0,,False,,,1,,,False,45.0,80,33,Skip,No price history; Unit price checked $/each
Real Canadian Superstore,"FARMER'S MARKET™ GRAPE TOMATOES, 907 G",5.99,5.99,each,2026-10-01T03:00:00-04:00,2026-10-07T23:59:59-04:00,8163664,6.6,$/kg,907.0,True,,False,70.0,✅ Good Buy,LOWEST PRICE in 6 months (usually $5.99). Best price across 2 stores,Farmer's Market Grape Tomatoes,Produce,Vegetables,cached,6.6,6.6,6.6,4,37.5,True,0.0,,1,,,True,60.0,100,70,Only if needed,Lowest seen; 4 prior prices; Unit price checked $/kg
Real Canadian Superstore,"BLUE BUFFALO TASTEFULS DRY CAT FOOD, 2.2 KG",21.99,21.99,each,2026-10-01T03:00:00-04:00,2026-10-07T23:59:59-04:00,8163664,10.0,$/kg,2200.0,True,low_history,False,58.0,😐 Fair,"Priced at $21.99, 12% below avg of $24.96, and below historical min of $24.93.",Dry Cat Food,Household & Personal,Pet Food/Supplies,claude_code,4.0,6.22,5.11,2,0.0,False,-95.7,3,3,4.5,Real Canadian Superstore,False,25.0,90,79,Skip,96% above average; #3 of 3 stores; Only 2 prior prices
Real Canadian Superstore,"SEAQUEST SHRIMP 70-90/LB, 300 G, MUSSEL OR CLAM MEAT 340 G",5.0,5.0,each,2026-10-01T03:00:00-04:00,2026-10-07T23:59:59-04:00,8163664,16.67,$/kg,300.0,True,,False,50.0,😐 Fair,No price history or cross-store data available; $5.00 treated as neutral.,Shrimp,Seafood,Shrimp/Prawns,claude_code,18.72,40.0,26.31,7,100.0,True,36.6,1,3,5.0,Real Canadian Superstore,False,100.0,100,89,Stock up,37% below avg $26.31; Lowest seen; Cheapest of 3 stores
Real Canadian Superstore,"CHEEZ-IT OR SNAP'D CRACKERS, 213/352 G OR TOWNHOUSE CRACKERS, 247-391 G",3.5,3.5,each,2026-10-01T03:00:00-04:00,2026-10-07T23:59:59-04:00,8163664,9.94,$/kg,352.0,True,,False,50.0,😐 Fair,No price history or cross-store data available; $3.50 treated as neutral.,Cheese Crackers,Snacks,Crackers,claude_code,6.39,7.67,6.9,5,0.0,False,-44.0,,1,,,False,23.0,100,74,Skip,44% above average; 5 prior prices; Unit price checked $/kg
Real Canadian Superstore,"CLIC QUINOA, 907 G",5.0,5.0,each,2026-10-01T03:00:00-04:00,2026-10-07T23:59:59-04:00,8163664,5.51,$/kg,907.0,True,,False,50.0,😐 Fair,No price history or cross-store data available; $5.00 treated as neutral.,Quinoa,Pantry,Pasta/Grains,claude_code,5.83,16.5,10.59,4,100.0,True,48.0,,1,,,False,88.6,100,70,Buy this week,48% below avg $10.59; Lowest seen; 4 prior prices
Real Canadian Superstore,OXO GADGETS,7.0,7.0,each,2026-10-01T03:00:00-04:00,2026-10-07T23:59:59-04:00,8163664,,,,True,,False,50.0,😐 Fair,No price history or cross-store data available; $7.00 treated as neutral.,Kitchen Gadgets,Other,General,claude_code,2.0,10.97,5.29,16,18.8,False,-32.2,1,2,7.0,Real Canadian Superstore,False,43.9,100,81,Skip,32% above average; Cheapest of 2 stores; 16 prior prices
Real Canadian Superstore,"PC® DIPS, HUMMUS OR NAAN DIPPERS, 200/227 G",3.5,3.5,each,2026-10-01T03:00:00-04:00,2026-10-07T23:59:59-04:00,8163664,15.42,$/kg,227.0,True,,False,50.0,😐 Fair,No price history or cross-store data available; $3.50 treated as neutral.,Hummus,Pantry,Sauces/Condiments,claude_code,12.37,14.13,13.28,5,0.0,False,-16.1,2,2,14.52,Real Canadian Superstore,False,47.0,100,85,Skip,16% above average; #2 of 2 stores; 5 prior prices
Real Canadian Superstore,"SUGAR PLUM CAKES, 950 G",14.0,14.0,each,2026-10-01T03:00:00-04:00,2026-10-07T23:59:59-04:00,8163664,14.74,$/kg,950.0,True,low_history,False,50.0,😐 Fair,No price history or cross-store data available; $14.00 treated as neutral.,Plum Cake,Bakery,Desserts/Cakes,claude_code,15.79,15.79,15.79,2,100.0,True,6.6,,1,,,True,64.6,90,64,Only if needed,7% below avg $15.79; Lowest seen; Only 2 prior prices
Real Canadian Superstore,"IÖGO NANÖ DRINKABLE YOGURT, 24X93 ML",13.49,13.49,each,2026-10-01T03:00:00-04:00,2026-10-07T23:59:59-04:00,8163664,6.04,$/L,2232.0,True,,False,50.0,😐 Fair,No price history or cross-store data available; $13.49 treated as neutral.,Drinkable Yogurt,Dairy & Eggs,Yogurt,claude_code,4.4,8.74,5.73,10,40.0,False,-5.4,2,2,7.97,Walmart,True,57.3,100,89,Only if needed,5% above average; #2 of 2 stores; 10 prior prices
Real Canadian Superstore,"PRAN VEGETABLE SPRING ROLLS OR SAMOSAS, 400 G",2.99,2.99,each,2026-10-01T03:00:00-04:00,2026-10-07T23:59:59-04:00,8163664,7.48,$/kg,400.0,True,,False,50.0,😐 Fair,No price history or cross-store data available; $2.99 treated as neutral.,Vegetable Spring Rolls,Frozen,Meals/Entrees,claude_code,7.48,30.61,10.22,17,61.8,True,26.8,,1,,,False,73.8,100,78,Compare first,27% below avg $10.22; Lowest seen; 17 prior prices
Real Canadian Superstore,"CHACHEER OR CHA CHA SUNFLOWER SEEDS, 260 G",2.28,2.28,each,2026-10-01T03:00:00-04:00,2026-10-07T23:59:59-04:00,8163664,8.77,$/kg,260.0,True,,False,50.0,😐 Fair,No price history or cross-store data available; $2.28 treated as neutral.,Sunflower Seeds,Snacks,Nuts/Seeds,claude_code,7.62,9.58,8.93,3,66.7,False,1.8,,1,,,False,46.3,100,70,Skip,3 prior prices; Unit price checked $/kg
Real Canadian Superstore,"HOT CROSS BUNS, 8'S",4.0,4.0,each,2026-10-01T03:00:00-04:00,2026-10-07T23:59:59-04:00,8163664,0.5,$/each,8.0,True,,False,40.0,⚠️ Below Average,Standard pricing (no historical data),Hot Cross Buns,Bakery,nan,cached,0.19,0.44,0.33,13,0.0,False,-51.5,,1,,,False,20.0,100,78,Skip,52% above average; 13 prior prices; Unit price checked $/each
Real Canadian Superstore,"WATSON RIDGE CHICKEN BREASTS, 800 G",14.0,14.0,each,2026-10-01T03:00:00-04:00,2026-10-07T23:59:59-04:00,8163664,17.5,$/kg,800.0,True,,False,33.0,⚠️ Below Average,"Priced at $14.00, 17% above avg of $12.00, and $1.00 higher than the best price of $13.00 at No Frills.",Chicken Breasts,Poultry,Chicken Breast,claude_code,23.02,25.4,24.61,3,100.0,True,28.9,2,2,16.25,No Frills,True,90.2,100,81,Stock up,29% below avg $24.61; Lowest seen; #2 of 2 stores
Real Canadian Superstore,"BLACK DIAMOND CHEESTRINGS, 189-336 G OR KRAFT SHREDDED PARMESAN, 200 G",5.97,5.97,each,2026-10-01T03:00:00-04:00,2026-10-07T23:59:59-04:00,8163664,17.77,$/kg,336.0,True,,False,50.0,😐 Fair,"Priced at $5.97, matching the historical avg and min of $5.97.",Cheese Strings,Dairy & Eggs,Cheese (Block),claude_code,17.77,38.69,23.0,4,50.0,True,22.7,,1,,,False,70.9,100,70,Compare first,23% below avg $23.00; Lowest seen; 4 prior prices
Real Canadian Superstore,"SPRING HOME SPRING ROLL PASTRY, 400 G",2.49,2.49,each,2026-10-01T03:00:00-04:00,2026-10-07T23:59:59-04:00,8163664,6.23,$/kg,400.0,True,,False,30.0,⚠️ Below Average,"Priced at $2.49, 14% above avg of $2.19, well above historical min of $1.79.",Spring Roll Pastry Wrappers,Bakery,Tortillas/Wraps,claude_code,4.97,6.51,5.78,5,20.0,False,-7.9,,1,,,False,41.0,100,74,Skip,8% above average; 5 prior prices; Unit price checked $/kg
Real Canadian Superstore,NERF REBEL OPS DOOM CANNON,40.0,40.0,each,2026-10-01T03:00:00-04:00,2026-10-07T23:59:59-04:00,8163664,,,,True,no_history,False,50.0,😐 Fair,No price history or cross-store data available; $40.00 treated as neutral.,Nerf Toy Blaster,Other,General,claude_code,,,,0,,False,,,1,,,False,40.0,80,25,Skip,No price history
Real Canadian Superstore,"KING'S HAWAIIAN ROLLS OR PC® YORKSHIRE PUDDING, 340 G",3.5,3.5,each,2026-10-01T03:00:00-04:00,2026-10-07T23:59:59-04:00,8163664,10.29,$/kg,340.0,True,,False,50.0,😐 Fair,No price history or cross-store data available; $3.50 treated as neutral.,Hawaiian Rolls,Bakery,Buns/Rolls,claude_code,11.76,13.24,12.25,3,100.0,True,16.0,,1,,,False,66.2,100,70,Only if needed,16% below avg $12.25; Lowest seen; 3 prior prices
Real Canadian Superstore,"PH BAKERS PACIFIC HUT BREAD OR ROLLS, 350-606 G",4.99,4.99,each,2026-10-01T03:00:00-04:00,2026-10-07T23:59:59-04:00,8163664,8.23,$/kg,606.0,True,,False,50.0,😐 Fair,No price history or cross-store data available; $4.99 treated as neutral.,Bread,Bakery,Bread,claude_code,3.67,12.96,6.24,17,29.4,False,-31.8,4,4,4.44,No Frills,True,24.1,100,93,Skip,32% above average; 17 prior prices; Unit price checked $/kg
Real Canadian Superstore,"LIFE AT HOME™ BUBBLE FASHION STORAGE, 2'S",20.0,20.0,each,2026-10-01T03:00:00-04:00,2026-10-07T23:59:59-04:00,8163664,10.0,$/each,2.0,True,low_history,False,50.0,😐 Fair,No price history or cross-store data available; $20.00 treated as neutral.,Storage Bags,Other,General,claude_code,0.02,0.04,0.03,2,0.0,False,-33233.3,2,2,4.48,Walmart,False,30.0,90,75,Skip,33233% above average; #2 of 2 stores; Only 2 prior prices
Real Canadian Superstore,"VOORTMAN COOKIES OR WAFERS, 142-320 G",2.75,2.75,each,2026-10-01T03:00:00-04:00,2026-10-07T23:59:59-04:00,8163664,8.59,$/kg,320.0,True,,False,50.0,😐 Fair,No price history or cross-store data available; $2.75 treated as neutral.,Cookies,Snacks,Cookies,claude_code,4.0,34.62,11.79,30,60.0,False,27.2,2,7,2.28,Walmart,False,74.0,100,96,Compare first,27% below avg $11.79; #2 of 7 stores; 30 prior prices
Real Canadian Superstore,"PC® SPRING ROLLS, 574 G OR SAUSAGE ROLLS, 500 G",9.0,9.0,each,2026-10-01T03:00:00-04:00,2026-10-07T23:59:59-04:00,8163664,15.68,$/kg,574.0,True,,False,40.0,⚠️ Below Average,Standard pricing (no historical data),PC Spring Rolls or Sausage Rolls,Frozen,Appetizers,cached,12.0,30.61,16.97,8,37.5,False,7.6,,1,,,False,50.3,100,74,Only if needed,8% below avg $16.97; 8 prior prices; Unit price checked $/kg
Real Canadian Superstore,"NO NAME® 1 PLY NAPKINS, 500'S",6.49,6.49,each,2026-10-01T03:00:00-04:00,2026-10-07T23:59:59-04:00,8163664,0.01,$/each,500.0,True,,False,50.0,😐 Fair,No price history or cross-store data available; $6.49 treated as neutral.,Napkins (1 Ply),Household & Personal,Paper Products,claude_code,0.01,0.04,0.02,7,71.4,True,58.8,,1,,,False,90.0,100,74,Stock up,59% below avg $0.02; Lowest seen; 7 prior prices
Real Canadian Superstore,"PC® FREE FROM LEAN GROUND PORK, 454G",6.0,6.0,each,2026-10-01T03:00:00-04:00,2026-10-07T23:59:59-04:00,8163664,13.22,$/kg,454.0,True,,False,50.0,😐 Fair,No price history or cross-store data available; $6.00 treated as neutral.,Ground Pork (Lean),Pork,Ground Pork,claude_code,8.89,14.32,11.31,8,25.0,False,-16.9,,1,,,False,36.5,100,74,Skip,17% above average; 8 prior prices; Unit price checked $/kg
Real Canadian Superstore,BULK ROMA TOMATOES,1.92,1.92,each,2026-10-01T03:00:00-04:00,2026-10-07T23:59:59-04:00,8163664,,,,True,,False,38.0,⚠️ Below Average,Near average ($1.87),Tomatoes (Roma),Produce,Vegetables,cached,1.69,2.99,2.24,17,76.5,False,14.2,,1,,,True,54.9,100,70,Only if needed,14% below avg $2.24; 17 prior prices
Real Canadian Superstore,PAPAYA,1.99,1.99,each,2026-10-01T03:00:00-04:00,2026-10-07T23:59:59-04:00,8163664,,,,True,,False,54.0,😐 Fair,"Priced at $1.99, 20% below avg of $2.48, just above historical min of $1.97.",Papaya,Produce,Fruit,claude_code,1.97,5.99,2.7,11,81.8,False,26.2,,1,,,False,58.3,100,70,Only if needed,26% below avg $2.70; 11 prior prices
Real Canadian Superstore,"KICKING HORSE K-CUP PODS, 10'S",12.99,12.99,each,2026-10-01T03:00:00-04:00,2026-10-07T23:59:59-04:00,8163664,1.3,$/each,10.0,True,,False,50.0,😐 Fair,No price history or cross-store data available; $12.99 treated as neutral.,Coffee K-Cup Pods,Beverages,Coffee,claude_code,14.99,26.99,20.39,5,100.0,True,36.3,,1,,,False,80.4,100,74,Buy this week,36% below avg $20.39; Lowest seen; 5 prior prices
Real Canadian Superstore,"SURATI SNACKS, 250/341 G",2.0,2.0,each,2026-10-01T03:00:00-04:00,2026-10-07T23:59:59-04:00,8163664,5.87,$/kg,341.0,True,,False,56.0,😐 Fair,LOWEST PRICE in 6 months (usually $2.20),Snacks,Snacks,Chips/Pretzels,cached,5.87,78.12,21.21,16,90.6,True,72.3,1,4,5.87,Real Canadian Superstore,False,100.0,100,93,Stock up,72% below avg $21.21; Lowest seen; Cheapest of 4 stores
Real Canadian Superstore,"GLAD GARBAGE BAGS WHITE, 30-52'S",6.99,6.99,each,2026-10-01T03:00:00-04:00,2026-10-07T23:59:59-04:00,8163664,0.13,$/each,52.0,True,,False,70.0,✅ Good Buy,"Priced at $6.99, matching historical avg/min, and confirmed as the best price across 2 stores.",Garbage Bags (White),Household & Personal,Cleaning Supplies,claude_code,0.13,0.38,0.18,9,66.7,True,27.3,,1,,,False,74.1,100,74,Compare first,27% below avg $0.18; Lowest seen; 9 prior prices
Real Canadian Superstore,"ROMAINE HEARTS, 6'S",7.98,7.98,each,2026-10-01T03:00:00-04:00,2026-10-07T23:59:59-04:00,8163664,1.33,$/each,6.0,True,,False,50.0,😐 Fair,No price history or cross-store data available; $7.98 treated as neutral.,Romaine Hearts,Produce,Vegetables,claude_code,3.99,5.99,4.85,14,0.0,False,-64.6,2,2,3.99,Calgary Co-op,False,30.0,100,89,Skip,65% above average; #2 of 2 stores; 14 prior prices
Real Canadian Superstore,"OLD DUTCH POTATO CHIPS, CHEESE STICKS OR POPCORN TWISTS, 45'S",10.99,10.99,each,2026-10-01T03:00:00-04:00,2026-10-07T23:59:59-04:00,8163664,0.24,$/each,45.0,True,,False,67.0,😐 Fair,"Priced at $10.99, 24% below avg of $14.49, and below historical min of $12.99.",Potato Chips,Snacks,Chips/Pretzels,claude_code,1.43,12.99,4.91,130,3.8,False,-123.7,11,12,2.5,Real Canadian Superstore,True,15.0,100,96,Skip,124% above average; 130 prior prices; Unit price checked $/each
Real Canadian Superstore,"PC® LOADS OF™ FLAVOURS POTATO CHIPS, 200 G",2.5,2.5,each,2026-10-01T03:00:00-04:00,2026-10-07T23:59:59-04:00,8163664,12.5,$/kg,200.0,True,,False,50.0,😐 Fair,No price history or cross-store data available; $2.50 treated as neutral.,Potato Chips,Snacks,Chips/Pretzels,claude_code,7.15,29.79,15.7,42,75.0,False,20.4,2,12,2.5,Real Canadian Superstore,False,69.3,100,96,Only if needed,20% below avg $15.70; #2 of 12 stores; 42 prior prices
Real Canadian Superstore,HARVEST PUMPKINS,1.5,1.5,each,2026-10-01T03:00:00-04:00,2026-10-07T23:59:59-04:00,8163664,,,,True,,False,73.0,✅ Good Buy,LOWEST PRICE in 6 months (usually $2.25),Pumpkins (Harvest),Produce,Vegetables,cached,2.0,5.0,2.88,4,100.0,True,47.8,,1,,,False,83.5,100,62,Buy this week,48% below avg $2.88; Lowest seen; 4 prior prices
Real Canadian Superstore,"COCA-COLA MINI CANS, 6X222 ML",3.49,3.49,each,2026-10-01T03:00:00-04:00,2026-10-07T23:59:59-04:00,8163664,2.62,$/L,1332.0,True,,False,40.0,⚠️ Below Average,"Priced at $3.49, roughly matching avg of $3.48 but well above historical min of $2.99.",Cola Mini Cans,Beverages,Soda/Pop,claude_code,2.24,3.37,2.72,11,45.5,False,3.6,,1,,,False,47.5,100,78,Skip,11 prior prices; Unit price checked $/L
Real Canadian Superstore,"PC® SOFT DRINKS, 2 L",1.5,1.5,each,2026-10-01T03:00:00-04:00,2026-10-07T23:59:59-04:00,8163664,0.75,$/L,2000.0,True,,False,37.0,⚠️ Below Average,Near average ($1.42),Soft Drink,Beverages,Soda/Pop,cached,0.61,0.75,0.71,4,0.0,False,-5.6,,1,,,False,42.2,100,70,Skip,6% above average; 4 prior prices; Unit price checked $/L
Real Canadian Superstore,"NO NAME® CORN SYRUP, 1 L OR OATS, 2.25 KG",5.49,5.49,each,2026-10-01T03:00:00-04:00,2026-10-07T23:59:59-04:00,8163664,2.44,$/kg,2250.0,True,,False,50.0,😐 Fair,No price history or cross-store data available; $5.49 treated as neutral.,Corn Syrup,Pantry,Baking Supplies,claude_code,2.44,13.33,7.48,7,85.7,True,67.4,,1,,,False,90.0,100,74,Stock up,67% below avg $7.48; Lowest seen; 7 prior prices
Real Canadian Superstore,"PC® KETTLE COOKED OR RIPPLED KETTLE COOKED POTATO CHIPS, 200 G",2.5,2.5,each,2026-10-01T03:00:00-04:00,2026-10-07T23:59:59-04:00,8163664,12.5,$/kg,200.0,True,,False,50.0,😐 Fair,"Priced at $2.50, matching the historical avg and min of $2.50.",Kettle Cooked Potato Chips,Snacks,Chips/Pretzels,claude_code,7.15,45.0,14.81,60,65.8,False,15.6,,1,,,False,55.9,100,81,Only if needed,16% below avg $14.81; 60 prior prices; Unit price checked $/kg
Real Canadian Superstore,"PEARL MILLING COMPANY PANCAKE & WAFFLE MIX, 905 G OR SYRUP, 710 ML",3.79,3.79,each,2026-10-01T03:00:00-04:00,2026-10-07T23:59:59-04:00,8163664,4.19,$/kg,905.0,True,,False,43.0,⚠️ Below Average,"Priced at $3.79, 5% below avg of $3.98, but above historical min of $3.50.",Pancake & Waffle Mix,Pantry,Breakfast/Cereal,claude_code,3.87,12.43,4.75,11,18.2,False,11.8,,1,,,False,53.3,100,78,Only if needed,12% below avg $4.75; 11 prior prices; Unit price checked $/kg
Real Canadian Superstore,"CRANBERRIES, 340 G",2.5,2.5,each,2026-10-01T03:00:00-04:00,2026-10-07T23:59:59-04:00,8163664,7.35,$/kg,340.0,True,,False,50.0,😐 Fair,No price history or cross-store data available; $2.50 treated as neutral.,Cranberries,Produce,Fruit,claude_code,8.0,24.53,14.22,5,100.0,True,48.3,1,4,2.5,Real Canadian Superstore,False,100.0,100,89,Stock up,48% below avg $14.22; Lowest seen; Cheapest of 4 stores
Real Canadian Superstore,PORK BELLY PORTIONS,5.48,5.48,each,2026-10-01T03:00:00-04:00,2026-10-07T23:59:59-04:00,8163664,,,,True,,False,50.0,😐 Fair,LOWEST PRICE in 6 months (usually $5.48),Pork Belly,Pork,nan,cached,4.99,6.99,5.54,10,40.0,False,1.0,,1,,,False,40.7,100,70,Skip,10 prior prices
Real Canadian Superstore,"PC GREENHOUSE STRAWBERRIES, 340 G",6.5,6.5,each,2026-10-01T03:00:00-04:00,2026-10-07T23:59:59-04:00,8163664,19.12,$/kg,340.0,True,,False,50.0,😐 Fair,No price history or cross-store data available; $6.50 treated as neutral.,Strawberries (Greenhouse),Produce,Fruit,claude_code,11.76,19.12,16.6,7,0.0,False,-15.2,,1,,,False,37.4,100,74,Skip,15% above average; 7 prior prices; Unit price checked $/kg
Real Canadian Superstore,PC NATURALLY SMOKED EASY TO CARVE HALF HAM WITH SUGAR MAPLE GLAZE POUCH,5.49,5.49,each,2026-10-01T03:00:00-04:00,2026-10-07T23:59:59-04:00,8163664,,,,True,no_history,False,50.0,😐 Fair,No price history or cross-store data available; $5.49 treated as neutral.,"Half Ham (Smoked, Maple Glazed)",Pork,Ham,claude_code,,,,0,,False,,,1,,,True,45.0,80,25,Skip,No price history
Real Canadian Superstore,"QUAKER MUFFIN OR COOKIE MIXES, 750/900 G OR OAT FLOUR, 700 G",5.5,5.5,each,2026-10-01T03:00:00-04:00,2026-10-07T23:59:59-04:00,8163664,6.11,$/kg,900.0,True,,False,50.0,😐 Fair,No price history or cross-store data available; $5.50 treated as neutral.,Muffin Mix,Pantry,Baking Supplies,claude_code,3.89,6.99,6.29,8,75.0,False,2.8,,1,,,True,52.0,100,74,Only if needed,8 prior prices; Unit price checked $/kg
Real Canadian Superstore,PC® SHEET SET,37.5,37.5,each,2026-10-01T03:00:00-04:00,2026-10-07T23:59:59-04:00,8163664,,,,True,,False,40.0,⚠️ Below Average,"Priced at $37.50, slightly above avg of $37.25 and above historical min of $37.00.",Sheet Set,Other,General,claude_code,2.0,60.0,27.22,56,24.1,False,-37.8,,1,,,False,21.1,100,73,Skip,38% above average; 56 prior prices
Real Canadian Superstore,"REESE'S SHAPES, HERSHEY'S SNACK SIZE CHOCOLATE OR TWIZZLERS PEANUT FREE CANDY",10.0,10.0,each,2026-10-01T03:00:00-04:00,2026-10-07T23:59:59-04:00,8163664,,,,True,,False,50.0,😐 Fair,No price history or cross-store data available; $10.00 treated as neutral.,Reese's Shapes Chocolate Candy,Snacks,Candy/Chocolate,claude_code,8.0,10.0,8.67,3,0.0,False,-15.4,,1,,,False,32.3,100,62,Skip,15% above average; 3 prior prices
Real Canadian Superstore,MAXWELL HOUSE ROAST & GROUND COFFEE 631-900 G MAXWELL HOUSE SINGLE SERVE PODS 30 PACK,15.97,15.97,each,2026-10-01T03:00:00-04:00,2026-10-07T23:59:59-04:00,8163664,17.74,$/kg,900.0,True,low_history,False,50.0,😐 Fair,No price history or cross-store data available; neutral score assigned at $15.97.,Coffee (Roast & Ground),Beverages,Coffee,claude_code,17.74,17.77,17.76,2,50.0,True,0.1,,1,,,True,60.1,90,64,Only if needed,Lowest seen; Only 2 prior prices; Unit price checked $/kg
Real Canadian Superstore,PC® SPECKLE 12 PIECE DINNERWARE SET,45.0,45.0,each,2026-10-01T03:00:00-04:00,2026-10-07T23:59:59-04:00,8163664,,,,True,,False,40.0,⚠️ Below Average,Standard pricing (no historical data),Speckle Dinnerware Set,Household & Personal,nan,cached,15.0,79.97,35.97,11,36.4,False,-25.1,,1,,,False,27.4,100,70,Skip,25% above average; 11 prior prices
Real Canadian Superstore,"OLYMPIC ORGANIC YOGURT, 1.75 KG",10.99,10.99,each,2026-10-01T03:00:00-04:00,2026-10-07T23:59:59-04:00,8163664,6.28,$/kg,1750.0,True,,False,40.0,⚠️ Below Average,Standard pricing (no historical data),Olympic Organic or Krema Yogurt,Dairy & Eggs,nan,cached,5.38,7.31,6.28,10,30.0,False,0.0,,1,,,True,50.0,100,78,Only if needed,10 prior prices; Unit price checked $/kg
Real Canadian Superstore,LIMES,0.89,0.89,each,2026-10-01T03:00:00-04:00,2026-10-07T23:59:59-04:00,8163664,,,,True,,False,91.0,🔥 Hot Deal,"72.7% below avg of $3.26 ($0.89 vs avg $3.26 over 30 data points), exceptional low price.",Limes,Produce,Fruit,claude_code,0.69,5.47,3.34,17,76.5,False,73.3,,1,,,False,75.0,100,70,Compare first,73% below avg $3.34; 17 prior prices
Real Canadian Superstore,WHOLE CHUB MACKEREL OR DRESSED TILAPIA,3.0,3.0,each,2026-10-01T03:00:00-04:00,2026-10-07T23:59:59-04:00,8163664,,,,True,,False,50.0,😐 Fair,No pricing history available for comparison at $3.00.,Mackerel (Whole),Seafood,Whole Fish,claude_code,2.5,12.0,6.44,24,77.1,False,53.4,,1,,,False,75.0,100,73,Compare first,53% below avg $6.44; 24 prior prices
Real Canadian Superstore,"PC® ORGANICS PASTA SAUCE, 700 ML",4.25,4.25,each,2026-10-01T03:00:00-04:00,2026-10-07T23:59:59-04:00,8163664,6.07,$/L,700.0,True,,False,52.0,😐 Fair,LOWEST PRICE in 6 months (usually $4.42),Organic Pasta Sauce,Pantry,Sauces/Condiments,cached,6.07,6.43,6.31,3,66.7,True,3.8,,1,,,True,62.7,100,70,Only if needed,Lowest seen; 3 prior prices; Unit price checked $/L
Real Canadian Superstore,"ORGANIC TRADITIONS SUPERFOOD LATTES & MUSHROOM COFFEE, 140/150 G",19.0,19.0,each,2026-10-01T03:00:00-04:00,2026-10-07T23:59:59-04:00,8163664,126.67,$/kg,150.0,True,no_history,False,50.0,😐 Fair,No pricing history available for comparison at $19.00.,Mushroom Coffee (Superfood Latte),Beverages,Coffee,claude_code,,,,0,,False,,,1,,,True,50.0,80,33,Only if needed,No price history; Unit price checked $/kg
Real Canadian Superstore,"PC® ORGANICS FROZEN FRUIT, 600 G",7.5,7.5,each,2026-10-01T03:00:00-04:00,2026-10-07T23:59:59-04:00,8163664,12.5,$/kg,600.0,True,,False,50.0,😐 Fair,No pricing history available for comparison at $7.50.,Frozen Fruit (Organic),Frozen,Fruit/Vegetables,claude_code,5.83,30.0,11.03,13,15.4,False,-13.4,,1,,,False,38.3,100,78,Skip,13% above average; 13 prior prices; Unit price checked $/kg
Real Canadian Superstore,"QUEEN ST. BAKERY GLUTEN FREE BREAD BAGELS 464 G, HAMBURGER BUN 360 G OR MUFFIN 432/480 G",7.5,7.5,each,2026-10-01T03:00:00-04:00,2026-10-07T23:59:59-04:00,8163664,16.16,$/kg,464.0,True,no_history,False,50.0,😐 Fair,No pricing history available for comparison at $7.50.,Bagels (Gluten Free),Bakery,Bagels/Muffins,claude_code,,,,0,,False,,,1,,,True,50.0,80,33,Only if needed,No price history; Unit price checked $/kg
Real Canadian Superstore,"GOOD PROTEIN ALL-IN-ONE SHAKES, 440 G",30.99,30.99,each,2026-10-01T03:00:00-04:00,2026-10-07T23:59:59-04:00,8163664,70.43,$/kg,440.0,True,,False,50.0,😐 Fair,No pricing history available for comparison at $30.99.,Protein Shake,Other,General,claude_code,3.0,30.99,13.66,6,0.0,False,-126.9,2,2,2.97,Walmart,False,30.0,100,85,Skip,127% above average; #2 of 2 stores; 6 prior prices
Real Canadian Superstore,"SWERVE ZERO CALORIES SWEETENER, 340 G",10.0,10.0,each,2026-10-01T03:00:00-04:00,2026-10-07T23:59:59-04:00,8163664,29.41,$/kg,340.0,True,no_history,False,50.0,😐 Fair,No pricing history available for comparison at $10.00.,Sweetener (Zero Calorie),Pantry,Baking Supplies,claude_code,,,,0,,False,,,1,,,False,45.0,80,33,Skip,No price history; Unit price checked $/kg
Real Canadian Superstore,"BIOITALIA ORGANIC GRISSINI, 120 G",2.5,2.5,each,2026-10-01T03:00:00-04:00,2026-10-07T23:59:59-04:00,8163664,20.83,$/kg,120.0,True,no_history,False,40.0,⚠️ Below Average,Standard pricing (no historical data),Grissini,Snacks,nan,cached,,,,0,,False,,,1,,,False,45.0,80,33,Skip,No price history; Unit price checked $/kg
Real Canadian Superstore,"SNACK FACTORY® PRETZEL CRISPS®, 200 G",4.5,4.5,each,2026-10-01T03:00:00-04:00,2026-10-07T23:59:59-04:00,8163664,22.5,$/kg,200.0,True,,False,57.0,😐 Fair,LOWEST PRICE in 6 months (usually $5.00),Snack Factory Pretzel Bites,Snacks,nan,cached,14.29,35.48,23.23,10,55.0,False,3.1,,1,,,False,47.2,100,78,Skip,10 prior prices; Unit price checked $/kg
Real Canadian Superstore,NATIVE HAIR CARE,13.99,13.99,each,2026-10-01T03:00:00-04:00,2026-10-07T23:59:59-04:00,8163664,,,,True,,False,36.0,⚠️ Below Average,Near average ($13.00),Hair Care,Household & Personal,Personal Care,cached,1.85,13.0,7.39,94,0.0,False,-89.4,6,6,4.99,Save-On-Foods,False,5.0,100,88,Skip,89% above average; 94 prior prices
Real Canadian Superstore,"BOURSIN SOFT CHEESE OR KAUKAUNA CHEDDAR, 130-220 G",4.5,4.5,each,2026-10-01T03:00:00-04:00,2026-10-07T23:59:59-04:00,8163664,20.45,$/kg,220.0,True,low_history,False,57.0,😐 Fair,10% below avg of $5.00 ($4.50 vs avg $5.00) and matches historical min price.,Cheese (Soft),Dairy & Eggs,Cheese (Block),claude_code,29.41,29.41,29.41,2,100.0,True,30.5,,1,,,True,81.3,90,64,Buy this week,30% below avg $29.41; Lowest seen; Only 2 prior prices
Real Canadian Superstore,"CRISCO SHORTENING, 454 G",3.99,3.99,each,2026-10-01T03:00:00-04:00,2026-10-07T23:59:59-04:00,8163664,8.79,$/kg,454.0,True,low_history,False,55.0,😐 Fair,"No price history; currently $3.99 vs best cross-store price of $3.49 at No Frills (2 stores compared), 14.3% above best.",Shortening,Pantry,Baking Supplies,claude_code,4.49,9.89,7.19,2,50.0,False,-22.3,,1,,,False,33.9,90,64,Skip,22% above average; Only 2 prior prices; Unit price checked $/kg
Real Canadian Superstore,"PC® SPLENDIDO® SALAMI CACCIATORE, 225 G OR MASTRO SALAMETTI CHUBS, 300 G",8.5,8.5,each,2026-10-01T03:00:00-04:00,2026-10-07T23:59:59-04:00,8163664,37.78,$/kg,225.0,True,no_history,False,50.0,😐 Fair,No pricing history available for comparison at $8.50.,Salami (Cacciatore),Other,Deli (Prepared),claude_code,,,,0,,False,,,1,,,False,45.0,80,33,Skip,No price history; Unit price checked $/kg
Real Canadian Superstore,"CHRISTIE FAMILY COOKIES, 374-488 G OR CAKESTERS, 285 G",4.98,4.98,each,2026-10-01T03:00:00-04:00,2026-10-07T23:59:59-04:00,8163664,10.2,$/kg,488.0,True,,False,50.0,😐 Fair,No pricing history available for comparison at $4.98.,Cookies (Family Size),Snacks,Cookies,claude_code,8.49,15.72,9.81,13,15.4,False,-4.0,,1,,,False,43.0,100,78,Skip,13 prior prices; Unit price checked $/kg
Real Canadian Superstore,"FAMILY SIZE SALAD, RENEE'S SALAD DRESSING OR VINAIGRETTE, 350/355 ML",14.0,14.0,each,2026-10-01T03:00:00-04:00,2026-10-07T23:59:59-04:00,8163664,39.44,$/L,355.0,True,no_history,False,50.0,😐 Fair,No pricing history available for comparison at $14.00.,Salad Kit (Family Size),Produce,Salad Kits,claude_code,,,,0,,False,,,1,,,False,45.0,80,33,Skip,No price history; Unit price checked $/L
Real Canadian Superstore,"NANAK PANEER, 341 G",3.99,3.99,each,2026-10-01T03:00:00-04:00,2026-10-07T23:59:59-04:00,8163664,11.7,$/kg,341.0,True,,False,67.0,😐 Fair,Slightly below avg ($4.49). Best price across 2 stores,Paneer,Dairy & Eggs,nan,cached,11.7,15.0,13.29,5,80.0,True,11.9,1,2,11.7,Real Canadian Superstore,False,83.3,100,85,Buy this week,12% below avg $13.29; Lowest seen; Cheapest of 2 stores
Real Canadian Superstore,HALLOWEEN 8' OUTDOOR INFLATABLE,99.0,99.0,each,2026-10-01T03:00:00-04:00,2026-10-07T23:59:59-04:00,8163664,,,,True,,False,50.0,😐 Fair,No pricing history available for comparison at $99.00.,Outdoor Inflatable (Halloween),Other,Seasonal,claude_code,7.97,59.98,35.49,4,0.0,False,-179.0,,1,,,False,15.0,100,62,Skip,179% above average; 4 prior prices
Real Canadian Superstore,"SENSODYNE CLINICAL WHITE OR CLINICAL REPAIR TOOTHPASTE, 75 ML",9.0,9.0,each,2026-10-01T03:00:00-04:00,2026-10-07T23:59:59-04:00,8163664,120.0,$/L,75.0,True,low_history,False,36.0,⚠️ Below Average,5.9% above avg of $8.50 ($9.00 vs avg $8.50 over 2 data points).,Toothpaste (Clinical Whitening),Household & Personal,Personal Care,claude_code,106.67,120.0,113.34,2,0.0,False,-5.9,,1,,,False,42.0,90,64,Skip,6% above average; Only 2 prior prices; Unit price checked $/L
Real Canadian Superstore,"MICHELINA'S FROZEN DINNERS OR ENTRÉES, 128-284 G",1.37,1.37,each,2026-10-01T03:00:00-04:00,2026-10-07T23:59:59-04:00,8163664,4.82,$/kg,284.0,True,,False,50.0,😐 Fair,No pricing history available for comparison at $1.37.,Frozen Dinner,Frozen,Meals/Entrees,claude_code,3.52,14.67,7.77,12,75.0,False,37.9,1,2,1.37,Real Canadian Superstore,False,91.5,100,89,Stock up,38% below avg $7.77; Cheapest of 2 stores; 12 prior prices
Real Canadian Superstore,"SHER BESAN FLOUR, 1.81 KG",6.0,6.0,each,2026-10-01T03:00:00-04:00,2026-10-07T23:59:59-04:00,8163664,3.31,$/kg,1810.0,True,,False,52.0,😐 Fair,LOWEST PRICE in 6 months (usually $6.25),Flour,Pantry,nan,cached,0.99,2.2,1.23,6,0.0,False,-169.8,3,3,0.99,No Frills,True,30.0,100,89,Skip,170% above average; #3 of 3 stores; 6 prior prices
Real Canadian Superstore,"KURKURE SNACKS, 115 G",1.5,1.5,each,2026-10-01T03:00:00-04:00,2026-10-07T23:59:59-04:00,8163664,13.04,$/kg,115.0,True,,False,75.0,✅ Good Buy,LOWEST PRICE in 6 months (usually $1.62). Best price across 2 stores,Snacks,Snacks,Chips/Pretzels,cached,5.87,78.12,21.21,16,56.2,False,38.5,2,4,5.87,Real Canadian Superstore,False,82.0,100,93,Buy this week,38% below avg $21.21; #2 of 4 stores; 16 prior prices
Real Canadian Superstore,"TAMAM BEANS, LENTILS OR CHICKPEAS, 540 ML",1.5,1.5,each,2026-10-01T03:00:00-04:00,2026-10-07T23:59:59-04:00,8163664,2.78,$/L,540.0,True,,False,50.0,😐 Fair,No pricing history available for comparison at $1.50.,Beans (Canned),Pantry,Canned Goods,claude_code,2.57,3.13,2.81,5,40.0,False,1.0,,1,,,False,45.7,100,74,Skip,5 prior prices; Unit price checked $/L
Real Canadian Superstore,"LECLERC CÉLÉBRATION COOKIES, 200-350 G",3.0,3.0,each,2026-10-01T03:00:00-04:00,2026-10-07T23:59:59-04:00,8163664,8.57,$/kg,350.0,True,,False,41.0,⚠️ Below Average,Slightly below avg ($3.07),Celebration Cookies,Snacks,Cookies,cached,7.97,12.5,9.64,7,42.9,False,11.1,1,2,3.0,Real Canadian Superstore,False,72.8,100,85,Compare first,11% below avg $9.64; Cheapest of 2 stores; 7 prior prices
Real Canadian Superstore,"PC PACIFIC WHITE SHRIMP, 31-40/LB, 400 G",7.0,7.0,each,2026-10-01T03:00:00-04:00,2026-10-07T23:59:59-04:00,8163664,17.5,$/kg,400.0,True,,False,50.0,😐 Fair,No pricing history available for comparison at $7.00.,Shrimp (31-40 ct),Seafood,Shrimp/Prawns,claude_code,1.87,40.0,22.1,23,87.0,False,20.8,,1,,,False,59.6,100,81,Only if needed,21% below avg $22.10; 23 prior prices; Unit price checked $/kg
Real Canadian Superstore,KEURIG K-EXPRESS COFFEE MAKER,110.0,110.0,each,2026-10-01T03:00:00-04:00,2026-10-07T23:59:59-04:00,8163664,,,,True,,False,50.0,😐 Fair,No pricing history available for comparison at $110.00.,Coffee Maker,Other,General,claude_code,29.97,129.97,93.73,8,50.0,False,-17.4,,1,,,True,36.3,100,66,Skip,17% above average; 8 prior prices
Real Canadian Superstore,GREEN OR RIPE PLANTAIN BANANAS,1.49,1.49,each,2026-10-01T03:00:00-04:00,2026-10-07T23:59:59-04:00,8163664,,,,True,low_history,False,50.0,😐 Fair,No pricing history available for comparison at $1.49.,Plantains,Produce,Fruit,claude_code,1.27,1.47,1.37,2,0.0,False,-8.8,,1,,,True,40.6,90,56,Skip,9% above average; Only 2 prior prices
Real Canadian Superstore,"STARBUCKS NESPRESSO VERTUO COFFEE CAPSULES, 68-100 G",12.97,12.97,each,2026-10-01T03:00:00-04:00,2026-10-07T23:59:59-04:00,8163664,129.7,$/kg,100.0,True,,False,50.0,😐 Fair,LOWEST PRICE in 6 months (usually $12.98),Coffee Capsules,Beverages,nan,cached,5.0,12.99,9.62,4,50.0,False,-34.9,,1,,,True,32.5,100,70,Skip,35% above average; 4 prior prices; Unit price checked $/kg
Real Canadian Superstore,FRESH TILAPIA FILLETS,10.0,10.0,each,2026-10-01T03:00:00-04:00,2026-10-07T23:59:59-04:00,8163664,,,,True,,False,0.0,❌ Poor Value,128% above the historical avg of $4.39 and matches the historical max of $10.00 (5 data points) - steep premium.,Tilapia Fillets,Seafood,Fish Fillets,claude_code,2.99,10.0,5.33,3,0.0,False,-87.7,,1,,,False,15.0,100,62,Skip,88% above average; 3 prior prices
Real Canadian Superstore,"MARCANGELO SALAMI, ANTIPASTO, PROSCIUTTO OR CHARCUTERIE, 150-300 G",11.5,11.5,each,2026-10-01T03:00:00-04:00,2026-10-07T23:59:59-04:00,8163664,38.33,$/kg,300.0,True,,False,50.0,😐 Fair,No pricing history available for comparison at $11.50.,Salami,Other,Deli (Prepared),claude_code,22.86,43.33,31.59,3,33.3,False,-21.3,3,3,16.67,No Frills,False,39.4,100,85,Skip,21% above average; #3 of 3 stores; 3 prior prices
Real Canadian Superstore,"TERRA DELYSSA OLIVE OIL, 500 ML",7.99,7.99,each,2026-10-01T03:00:00-04:00,2026-10-07T23:59:59-04:00,8163664,15.98,$/L,500.0,True,,False,50.0,😐 Fair,No pricing history available for comparison at $7.99.,Olive Oil,Pantry,Spices/Oils,claude_code,9.33,12.99,11.82,4,0.0,False,-35.2,1,2,7.99,Real Canadian Superstore,False,47.4,100,81,Skip,35% above average; Cheapest of 2 stores; 4 prior prices
Real Canadian Superstore,"PILLSBURY 100% WHOLE WHEAT FLOUR CHAKKI ATTA, 9.07 KG",14.0,14.0,each,2026-10-01T03:00:00-04:00,2026-10-07T23:59:59-04:00,8163664,1.54,$/kg,9070.0,True,,False,55.0,😐 Fair,6.7% below avg of $15.00 ($14.00 vs avg $15.00) and matches historical min.,Whole Wheat Flour,Pantry,Baking Supplies,claude_code,1.43,1.87,1.58,3,33.3,False,2.3,,1,,,True,51.6,100,70,Only if needed,3 prior prices; Unit price checked $/kg
Real Canadian Superstore,VATIKA HAMAM ZAITH HAIR CARE,12.5,12.5,each,2026-10-01T03:00:00-04:00,2026-10-07T23:59:59-04:00,8163664,,,,True,,False,50.0,😐 Fair,LOWEST PRICE in 6 months (usually $12.50),Hair Care,Household & Personal,nan,cached,1.85,13.0,7.39,94,2.1,False,-69.2,5,6,4.99,Save-On-Foods,False,5.0,100,88,Skip,69% above average; 94 prior prices
Real Canadian Superstore,"MAGGI MASALA NOODLES, 70 G",0.35,0.35,each,2026-10-01T03:00:00-04:00,2026-10-07T23:59:59-04:00,8163664,5.0,$/kg,70.0,True,,False,40.0,⚠️ Below Average,Standard pricing (no historical data),Masala Noodles,Pantry,nan,cached,0.49,1.79,1.14,4,100.0,True,69.3,1,2,0.35,Real Canadian Superstore,False,100.0,100,81,Stock up,69% below avg $1.14; Lowest seen; Cheapest of 2 stores
Real Canadian Superstore,COCONUT,2.98,2.98,each,2026-10-01T03:00:00-04:00,2026-10-07T23:59:59-04:00,8163664,,,,True,,False,62.0,😐 Fair,"24.7% below avg of $3.96 ($2.98 vs avg $3.96 over 199 data points), though 98.7% above the best cross-store price of $1.50.",Coconut,Produce,Fruit,claude_code,2.28,4.99,3.46,7,71.4,False,13.8,2,2,2.28,Walmart,False,59.7,100,77,Only if needed,14% below avg $3.46; #2 of 2 stores; 7 prior prices
Real Canadian Superstore,"BLUE DIAMOND ALMONDS, 170 G",10.0,10.0,each,2026-10-01T03:00:00-04:00,2026-10-07T23:59:59-04:00,8163664,58.82,$/kg,170.0,True,low_history,False,40.0,⚠️ Below Average,Standard pricing (no historical data),Almonds,Snacks,nan,cached,22.5,32.9,27.7,2,0.0,False,-112.3,,1,,,False,20.0,90,64,Skip,112% above average; Only 2 prior prices; Unit price checked $/kg
Real Canadian Superstore,"FARMER'S MARKET™ PIE, 580 G - 1 KG",5.94,5.94,each,2026-10-01T03:00:00-04:00,2026-10-07T23:59:59-04:00,8163664,5.94,$/kg,1000.0,True,,False,50.0,😐 Fair,No pricing history available for comparison at $5.94.,Pie,Bakery,Desserts/Cakes,claude_code,6.0,7.33,6.58,4,100.0,True,9.8,,1,,,False,61.9,100,70,Only if needed,10% below avg $6.58; Lowest seen; 4 prior prices
Real Canadian Superstore,"NO NAME® COCONUT, 200 G OR WALNUTS, 100 G",3.0,3.0,each,2026-10-01T03:00:00-04:00,2026-10-07T23:59:59-04:00,8163664,15.0,$/kg,200.0,True,low_history,False,50.0,😐 Fair,No pricing history available for comparison at $3.00.,Coconut (Shredded),Pantry,Baking Supplies,claude_code,15.0,15.0,15.0,2,25.0,True,0.0,,1,,,False,55.0,90,64,Only if needed,Lowest seen; Only 2 prior prices; Unit price checked $/kg
Real Canadian Superstore,SEAQUEST ZIPPERBACK® WHITE PACIFIC SHRIMP,13.0,13.0,each,2026-10-01T03:00:00-04:00,2026-10-07T23:59:59-04:00,8163664,,,,True,,False,50.0,😐 Fair,No pricing history available for comparison at $13.00.,Shrimp (White Pacific),Seafood,Shrimp/Prawns,claude_code,6.0,26.0,8.92,18,5.6,False,-45.8,,1,,,False,17.1,100,70,Skip,46% above average; 18 prior prices
Real Canadian Superstore,"SENSODYNE OR PRONAMEL TOOTHPASTE, 75 ML",7.5,7.5,each,2026-10-01T03:00:00-04:00,2026-10-07T23:59:59-04:00,8163664,100.0,$/L,75.0,True,,False,24.0,❌ Poor Value,Above average (usually $5.70),Sensodyne or Pronamel Toothpaste,Household & Personal,Oral Care,cached,5.0,150.0,38.36,56,8.9,False,-160.7,,1,,,False,20.0,100,81,Skip,161% above average; 56 prior prices; Unit price checked $/L
Real Canadian Superstore,PC® TOTAL COMFORT PILLOW,17.0,17.0,each,2026-10-01T03:00:00-04:00,2026-10-07T23:59:59-04:00,8163664,,,,True,,False,50.0,😐 Fair,No pricing history available for comparison at $17.00.,Pillow,Other,General,claude_code,4.47,10.47,6.47,3,0.0,False,-162.8,,1,,,False,15.0,100,62,Skip,163% above average; 3 prior prices
Real Canadian Superstore,"PC® SPLENDIDO® SLICED MEATS, 100 G",6.0,6.0,each,2026-10-01T03:00:00-04:00,2026-10-07T23:59:59-04:00,8163664,60.0,$/kg,100.0,True,,False,53.0,😐 Fair,4% below avg of $6.25 ($6.00 vs avg $6.25) and matches historical min.,Sliced Meats,Other,Deli (Prepared),claude_code,1.99,10.0,4.99,10,50.0,False,-20.2,,1,,,False,34.9,100,78,Skip,20% above average; 10 prior prices; Unit price checked $/kg
Real Canadian Superstore,PC® MATTE STONE SERVE PLATTER,20.0,20.0,each,2026-10-01T03:00:00-04:00,2026-10-07T23:59:59-04:00,8163664,,,,True,no_history,False,50.0,😐 Fair,No pricing history available for comparison at $20.00.,Serving Platter,Other,General,claude_code,,,,0,,False,,,1,,,False,40.0,80,25,Skip,No price history
Real Canadian Superstore,HALLOWEEN CERAMIC FIGURES,2.5,2.5,each,2026-10-01T03:00:00-04:00,2026-10-07T23:59:59-04:00,8163664,,,,True,low_history,False,50.0,😐 Fair,No pricing history available for comparison at $2.50.,Ceramic Figures (Halloween),Other,Seasonal,claude_code,2.5,7.97,5.24,2,50.0,True,52.2,,1,,,False,85.0,90,56,Compare first,52% below avg $5.24; Lowest seen; Only 2 prior prices
Real Canadian Superstore,"LOU'S ENTRÉES BEEF POT ROAST AU JUS, 375G",10.0,10.0,each,2026-10-01T03:00:00-04:00,2026-10-07T23:59:59-04:00,8163664,26.67,$/kg,375.0,True,,False,36.0,⚠️ Below Average,"5.3% above avg of $9.50 ($10.00 vs avg $9.50 over 2 data points), matches historical max.",Beef Pot Roast (Prepared),Frozen,Meals/Entrees,claude_code,22.5,26.67,24.54,4,0.0,False,-8.7,,1,,,False,40.6,100,70,Skip,9% above average; 4 prior prices; Unit price checked $/kg
Real Canadian Superstore,GILLETTE FUSION OR VENUS COMFORT GLIDE 3'S OR SHAPE OIL 20 - 30 ML,12.96,12.96,each,2026-10-01T03:00:00-04:00,2026-10-07T23:59:59-04:00,8163664,432.0,$/L,30.0,True,no_history,False,50.0,😐 Fair,No pricing history available for comparison at $12.96.,Razor Cartridges (Fusion),Household & Personal,Personal Care,claude_code,,,,0,,False,,,1,,,False,45.0,80,33,Skip,No price history; Unit price checked $/L
Real Canadian Superstore,"JELL-O JELLY POWDER MIX, 9.1-85 G",1.0,1.0,each,2026-10-01T03:00:00-04:00,2026-10-07T23:59:59-04:00,8163664,11.76,$/kg,85.0,True,,False,50.0,😐 Fair,No pricing history available for comparison at $1.00.,Jelly Powder Mix,Pantry,Baking Supplies,claude_code,11.76,130.6,62.28,5,80.0,True,81.1,,1,,,False,90.0,100,74,Stock up,81% below avg $62.28; Lowest seen; 5 prior prices
Real Canadian Superstore,"PARTAKE NON ALCOHOLIC BEER, 6X355 ML",9.99,9.99,each,2026-10-01T03:00:00-04:00,2026-10-07T23:59:59-04:00,8163664,4.69,$/L,2130.0,True,,False,50.0,😐 Fair,No pricing history available for comparison at $9.99.,Non-Alcoholic Beer,Beverages,Soda/Pop,claude_code,3.75,5.68,4.75,5,50.0,False,1.2,3,3,4.69,Real Canadian Superstore,False,50.8,100,89,Only if needed,#3 of 3 stores; 5 prior prices; Unit price checked $/L
Real Canadian Superstore,"NO NAME® FLOUR, 10 KG",10.0,10.0,each,2026-10-01T03:00:00-04:00,2026-10-07T23:59:59-04:00,8163664,1.0,$/kg,10000.0,True,,False,49.0,⚠️ Below Average,Near average ($9.88). $9.88 at No Frills,Flour,Pantry,Baking Supplies,cached,0.99,2.2,1.23,6,33.3,False,18.5,2,3,0.99,No Frills,True,73.0,100,89,Compare first,18% below avg $1.23; #2 of 3 stores; 6 prior prices
Real Canadian Superstore,"FARMER'S MARKET™ SWEET CORN, 5'S",6.0,6.0,each,2026-10-01T03:00:00-04:00,2026-10-07T23:59:59-04:00,8163664,1.2,$/each,5.0,True,,False,50.0,😐 Fair,No pricing history available for comparison at $6.00.,Sweet Corn,Produce,Vegetables,claude_code,0.5,0.6,0.57,3,0.0,False,-958.8,,1,,,False,20.0,100,70,Skip,959% above average; 3 prior prices; Unit price checked $/each
Real Canadian Superstore,"FONTAINE SANTÉ HUMMUS, 300-482 G",7.0,7.0,each,2026-10-01T03:00:00-04:00,2026-10-07T23:59:59-04:00,8163664,14.52,$/kg,482.0,True,,False,50.0,😐 Fair,No pricing history available for comparison at $7.00.,Hummus,Other,Deli (Prepared),claude_code,12.37,14.13,13.28,5,0.0,False,-9.3,1,2,14.52,Real Canadian Superstore,False,60.4,100,85,Only if needed,9% above average; Cheapest of 2 stores; 5 prior prices
Real Canadian Superstore,"PC® AND BLUE MENU® NATURAL CHOICE® TURKEY, CHICKEN OR SALAMI",3.5,3.5,each,2026-10-01T03:00:00-04:00,2026-10-07T23:59:59-04:00,8163664,,,,True,,False,50.0,😐 Fair,No pricing history available for comparison at $3.50.,Deli Meat (Turkey),Other,Deli (Prepared),claude_code,3.5,3.5,3.5,7,42.9,True,0.0,,1,,,False,50.0,100,66,Only if needed,Lowest seen; 7 prior prices
Real Canadian Superstore,"PC® BREAD OR BUNS, 565/675 G",4.0,4.0,each,2026-10-01T03:00:00-04:00,2026-10-07T23:59:59-04:00,8163664,5.93,$/kg,675.0,True,,False,50.0,😐 Fair,No pricing history available for comparison at $4.00.,Bread,Bakery,Bread,claude_code,3.67,12.96,6.24,17,41.2,False,5.0,2,4,4.44,No Frills,True,63.5,100,93,Only if needed,5% below avg $6.24; #2 of 4 stores; 17 prior prices
Real Canadian Superstore,"MONSTER ENERGY DRINKS, 444-473 ML",2.48,2.48,each,2026-10-01T03:00:00-04:00,2026-10-07T23:59:59-04:00,8163664,5.24,$/L,473.0,True,,False,58.0,😐 Fair,LOWEST PRICE in 6 months (usually $2.82),Energy Drinks,Beverages,Energy/Sports Drinks,cached,5.29,6.34,6.06,4,100.0,True,13.6,1,3,2.48,Real Canadian Superstore,False,84.5,100,85,Buy this week,14% below avg $6.06; Lowest seen; Cheapest of 3 stores
Real Canadian Superstore,"FRITO-LAY HALLOWEEN CHIP PACKS, 40'S",10.99,10.99,each,2026-10-01T03:00:00-04:00,2026-10-07T23:59:59-04:00,8163664,0.27,$/each,40.0,True,no_history,False,45.0,⚠️ Below Average,No price history available for this item; $10.99 ($0.27/each) treated as neutral/no-data score.,"Chip Packs (Variety, Halloween)",Snacks,Chips/Pretzels,claude_code,,,,0,,False,,,1,,,False,45.0,80,33,Skip,No price history; Unit price checked $/each
Real Canadian Superstore,"PC FROZEN VEGETABLES, 1.75 KG",7.99,7.99,each,2026-10-01T03:00:00-04:00,2026-10-07T23:59:59-04:00,8163664,4.57,$/kg,1750.0,True,,False,45.0,⚠️ Below Average,No price history available; $7.99 ($4.57/kg) treated as neutral/no-data score.,Frozen Vegetables,Frozen,Fruit/Vegetables,claude_code,2.96,17.99,5.43,23,13.0,False,-47.2,5,5,2.77,No Frills,False,11.4,100,96,Skip,47% above average; 23 prior prices; Unit price checked $/kg
Real Canadian Superstore,"GAY LEA WHIPPED CREAM, 225 G",5.0,5.0,each,2026-10-01T03:00:00-04:00,2026-10-07T23:59:59-04:00,8163664,22.22,$/kg,225.0,True,,False,40.0,⚠️ Below Average,Standard pricing (no historical data),Whipped Cream,Dairy & Eggs,Cream,cached,4.0,5.5,4.54,7,14.3,False,-10.2,,1,,,False,39.9,100,74,Skip,10% above average; 7 prior prices; Unit price checked $/kg
Real Canadian Superstore,"HARIBO GUMMY CANDIES, 170/175 G",2.48,2.48,each,2026-10-01T03:00:00-04:00,2026-10-07T23:59:59-04:00,8163664,14.17,$/kg,175.0,True,,False,70.0,✅ Good Buy,27.9% below avg of $3.44 and matches historical low of $2.48.,Gummy Candies,Snacks,Candy/Chocolate,claude_code,14.17,31.43,22.11,5,80.0,True,35.9,,1,,,False,80.1,100,74,Buy this week,36% below avg $22.11; Lowest seen; 5 prior prices
Real Canadian Superstore,"CRISPY CAKE RUSK, 550 G",5.0,5.0,each,2026-10-01T03:00:00-04:00,2026-10-07T23:59:59-04:00,8163664,9.09,$/kg,550.0,True,no_history,False,40.0,⚠️ Below Average,Standard pricing (no historical data),Cake Rusk,Bakery,nan,cached,,,,0,,False,,,1,,,False,45.0,80,33,Skip,No price history; Unit price checked $/kg
Real Canadian Superstore,VATIKA HENNA HAIR COLOUR,4.5,4.5,each,2026-10-01T03:00:00-04:00,2026-10-07T23:59:59-04:00,8163664,,,,True,,False,50.0,😐 Fair,LOWEST PRICE in 6 months (usually $4.50),Henna Hair Colour,Household & Personal,nan,cached,4.5,16.99,10.36,64,97.7,True,56.6,,1,,,False,85.0,100,73,Buy this week,57% below avg $10.36; Lowest seen; 64 prior prices
Real Canadian Superstore,"DABUR VATIKA, BAJAJ OR PARACHUT HAIR OIL",3.87,3.87,each,2026-10-01T03:00:00-04:00,2026-10-07T23:59:59-04:00,8163664,,,,True,,False,45.0,⚠️ Below Average,No price history available; $3.87 treated as neutral/no-data score.,Hair Oil,Household & Personal,Personal Care,claude_code,6.5,7.0,6.83,3,100.0,True,43.4,,1,,,False,80.4,100,62,Buy this week,43% below avg $6.83; Lowest seen; 3 prior prices
Real Canadian Superstore,"TRESEMMÉ SHAMPOO OR CONDITIONER, 1.5 L",10.0,10.0,each,2026-10-01T03:00:00-04:00,2026-10-07T23:59:59-04:00,8163664,6.67,$/L,1500.0,True,,False,28.0,❌ Poor Value,"16.8% above avg of $8.56, and well above historical low of $6.97; not the best-seen price.",Shampoo,Household & Personal,Personal Care,claude_code,5.19,24.15,14.06,17,94.1,False,52.5,1,2,6.67,Real Canadian Superstore,False,100.0,100,89,Stock up,52% below avg $14.06; Cheapest of 2 stores; 17 prior prices
Real Canadian Superstore,"ST-HUBERT TOURTIÈRE OR SWISS CHALET POT PIES, 650-800 G",9.0,9.0,each,2026-10-01T03:00:00-04:00,2026-10-07T23:59:59-04:00,8163664,11.25,$/kg,800.0,True,no_history,False,45.0,⚠️ Below Average,No price history available; $9.00 ($11.25/kg) treated as neutral/no-data score.,Tourtière (Meat Pie),Frozen,Meals/Entrees,claude_code,,,,0,,False,,,1,,,False,45.0,80,33,Skip,No price history; Unit price checked $/kg
Real Canadian Superstore,"MINUTE RICE LONG GRAIN WHITE RICE, 2.6 KG",9.97,9.97,each,2026-10-01T03:00:00-04:00,2026-10-07T23:59:59-04:00,8163664,3.83,$/kg,2600.0,True,,False,45.0,⚠️ Below Average,No price history available; $9.97 ($3.83/kg) treated as neutral/no-data score.,Rice (Long Grain White),Pantry,Rice,claude_code,2.5,7.13,4.43,4,50.0,False,13.5,,1,,,True,59.5,100,70,Only if needed,14% below avg $4.43; 4 prior prices; Unit price checked $/kg
Real Canadian Superstore,JOE FRESH,29.99,29.99,each,2026-10-01T03:00:00-04:00,2026-10-07T23:59:59-04:00,8163664,,,,True,,False,0.0,❌ Poor Value,58.9% above avg of $18.87 and at the historical max of $29.99 (8 prior observations).,Apparel,Other,General,claude_code,7.99,29.99,18.87,8,0.0,False,-58.9,,1,,,False,15.0,100,66,Skip,59% above average; 8 prior prices
Real Canadian Superstore,"CLASSICO PASTA SAUCE, 410 – 600 ML",2.97,2.97,each,2026-10-01T03:00:00-04:00,2026-10-07T23:59:59-04:00,8163664,4.95,$/L,600.0,True,,False,45.0,⚠️ Below Average,No price history available; $2.97 ($4.95/L) treated as neutral/no-data score.,Pasta Sauce,Pantry,Sauces/Condiments,claude_code,2.94,5.45,4.36,6,16.7,False,-13.5,1,4,2.97,Real Canadian Superstore,True,63.2,100,89,Only if needed,14% above average; Cheapest of 4 stores; 6 prior prices
Real Canadian Superstore,"KRAFT PEANUT BUTTER, 750 G – 1 KG MAXWELL HOUSE INSTANT COFFEE, 150 G",5.97,5.97,each,2026-10-01T03:00:00-04:00,2026-10-07T23:59:59-04:00,8163664,5.97,$/kg,1000.0,True,,False,45.0,⚠️ Below Average,No price history available; $5.97 ($5.97/kg) treated as neutral/no-data score.,Peanut Butter,Pantry,Sauces/Condiments,claude_code,4.47,16.0,6.98,16,62.5,False,14.4,2,3,4.5,No Frills,True,70.1,100,93,Compare first,14% below avg $6.98; #2 of 3 stores; 16 prior prices
Real Canadian Superstore,"IN-STORE MADE SINGLE SERVE ONE PAN MEALS OR POWER BOWLS, 403-570 G",8.0,8.0,each,2026-10-01T03:00:00-04:00,2026-10-07T23:59:59-04:00,8163664,14.04,$/kg,570.0,True,,False,45.0,⚠️ Below Average,No price history available; $8.00 ($14.04/kg) treated as neutral/no-data score.,One Pan Meal / Power Bowl,Other,Deli (Prepared),claude_code,18.26,40.0,32.56,4,100.0,True,56.9,,1,,,False,90.0,100,70,Buy this week,57% below avg $32.56; Lowest seen; 4 prior prices
Real Canadian Superstore,"DARE REAL FRUIT GUMMIES, 350 G",4.0,4.0,each,2026-10-01T03:00:00-04:00,2026-10-07T23:59:59-04:00,8163664,11.43,$/kg,350.0,True,,False,45.0,⚠️ Below Average,No price history available; $4.00 ($11.43/kg) treated as neutral/no-data score.,Fruit Gummies,Snacks,Candy/Chocolate,claude_code,6.41,20.0,12.75,16,37.5,False,10.4,,1,,,False,52.3,100,78,Only if needed,10% below avg $12.75; 16 prior prices; Unit price checked $/kg
Real Canadian Superstore,HIGH LINER FROZEN BREADED OR BATTERED FISH 350-700 G OR SHRIMP 315-330 G,5.99,5.99,each,2026-10-01T03:00:00-04:00,2026-10-07T23:59:59-04:00,8163664,8.56,$/kg,700.0,True,,False,45.0,⚠️ Below Average,No price history available; $5.99 ($8.56/kg) treated as neutral/no-data score.,Breaded Fish,Frozen,Meat/Seafood (Frozen),claude_code,9.99,11.41,10.46,3,100.0,True,18.2,,1,,,True,72.7,100,70,Compare first,18% below avg $10.46; Lowest seen; 3 prior prices
Real Canadian Superstore,"ROOSTER TOFU, 454 G",4.98,4.98,each,2026-10-01T03:00:00-04:00,2026-10-07T23:59:59-04:00,8163664,10.97,$/kg,454.0,True,,False,45.0,⚠️ Below Average,No price history available; $4.98 ($10.97/kg) treated as neutral/no-data score.,Tofu,Other,General,claude_code,4.26,5.51,4.8,4,0.0,False,-128.8,,1,,,False,20.0,100,70,Skip,129% above average; 4 prior prices; Unit price checked $/kg
Real Canadian Superstore,"BIC DISPOSABLE RAZORS, 5-8'S",6.79,6.79,each,2026-10-01T03:00:00-04:00,2026-10-07T23:59:59-04:00,8163664,0.85,$/each,8.0,True,,False,45.0,⚠️ Below Average,No price history available; $6.79 ($0.85/each) treated as neutral/no-data score.,Disposable Razors,Household & Personal,Personal Care,claude_code,0.3,1.12,0.87,6,66.7,False,2.5,,1,,,False,46.8,100,74,Skip,6 prior prices; Unit price checked $/each
Real Canadian Superstore,"PC® COOKING SPRAYS, 120-170 ML",4.0,4.0,each,2026-10-01T03:00:00-04:00,2026-10-07T23:59:59-04:00,8163664,23.53,$/L,170.0,True,,False,45.0,⚠️ Below Average,No price history available; $4.00 ($23.53/L) treated as neutral/no-data score.,Cooking Spray,Pantry,Spices/Oils,claude_code,2.99,9.49,5.24,10,60.0,False,23.7,,1,,,False,61.6,100,78,Only if needed,24% below avg $5.24; 10 prior prices; Unit price checked $/L
Real Canadian Superstore,"OCEAN'S WHITE TUNA, 170 G",3.25,3.25,each,2026-10-01T03:00:00-04:00,2026-10-07T23:59:59-04:00,8163664,19.12,$/kg,170.0,True,,False,34.0,⚠️ Below Average,"8.3% above avg of $3.00, above historical low of $2.99 (3 prior observations).",Tuna (Canned),Pantry,Canned Goods,claude_code,5.88,17.65,12.63,23,0.0,False,-51.4,,1,,,False,20.0,100,81,Skip,51% above average; 23 prior prices; Unit price checked $/kg
Real Canadian Superstore,"CLOROX DISINFECTING WIPES, 75'S",4.99,4.99,each,2026-10-01T03:00:00-04:00,2026-10-07T23:59:59-04:00,8163664,0.07,$/each,75.0,True,,False,50.0,😐 Fair,"At avg price of $4.99, matching the historical low ($4.99, 4 prior observations).",Disinfecting Wipes,Household & Personal,Cleaning Supplies,claude_code,3.97,15.97,7.49,12,62.5,False,33.4,,1,,,False,68.4,100,78,Only if needed,33% below avg $7.49; 12 prior prices; Unit price checked $/each
Real Canadian Superstore,"POGO SELECTED VARIETIES, 870'S",7.99,7.99,each,2026-10-01T03:00:00-04:00,2026-10-07T23:59:59-04:00,8163664,0.01,$/each,870.0,True,,False,45.0,⚠️ Below Average,No price history available; $7.99 ($0.01/each) treated as neutral/no-data score.,Corn Dogs,Frozen,Meals/Entrees,claude_code,7.99,15.0,10.5,6,83.3,True,23.9,1,3,7.99,Real Canadian Superstore,False,91.7,100,89,Stock up,24% below avg $10.50; Lowest seen; Cheapest of 3 stores
Real Canadian Superstore,"IÖGO YOGURT, 2 KG",9.47,9.47,each,2026-10-01T03:00:00-04:00,2026-10-07T23:59:59-04:00,8163664,4.74,$/kg,2000.0,True,,False,40.0,⚠️ Below Average,Standard pricing (no historical data),Iögo Yogurt,Dairy & Eggs,Yogurt,cached,2.65,70.0,8.07,96,75.0,False,41.3,,1,,,True,78.9,100,81,Buy this week,41% below avg $8.07; 96 prior prices; Unit price checked $/kg
Real Canadian Superstore,"TRADITIONAL MEDICINALS TEA, 16'S",5.49,5.49,each,2026-10-01T03:00:00-04:00,2026-10-07T23:59:59-04:00,8163664,0.34,$/each,16.0,True,,False,40.0,⚠️ Below Average,Standard pricing (no historical data),Herbal Tea,Beverages,Tea,cached,0.04,0.34,0.14,7,0.0,False,-142.9,,1,,,False,20.0,100,74,Skip,143% above average; 7 prior prices; Unit price checked $/each
Real Canadian Superstore,"BOB'S RED MILL OATS, 454-907 G",5.35,5.35,each,2026-10-01T03:00:00-04:00,2026-10-07T23:59:59-04:00,8163664,5.9,$/kg,907.0,True,,False,45.0,⚠️ Below Average,No price history available; $5.35 ($5.90/kg) treated as neutral/no-data score.,Oats,Pantry,Breakfast/Cereal,claude_code,2.77,5.0,3.31,5,0.0,False,-78.4,5,5,3.99,Sobeys,False,10.0,100,89,Skip,78% above average; 5 prior prices; Unit price checked $/kg
Real Canadian Superstore,"OZERY FAMILY BAKERY SUPER SEED CRUNCH, 150 G",5.0,5.0,each,2026-10-01T03:00:00-04:00,2026-10-07T23:59:59-04:00,8163664,33.33,$/kg,150.0,True,,False,45.0,⚠️ Below Average,No price history available; $5.00 ($33.33/kg) treated as neutral/no-data score.,Super Seed Crunch Bread,Bakery,Bread,claude_code,3.99,4.69,4.16,8,0.0,False,-20.0,,1,,,False,35.0,100,74,Skip,20% above average; 8 prior prices; Unit price checked $/kg
Real Canadian Superstore,COLGATE® MEGA PREMIUM TOOTHPASTE 70 - 133 ML OR TOOTHBRUSHES,6.5,6.5,each,2026-10-01T03:00:00-04:00,2026-10-07T23:59:59-04:00,8163664,48.87,$/L,133.0,True,,False,37.0,⚠️ Below Average,"4% above avg of $6.25, above historical low of $6.00 (2 prior observations).",Toothpaste,Household & Personal,Personal Care,claude_code,6.99,99.57,35.79,28,25.0,False,-36.6,4,7,6.5,Real Canadian Superstore,False,16.7,100,96,Skip,37% above average; 28 prior prices; Unit price checked $/L
Real Canadian Superstore,"NANAK DESI GHEE, 400 G",8.0,8.0,each,2026-10-01T03:00:00-04:00,2026-10-07T23:59:59-04:00,8163664,20.0,$/kg,400.0,True,low_history,False,45.0,⚠️ Below Average,No price history available; $8.00 ($20.00/kg) treated as neutral/no-data score.,Ghee,Dairy & Eggs,Butter/Margarine,claude_code,14.36,14.8,14.58,2,0.0,False,-37.2,1,4,8.0,Real Canadian Superstore,False,46.4,90,79,Skip,37% above average; Cheapest of 4 stores; Only 2 prior prices
Real Canadian Superstore,"CRISPY ROTI WRAPS, 750 G",3.5,3.5,each,2026-10-01T03:00:00-04:00,2026-10-07T23:59:59-04:00,8163664,4.67,$/kg,750.0,True,,False,40.0,⚠️ Below Average,"At avg price of $3.50, slightly above historical low of $3.49 (2 prior observations).",Roti Wraps,Bakery,Tortillas/Wraps,claude_code,4.65,4.67,4.66,3,16.7,False,-0.1,,1,,,False,45.0,100,70,Skip,3 prior prices; Unit price checked $/kg
Real Canadian Superstore,"PRINGLES PARTY STACK POTATO CHIPS, 179/188 G OR MINGLES, 155 G",2.99,2.99,each,2026-10-01T03:00:00-04:00,2026-10-07T23:59:59-04:00,8163664,15.9,$/kg,188.0,True,,False,55.0,😐 Fair,7.7% below avg of $3.24 and matches historical low of $2.99 (2 prior observations).,Potato Chips,Snacks,Chips/Pretzels,claude_code,7.15,29.79,15.7,42,38.1,False,-1.3,6,12,2.5,Real Canadian Superstore,False,34.4,100,96,Skip,42 prior prices; Unit price checked $/kg
Real Canadian Superstore,"KELLOGG'S NUTRI GRAIN BARS, 295 G, POP-TARTS, 384 G, RICE KRISPIES SQUARES OR BARS, 154-198 G OR SPECIAL K FRUIT CRISPS, 125 G",2.47,2.47,each,2026-10-01T03:00:00-04:00,2026-10-07T23:59:59-04:00,8163664,8.37,$/kg,295.0,True,,False,45.0,⚠️ Below Average,No price history available; $2.47 ($8.37/kg) treated as neutral/no-data score.,Nutri Grain Bars,Snacks,Bars/Granola,claude_code,7.5,23.73,13.79,3,66.7,False,39.3,,1,,,True,77.5,100,70,Buy this week,39% below avg $13.79; 3 prior prices; Unit price checked $/kg
Real Canadian Superstore,"KEWPIE MAYONNAISE, 465 ML",6.49,6.49,each,2026-10-01T03:00:00-04:00,2026-10-07T23:59:59-04:00,8163664,13.96,$/L,465.0,True,,False,35.0,⚠️ Below Average,Near average ($5.90),Mayonnaise,Pantry,nan,cached,6.33,10.11,7.97,5,0.0,False,-75.1,2,2,5.62,Real Canadian Superstore,False,30.0,100,85,Skip,75% above average; #2 of 2 stores; 5 prior prices
Real Canadian Superstore,"ZEN GOURMET READY TO HEAT MEALS, 450 G",17.0,17.0,each,2026-10-01T03:00:00-04:00,2026-10-07T23:59:59-04:00,8163664,37.78,$/kg,450.0,True,no_history,False,45.0,⚠️ Below Average,No price history available; $17.00 ($37.78/kg) treated as neutral/no-data score.,Ready to Heat Meal,Frozen,Meals/Entrees,claude_code,,,,0,,False,,,1,,,False,45.0,80,33,Skip,No price history; Unit price checked $/kg
Real Canadian Superstore,PC® DENIM 12 PIECE DINNERWARE SET,45.0,45.0,each,2026-10-01T03:00:00-04:00,2026-10-07T23:59:59-04:00,8163664,,,,True,,False,40.0,⚠️ Below Average,Standard pricing (no historical data),Dinnerware Set,Household & Personal,nan,cached,15.0,79.97,35.97,11,36.4,False,-25.1,,1,,,False,27.4,100,70,Skip,25% above average; 11 prior prices
Real Canadian Superstore,"LARABAR ENERGY BARS, 16 X 45/48 G",21.99,21.99,each,2026-10-01T03:00:00-04:00,2026-10-07T23:59:59-04:00,8163664,,,,True,unit_price_outlier,False,45.0,⚠️ Below Average,No price history available; $21.99 treated as neutral/no-data score.,Energy Bars,Snacks,Bars/Granola,claude_code,2.29,19.99,8.47,8,0.0,False,-159.7,,1,,,False,15.0,65,47,Skip,160% above average; 8 prior prices
Real Canadian Superstore,"NATURE CLEAN DISHWASHER GEL, 1.8 L OR PODS, 60'S",12.49,12.49,each,2026-10-01T03:00:00-04:00,2026-10-07T23:59:59-04:00,8163664,6.94,$/L,1800.0,True,no_history,False,45.0,⚠️ Below Average,No price history available; $12.49 ($6.94/L) treated as neutral/no-data score.,Dishwasher Gel,Household & Personal,Cleaning Supplies,claude_code,,,,0,,False,,,1,,,False,45.0,80,33,Skip,No price history; Unit price checked $/L
Real Canadian Superstore,HALLOWEEN OUTDOOR INFLATABLES,32.0,32.0,each,2026-10-01T03:00:00-04:00,2026-10-07T23:59:59-04:00,8163664,,,,True,,False,45.0,⚠️ Below Average,No price history available; $32.00 treated as neutral/no-data score.,Halloween Inflatable,Other,Seasonal,claude_code,29.0,59.98,44.66,3,66.7,False,28.3,1,3,32.0,Real Canadian Superstore,False,79.8,100,77,Buy this week,28% below avg $44.66; Cheapest of 3 stores; 3 prior prices
Real Canadian Superstore,HALLOWEEN PUMPKINS,3.5,3.5,each,2026-10-01T03:00:00-04:00,2026-10-07T23:59:59-04:00,8163664,,,,True,,False,45.0,⚠️ Below Average,No price history available; $3.50 treated as neutral/no-data score.,Pumpkin (Decorative),Other,Seasonal,claude_code,2.0,39.98,9.3,13,61.5,False,62.4,,1,,,False,75.0,100,70,Compare first,62% below avg $9.30; 13 prior prices
Real Canadian Superstore,HARVEST CRACKERS,10.0,10.0,each,2026-10-01T03:00:00-04:00,2026-10-07T23:59:59-04:00,8163664,,,,True,,False,66.0,😐 Fair,LOWEST PRICE in 6 months (usually $13.00),Crackers,Snacks,Crackers,cached,1.97,12.0,4.35,83,1.2,False,-129.8,,1,,,False,15.0,100,73,Skip,130% above average; 83 prior prices
Real Canadian Superstore,HALLOWEEN DÉCOR,2.5,2.5,each,2026-10-01T03:00:00-04:00,2026-10-07T23:59:59-04:00,8163664,,,,True,,False,45.0,⚠️ Below Average,No price history available; $2.50 treated as neutral/no-data score.,Halloween Decor,Other,Seasonal,claude_code,2.0,79.98,17.3,10,75.0,False,85.5,1,2,2.5,Real Canadian Superstore,False,95.0,100,81,Stock up,86% below avg $17.30; Cheapest of 2 stores; 10 prior prices
Real Canadian Superstore,"HEINZ MAYONNAISE-STYLE SAUCES, 340 ML",2.97,2.97,each,2026-10-01T03:00:00-04:00,2026-10-07T23:59:59-04:00,8163664,8.74,$/L,340.0,True,,False,50.0,😐 Fair,"At avg price of $2.97, matching the historical low ($2.97, 2 prior observations).",Mayonnaise-Style Sauce,Pantry,Sauces/Condiments,claude_code,6.99,9.41,8.1,7,28.6,False,-7.9,,1,,,False,41.0,100,74,Skip,8% above average; 7 prior prices; Unit price checked $/L
Real Canadian Superstore,"NATIVE FACIAL CLEANSERS, 370 mL",15.0,15.0,each,2026-10-01T03:00:00-04:00,2026-10-07T23:59:59-04:00,8163664,40.54,$/L,370.0,True,,False,45.0,⚠️ Below Average,No price history available; $15.00 ($40.54/L) treated as neutral/no-data score.,Facial Cleanser,Household & Personal,Personal Care,claude_code,11.29,16.97,14.42,3,33.3,False,-4.0,,1,,,False,43.0,100,70,Skip,3 prior prices; Unit price checked $/L
Real Canadian Superstore,"T&T TROPICAL CAKE, 180 G",1.88,1.88,each,2026-10-01T03:00:00-04:00,2026-10-07T23:59:59-04:00,8163664,10.44,$/kg,180.0,True,,False,45.0,⚠️ Below Average,No price history available; $1.88 ($10.44/kg) treated as neutral/no-data score.,Tropical Cake,Bakery,Desserts/Cakes,claude_code,11.06,11.11,11.1,5,100.0,True,5.9,,1,,,False,59.1,100,74,Only if needed,6% below avg $11.10; Lowest seen; 5 prior prices
Real Canadian Superstore,"ROOSTER COCONUT MILK, 398 ML",1.5,1.5,each,2026-10-01T03:00:00-04:00,2026-10-07T23:59:59-04:00,8163664,3.77,$/L,398.0,True,,False,40.0,⚠️ Below Average,Standard pricing (no historical data),Coconut Milk,Pantry,nan,cached,3.77,4.47,4.11,4,62.5,True,8.2,,1,,,True,65.7,100,70,Only if needed,8% below avg $4.11; Lowest seen; 4 prior prices
Real Canadian Superstore,"KIDDICARE DIAPERS ULTRA VALUE PACK, SIZE 3-7",32.0,32.0,each,2026-10-01T03:00:00-04:00,2026-10-07T23:59:59-04:00,8163664,,,,True,no_history,False,45.0,⚠️ Below Average,No price history available; $32.00 treated as neutral/no-data score.,Diapers (Ultra Value Pack),Household & Personal,Baby,claude_code,,,,0,,False,,,1,,,False,40.0,80,25,Skip,No price history
Real Canadian Superstore,"GERBER ORGANIC CEREAL, 208 G OR NESTLÉ CERELAC SAVOURY CEREAL, 200 G",10.0,10.0,each,2026-10-01T03:00:00-04:00,2026-10-07T23:59:59-04:00,8163664,48.08,$/kg,208.0,True,,False,45.0,⚠️ Below Average,No price history available; $10.00 ($48.08/kg) treated as neutral/no-data score.,Baby Cereal,Household & Personal,Baby,claude_code,4.99,9.0,7.5,4,0.0,False,-33.4,,1,,,True,33.3,100,70,Skip,33% above average; 4 prior prices; Unit price checked $/kg
Real Canadian Superstore,"PAMPERS EASY UPS TRAINING UNDERWEAR OR NINJAMAS NIGHTTIME UNDERWEAR, SIZES 2T-7T OR S-L, 34-74'S",27.0,27.0,each,2026-10-01T03:00:00-04:00,2026-10-07T23:59:59-04:00,8163664,0.36,$/each,74.0,True,,False,53.0,😐 Fair,"11.5% below avg of $30.50, but $0.01 above the best cross-store price of $26.99 at No Frills (2 stores compared).",Training Underwear,Household & Personal,Baby,claude_code,0.33,0.41,0.36,4,25.0,False,-0.7,1,2,0.36,Real Canadian Superstore,False,64.7,100,81,Only if needed,Cheapest of 2 stores; 4 prior prices; Unit price checked $/each
Real Canadian Superstore,FOODSAVER VACUUM SEALER AND 2 PACK ROLLS,24.0,24.0,each,2026-10-01T03:00:00-04:00,2026-10-07T23:59:59-04:00,8163664,12.0,$/each,2.0,True,,False,45.0,⚠️ Below Average,No price history available; $24.00 treated as neutral/no-data score.,Vacuum Sealer,Other,General,claude_code,22.0,23.09,22.36,3,0.0,False,-7.3,,1,,,False,41.4,100,70,Skip,7% above average; 3 prior prices; Unit price checked $/each
Real Canadian Superstore,PC® RIBBED OVAL PLATTER,20.0,20.0,each,2026-10-01T03:00:00-04:00,2026-10-07T23:59:59-04:00,8163664,,,,True,,False,45.0,⚠️ Below Average,No price history available; $20.00 treated as neutral/no-data score.,Oval Platter,Other,General,claude_code,18.0,23.0,20.57,7,42.9,False,2.8,,1,,,False,42.0,100,66,Skip,7 prior prices
Real Canadian Superstore,"LEVEL GROUND COFFEE, 300 G",16.0,16.0,each,2026-10-01T03:00:00-04:00,2026-10-07T23:59:59-04:00,8163664,53.33,$/kg,300.0,True,,False,45.0,😐 Fair,No historical or cross-store data available; neutral score,Ground Coffee,Beverages,Coffee,claude_code,16.54,59.96,30.03,13,7.7,False,-77.6,3,3,21.49,No Frills,True,30.0,100,93,Skip,78% above average; #3 of 3 stores; 13 prior prices
Real Canadian Superstore,HALLOWEEN SKULL & BONES,3.0,3.0,each,2026-10-01T03:00:00-04:00,2026-10-07T23:59:59-04:00,8163664,,,,True,low_history,False,45.0,😐 Fair,No historical or cross-store data available; neutral score,Skull & Bones Decoration,Other,Seasonal,claude_code,2.5,3.0,2.75,2,0.0,False,-9.1,,1,,,False,35.5,90,56,Skip,9% above average; Only 2 prior prices
Real Canadian Superstore,"TIDE/GAIN/IVORY SNOW LIQUID 1.24 L-2.39 L, PODS OR FLINGS 18-31'S LAUNDRY DETERGENT, DOWNY/GAIN FABRIC SOFTENER 1.66/2.63 L, SCENT BOOSTER 303-379 G OR BOUNCE DRYER SHEETS 120/200'S,",9.97,9.97,each,2026-10-01T03:00:00-04:00,2026-10-07T23:59:59-04:00,8163664,26.31,$/kg,379.0,True,,False,45.0,😐 Fair,No historical or cross-store data available; neutral score,Laundry Detergent,Household & Personal,Laundry,claude_code,2.75,29.02,21.29,12,16.7,False,-23.6,3,11,5.0,No Frills,False,38.2,100,93,Skip,24% above average; #3 of 11 stores; 12 prior prices
Real Canadian Superstore,"FREEYUMM OAT BARS, 135 G OR COOKIES, 154 G",4.99,4.99,each,2026-10-01T03:00:00-04:00,2026-10-07T23:59:59-04:00,8163664,36.96,$/kg,135.0,True,,False,45.0,😐 Fair,No historical or cross-store data available; neutral score,Oat Bars,Snacks,Bars/Granola,claude_code,32.47,38.96,35.17,4,25.0,False,-5.1,1,2,4.99,Real Canadian Superstore,False,62.5,100,81,Only if needed,5% above average; Cheapest of 2 stores; 4 prior prices
Real Canadian Superstore,"OLYMPIC ORGANIC KEFIR, 2 L",10.99,10.99,each,2026-10-01T03:00:00-04:00,2026-10-07T23:59:59-04:00,8163664,5.5,$/L,2000.0,True,,False,45.0,😐 Fair,No historical or cross-store data available; neutral score,Kefir,Dairy & Eggs,Yogurt,claude_code,5.5,6.5,6.0,6,83.3,True,8.3,2,2,5.49,Save-On-Foods,False,70.8,100,85,Compare first,8% below avg $6.00; Lowest seen; #2 of 2 stores
Real Canadian Superstore,"FRITO-LAY SNACKS VARIETY PACK, 16'S",8.87,8.87,each,2026-10-01T03:00:00-04:00,2026-10-07T23:59:59-04:00,8163664,0.55,$/each,16.0,True,,False,45.0,😐 Fair,No historical or cross-store data available; neutral score,Snack Variety Pack,Snacks,Chips/Pretzels,claude_code,3.5,10.0,5.94,10,30.0,False,-49.2,,1,,,False,20.4,100,78,Skip,49% above average; 10 prior prices; Unit price checked $/each
Real Canadian Superstore,"TRE STELLE BOCCONCINI, RICOTTA OR CRUMBLED FETA, 150-475 G",6.0,6.0,each,2026-10-01T03:00:00-04:00,2026-10-07T23:59:59-04:00,8163664,12.63,$/kg,475.0,True,low_history,False,45.0,😐 Fair,No historical or cross-store data available; neutral score,Bocconcini,Dairy & Eggs,Cheese (Block),claude_code,15.67,25.0,20.34,2,100.0,True,37.9,1,3,6.0,Real Canadian Superstore,False,100.0,90,79,Buy this week,38% below avg $20.34; Lowest seen; Cheapest of 3 stores
Real Canadian Superstore,TAIWANESE FLAT CABBAGE,0.98,0.98,each,2026-10-01T03:00:00-04:00,2026-10-07T23:59:59-04:00,8163664,,,,True,,False,70.0,✅ Good Buy,LOWEST PRICE in 6 months (usually $1.38),Cabbage (Taiwanese Flat),Produce,nan,cached,0.98,1.79,1.3,5,70.0,True,24.8,,1,,,False,67.4,100,66,Only if needed,25% below avg $1.30; Lowest seen; 5 prior prices
Real Canadian Superstore,"NO NAME™ HONEY, 1 KG",9.0,9.0,each,2026-10-01T03:00:00-04:00,2026-10-07T23:59:59-04:00,8163664,9.0,$/kg,1000.0,True,,False,45.0,😐 Fair,No historical or cross-store data available; neutral score,Honey,Pantry,Baking Supplies,claude_code,8.88,17.0,13.08,5,80.0,False,31.2,2,4,3.0,No Frills,False,76.8,100,89,Buy this week,31% below avg $13.08; #2 of 4 stores; 5 prior prices
Real Canadian Superstore,"PC CHICKEN STRIPS AND BITES OR HALAL CHICKEN SHAWARMA SKEWERS, 300 G",12.0,12.0,each,2026-10-01T03:00:00-04:00,2026-10-07T23:59:59-04:00,8163664,40.0,$/kg,300.0,True,,False,45.0,😐 Fair,No historical or cross-store data available; neutral score,Chicken Strips and Bites,Frozen,Meals/Entrees,claude_code,24.0,60.0,36.67,9,22.2,False,-9.1,,1,,,False,40.5,100,74,Skip,9% above average; 9 prior prices; Unit price checked $/kg
Real Canadian Superstore,"PC® OR BLUE MENU® SPARKLING WATER, 12X355 ML",4.99,4.99,each,2026-10-01T03:00:00-04:00,2026-10-07T23:59:59-04:00,8163664,1.17,$/L,4260.0,True,,False,40.0,⚠️ Below Average,Slightly below avg ($5.00),Sparkling Water,Beverages,Water,cached,1.23,6.01,2.02,20,100.0,True,42.1,1,4,1.17,Real Canadian Superstore,False,100.0,100,96,Stock up,42% below avg $2.02; Lowest seen; Cheapest of 4 stores
Real Canadian Superstore,SUNKIST FRUIT SNACKS,10.0,10.0,each,2026-10-01T03:00:00-04:00,2026-10-07T23:59:59-04:00,8163664,,,,True,,False,39.0,⚠️ Below Average,"1.7% above avg of $9.83, currently at the historical max of $10.00",Fruit Snacks,Snacks,Candy/Chocolate,claude_code,2.5,9.99,6.16,13,0.0,False,-62.4,,1,,,False,15.0,100,70,Skip,62% above average; 13 prior prices
Real Canadian Superstore,"POPTASTIC KETTLE COOKED POPCORN, 130 G",3.75,3.75,each,2026-10-01T03:00:00-04:00,2026-10-07T23:59:59-04:00,8163664,28.85,$/kg,130.0,True,no_history,False,40.0,⚠️ Below Average,Standard pricing (no historical data),Kettle Cooked Popcorn,Snacks,nan,cached,,,,0,,False,,,1,,,False,45.0,80,33,Skip,No price history; Unit price checked $/kg
Real Canadian Superstore,"TIM HORTONS CANNED SOUP, 540 ML",3.25,3.25,each,2026-10-01T03:00:00-04:00,2026-10-07T23:59:59-04:00,8163664,6.02,$/L,540.0,True,,False,45.0,😐 Fair,No historical or cross-store data available; neutral score,Canned Soup,Pantry,Soups,claude_code,2.51,6.46,5.11,5,20.0,False,-17.9,,1,,,False,36.0,100,74,Skip,18% above average; 5 prior prices; Unit price checked $/L
Real Canadian Superstore,CINNAMON RAISIN BREAD 468 G OR CHOCOLATE CROISSANTS 4'S,4.0,4.0,each,2026-10-01T03:00:00-04:00,2026-10-07T23:59:59-04:00,8163664,8.55,$/kg,468.0,True,,False,45.0,😐 Fair,No historical or cross-store data available; neutral score,Cinnamon Raisin Bread,Bakery,Bread,claude_code,5.93,8.07,7.09,3,0.0,False,-20.6,2,2,5.93,No Frills,True,49.7,100,81,Skip,21% above average; #2 of 2 stores; 3 prior prices
Real Canadian Superstore,ST. IVES SKINCARE PRODUCTS,5.0,5.0,each,2026-10-01T03:00:00-04:00,2026-10-07T23:59:59-04:00,8163664,,,,True,,False,50.0,😐 Fair,LOWEST PRICE in 6 months (usually $5.00),Skincare Products,Household & Personal,nan,cached,3.79,7.29,5.54,6,66.7,False,9.8,,1,,,False,46.9,100,66,Skip,10% below avg $5.54; 6 prior prices
Real Canadian Superstore,EUCERIN OR AQUAPHOR BODY CARE PRODUCTS,9.59,9.59,each,2026-10-01T03:00:00-04:00,2026-10-07T23:59:59-04:00,8163664,,,,True,,False,45.0,😐 Fair,No historical or cross-store data available; neutral score,Body Care Product,Household & Personal,Personal Care,claude_code,2.49,27.0,10.24,98,52.0,False,6.4,,1,,,False,44.5,100,73,Skip,6% below avg $10.24; 98 prior prices
Real Canadian Superstore,"LA BAGUETTERIE MICHE, 600 G - 900 G",4.75,4.75,each,2026-10-01T03:00:00-04:00,2026-10-07T23:59:59-04:00,8163664,7.92,$/kg,600.0,True,,False,45.0,😐 Fair,No historical or cross-store data available; neutral score,Miche Bread,Bakery,Bread,claude_code,5.94,6.25,6.12,7,0.0,False,-29.5,,1,,,False,30.2,100,74,Skip,30% above average; 7 prior prices; Unit price checked $/kg
Real Canadian Superstore,"SMARTFOOD POPCORN, 150-200 G",3.47,3.47,each,2026-10-01T03:00:00-04:00,2026-10-07T23:59:59-04:00,8163664,17.35,$/kg,200.0,True,,False,45.0,😐 Fair,No historical or cross-store data available; neutral score,Popcorn,Snacks,Chips/Pretzels,claude_code,15.15,36.0,24.15,9,88.9,False,28.1,2,2,8.07,Walmart,False,74.7,100,85,Compare first,28% below avg $24.15; #2 of 2 stores; 9 prior prices
Real Canadian Superstore,"CAVENDISH FRIES, WEDGES, HASHBROWNS OR ONION RINGS, 1-2.25 KG",7.99,7.99,each,2026-10-01T03:00:00-04:00,2026-10-07T23:59:59-04:00,8163664,3.55,$/kg,2250.0,True,,False,40.0,⚠️ Below Average,Standard pricing (no historical data),Fries,Frozen,nan,cached,2.5,4.67,3.43,7,28.6,False,-3.5,,1,,,False,43.2,100,74,Skip,7 prior prices; Unit price checked $/kg
Real Canadian Superstore,"PC® TOMATO KETCHUP, 750 ML / 1 L",3.99,3.99,each,2026-10-01T03:00:00-04:00,2026-10-07T23:59:59-04:00,8163664,3.99,$/L,1000.0,True,,False,45.0,😐 Fair,No historical or cross-store data available; neutral score,Ketchup,Pantry,Sauces/Condiments,claude_code,3.5,8.7,4.89,16,68.8,False,18.5,,1,,,False,58.0,100,78,Only if needed,18% below avg $4.89; 16 prior prices; Unit price checked $/L
Real Canadian Superstore,"PC® WHOLE CREMINI OR WHITE MUSHROOMS, 454 G",3.99,3.99,each,2026-10-01T03:00:00-04:00,2026-10-07T23:59:59-04:00,8163664,8.79,$/kg,454.0,True,,False,59.0,😐 Fair,Near average ($3.94). Best price across 2 stores,Mushrooms (Whole),Produce,nan,cached,8.79,9.91,9.17,3,66.7,True,4.1,1,2,8.79,Real Canadian Superstore,False,77.9,100,81,Buy this week,Lowest seen; Cheapest of 2 stores; 3 prior prices
Real Canadian Superstore,"WHISKAS DRY CAT FOOD, 3/4 KG",17.99,17.99,each,2026-10-01T03:00:00-04:00,2026-10-07T23:59:59-04:00,8163664,4.5,$/kg,4000.0,True,low_history,False,45.0,😐 Fair,No historical or cross-store data available; neutral score,Dry Cat Food,Household & Personal,Pet Food/Supplies,claude_code,4.0,6.22,5.11,2,50.0,False,11.9,1,3,4.5,Real Canadian Superstore,False,73.3,90,79,Compare first,12% below avg $5.11; Cheapest of 3 stores; Only 2 prior prices
Real Canadian Superstore,"DOVE BASE DEODORANT OR ANTIPERSPIRANT, 45.3 - 77.9 g",5.5,5.5,each,2026-10-01T03:00:00-04:00,2026-10-07T23:59:59-04:00,8163664,70.6,$/kg,77.9,True,no_history,False,45.0,😐 Fair,No historical or cross-store data available; neutral score,Deodorant/Antiperspirant,Household & Personal,Personal Care,claude_code,,,,0,,False,,,1,,,False,45.0,80,33,Skip,No price history; Unit price checked $/kg
Real Canadian Superstore,"PC PORK BACK RIBS, 500G",12.0,12.0,each,2026-10-01T03:00:00-04:00,2026-10-07T23:59:59-04:00,8163664,24.0,$/kg,500.0,True,,False,45.0,😐 Fair,No historical or cross-store data available; neutral score,Pork Back Ribs,Pork,Ribs,claude_code,16.18,21.67,18.84,4,0.0,False,-27.4,,1,,,False,31.3,100,70,Skip,27% above average; 4 prior prices; Unit price checked $/kg
Real Canadian Superstore,"GRIMM'S SMOKED SAUSAGES OR GRIMM'S CHEDDAR JALAPEÑO POPPERS, 375-450 G",6.99,6.99,each,2026-10-01T03:00:00-04:00,2026-10-07T23:59:59-04:00,8163664,15.53,$/kg,450.0,True,,False,45.0,😐 Fair,No historical or cross-store data available; neutral score,Smoked Sausages,Pork,Sausage (Fresh),claude_code,4.99,13.99,10.36,16,81.2,False,32.5,1,3,6.99,Real Canadian Superstore,False,87.8,100,93,Buy this week,32% below avg $10.36; Cheapest of 3 stores; 16 prior prices
Real Canadian Superstore,NATURAL INSTINCTS HAIR COLOUR,8.0,8.0,each,2026-10-01T03:00:00-04:00,2026-10-07T23:59:59-04:00,8163664,,,,True,,False,49.0,⚠️ Below Average,Slightly below avg ($9.20),Hair Colour,Household & Personal,nan,cached,6.0,16.99,11.51,21,78.6,False,30.5,2,5,6.5,Real Canadian Superstore,False,71.3,100,88,Compare first,30% below avg $11.51; #2 of 5 stores; 21 prior prices
Real Canadian Superstore,"ITALPASTA PASTA, 900 G",1.97,1.97,each,2026-10-01T03:00:00-04:00,2026-10-07T23:59:59-04:00,8163664,2.19,$/kg,900.0,True,,False,45.0,😐 Fair,No historical or cross-store data available; neutral score,Pasta,Pantry,Pasta/Grains,claude_code,2.19,6.98,4.64,14,92.9,True,52.8,1,3,2.19,Real Canadian Superstore,True,100.0,100,93,Stock up,53% below avg $4.64; Lowest seen; Cheapest of 3 stores
Real Canadian Superstore,PERFECT SPORTS SUPPLEMENTS,17.39,17.39,each,2026-10-01T03:00:00-04:00,2026-10-07T23:59:59-04:00,8163664,,,,True,,False,47.0,⚠️ Below Average,Slightly below avg ($19.44),Sports Supplements,Health/Pharmacy,Health/Pharmacy,cached,15.99,30.0,19.44,6,50.0,False,10.6,,1,,,False,47.4,100,66,Skip,11% below avg $19.44; 6 prior prices
Real Canadian Superstore,PURPLE YAM,2.5,2.5,each,2026-10-01T03:00:00-04:00,2026-10-07T23:59:59-04:00,8163664,,,,True,,False,45.0,😐 Fair,No historical or cross-store data available; neutral score,Purple Yam,Produce,Vegetables,claude_code,1.97,2.25,2.05,4,0.0,False,-22.1,,1,,,False,28.9,100,62,Skip,22% above average; 4 prior prices
Real Canadian Superstore,"UTILITY GRADE FROZEN TURKEYS, 3-5 KG",18.0,18.0,each,2026-10-01T03:00:00-04:00,2026-10-07T23:59:59-04:00,8163664,3.6,$/kg,5000.0,True,no_history,False,40.0,⚠️ Below Average,Standard pricing (no historical data),Turkey (Frozen),Poultry,nan,cached,,,,0,,False,,2,2,3.29,Real Canadian Superstore,False,55.0,80,44,Only if needed,#2 of 2 stores; No price history; Unit price checked $/kg
Real Canadian Superstore,"GAIN LIQUID, 4.25 L OR FLINGS, 28/48'S LAUNDRY DETERGENT, LIQUID FABRIC SOFTENER, 4.16 L OR BEADS, 598/680 G",13.97,13.97,each,2026-10-01T03:00:00-04:00,2026-10-07T23:59:59-04:00,8163664,20.54,$/kg,680.0,True,,False,43.0,⚠️ Below Average,"4.1% below avg of $14.57, not at historical low of $12.99",Laundry Detergent,Household & Personal,Laundry,claude_code,2.75,29.02,21.29,12,83.3,False,3.5,8,11,5.0,No Frills,False,37.5,100,93,Skip,12 prior prices; Unit price checked $/kg
Real Canadian Superstore,"ARMSTRONG CHEESE BARS, 600 G OR SHREDS, 500 G",7.97,7.97,each,2026-10-01T03:00:00-04:00,2026-10-07T23:59:59-04:00,8163664,13.28,$/kg,600.0,True,,False,50.0,😐 Fair,LOWEST PRICE in 6 months (usually $7.97),Cheese Bars,Dairy & Eggs,nan,cached,12.2,15.0,13.64,11,54.5,False,2.7,,1,,,True,51.9,100,78,Only if needed,11 prior prices; Unit price checked $/kg
Real Canadian Superstore,"UTILITY GRADE FROZEN TURKEYS, 7-9 KG",30.0,30.0,each,2026-10-01T03:00:00-04:00,2026-10-07T23:59:59-04:00,8163664,3.33,$/kg,9000.0,True,no_history,False,40.0,⚠️ Below Average,Standard pricing (no historical data),Frozen Turkeys,Poultry,nan,cached,,,,0,,False,,,1,,,False,45.0,80,33,Skip,No price history; Unit price checked $/kg
Real Canadian Superstore,"PC® ROAST AND GROUND COFFEE, 800-930 G",19.99,19.99,each,2026-10-01T03:00:00-04:00,2026-10-07T23:59:59-04:00,8163664,21.49,$/kg,930.0,True,,False,53.0,😐 Fair,LOWEST PRICE in 6 months (usually $20.99),Roast and Ground Coffee,Beverages,nan,cached,17.74,35.26,25.5,5,40.0,False,15.7,,1,,,True,61.0,100,74,Only if needed,16% below avg $25.50; 5 prior prices; Unit price checked $/kg
Real Canadian Superstore,"LISTERINE CLASSIC, 1L MOUTHWASH, COLGATE OPTIC WHITE OR SENSITIVE PRO RELIEF TOOTHPASTE, 70-150 ML OR KIDS MANUAL TOOTHBRUSHES, 2'S",6.5,6.5,each,2026-10-01T03:00:00-04:00,2026-10-07T23:59:59-04:00,8163664,6.5,$/L,1000.0,True,,False,45.0,😐 Fair,No historical or cross-store data available; neutral score,Mouthwash,Household & Personal,Personal Care,claude_code,5.0,8.49,6.56,11,45.5,False,1.0,1,3,6.5,Real Canadian Superstore,False,65.7,100,93,Only if needed,Cheapest of 3 stores; 11 prior prices; Unit price checked $/L
Real Canadian Superstore,"OIKOS GREEK YOGURT, 650/750 G",6.46,6.46,each,2026-10-01T03:00:00-04:00,2026-10-07T23:59:59-04:00,8163664,8.61,$/kg,750.0,True,,False,40.0,⚠️ Below Average,Standard pricing (no historical data),Yogurt (Greek),Dairy & Eggs,Yogurt,cached,4.0,70.0,10.93,36,66.7,False,21.3,,1,,,True,64.9,100,81,Only if needed,21% below avg $10.93; 36 prior prices; Unit price checked $/kg
Real Canadian Superstore,"UTILITY GRADE FROZEN TURKEYS, 9-11 KG",35.0,35.0,each,2026-10-01T03:00:00-04:00,2026-10-07T23:59:59-04:00,8163664,3.18,$/kg,11000.0,True,no_history,False,40.0,⚠️ Below Average,Standard pricing (no historical data),Frozen Turkeys,Poultry,nan,cached,,,,0,,False,,,1,,,False,45.0,80,33,Skip,No price history; Unit price checked $/kg
Real Canadian Superstore,PC® 12 PIECE RIDGE DINNERWARE,30.0,30.0,each,2026-10-01T03:00:00-04:00,2026-10-07T23:59:59-04:00,8163664,,,,True,,False,45.0,😐 Fair,No historical or cross-store data available; neutral score,Dinnerware Set (12-Piece),Other,General,claude_code,15.0,79.97,35.97,11,45.5,False,16.6,,1,,,False,51.6,100,70,Only if needed,17% below avg $35.97; 11 prior prices
Real Canadian Superstore,CHICKEN DRUMSTICKS,2.49,2.49,each,2026-10-01T03:00:00-04:00,2026-10-07T23:59:59-04:00,8163664,,,,True,,False,100.0,🔥 Hot Deal,"63% below avg of $6.70, best price of $2.49 across 2 stores",Chicken Drumsticks,Poultry,Chicken Thighs/Legs,claude_code,1.51,20.0,6.08,19,81.6,False,59.0,1,2,2.49,Real Canadian Superstore,False,95.0,100,81,Stock up,59% below avg $6.08; Cheapest of 2 stores; 19 prior prices
Real Canadian Superstore,NO NAME® BACON,3.99,3.99,each,2026-10-01T03:00:00-04:00,2026-10-07T23:59:59-04:00,8163664,,,,True,,False,56.0,😐 Fair,"23% below avg of $5.20, no cross-store comparison",Bacon,Pork,Bacon,claude_code,3.5,25.99,6.85,59,92.4,False,41.8,3,7,2.99,Sobeys,True,79.3,100,88,Buy this week,42% below avg $6.85; #3 of 7 stores; 59 prior prices
Real Canadian Superstore,CHICKEN THIGHS,7.5,7.5,each,2026-10-01T03:00:00-04:00,2026-10-07T23:59:59-04:00,8163664,,,,True,,False,63.0,😐 Fair,"22% below avg of $9.65, but Safeway offers it cheaper at $6.99 (best of 3 stores)",Chicken Thighs,Poultry,Chicken Thighs/Legs,claude_code,4.0,17.0,11.0,13,69.2,False,31.8,,1,,,False,62.3,100,70,Only if needed,32% below avg $11.00; 13 prior prices
Real Canadian Superstore,CHINESE LONG BEANS,4.5,4.5,each,2026-10-01T03:00:00-04:00,2026-10-07T23:59:59-04:00,8163664,,,,True,,False,45.0,😐 Fair,No historical or cross-store data available; neutral score,Long Beans (Chinese),Produce,Vegetables,claude_code,2.47,7.0,3.71,9,22.2,False,-21.2,,1,,,False,29.4,100,66,Skip,21% above average; 9 prior prices
Real Canadian Superstore,"CENTURY TUNA, 180 G",1.88,1.88,each,2026-10-01T03:00:00-04:00,2026-10-07T23:59:59-04:00,8163664,10.44,$/kg,180.0,True,,False,52.0,😐 Fair,LOWEST PRICE in 6 months (usually $1.95),Century Tuna,Pantry,Canned Goods,cached,10.44,11.11,10.83,3,66.7,True,3.6,,1,,,False,57.5,100,70,Only if needed,Lowest seen; 3 prior prices; Unit price checked $/kg
Real Canadian Superstore,"DR. OETKER RISTORANTE OR CASA DI MAMA PIZZA, 288-410 G",3.47,3.47,each,2026-10-01T03:00:00-04:00,2026-10-07T23:59:59-04:00,8163664,8.46,$/kg,410.0,True,,False,54.0,😐 Fair,LOWEST PRICE in 6 months (usually $3.71),Pizza,Frozen,nan,cached,6.75,20.45,11.95,14,75.0,False,29.2,,1,,,False,65.4,100,78,Only if needed,29% below avg $11.95; 14 prior prices; Unit price checked $/kg
Real Canadian Superstore,"NO NAME® BROTH, 900 ML",1.38,1.38,each,2026-10-01T03:00:00-04:00,2026-10-07T23:59:59-04:00,8163664,1.53,$/L,900.0,True,,False,52.0,😐 Fair,LOWEST PRICE in 6 months (usually $1.44),No Name Cooking Broth,Pantry,Soups,cached,1.39,17.61,3.67,17,88.2,False,58.3,,1,,,False,80.0,100,78,Buy this week,58% below avg $3.67; 17 prior prices; Unit price checked $/L
Real Canadian Superstore,"GREEN GIANT VEGETABLES, 341/398 ML",1.37,1.37,each,2026-10-01T03:00:00-04:00,2026-10-07T23:59:59-04:00,8163664,3.44,$/L,398.0,True,,False,42.0,⚠️ Below Average,Slightly below avg ($1.42),Vegetables,Pantry,Canned Goods,cached,3.14,3.77,3.58,5,60.0,False,3.9,,1,,,False,47.7,100,74,Skip,5 prior prices; Unit price checked $/L
Real Canadian Superstore,"ROGERS OR LANTIC SUGAR, 1 KG",2.49,2.49,each,2026-10-01T03:00:00-04:00,2026-10-07T23:59:59-04:00,8163664,2.49,$/kg,1000.0,True,,False,45.0,😐 Fair,No historical or cross-store data available; neutral score,Sugar,Pantry,Baking Supplies,claude_code,2.77,3.49,3.3,6,100.0,True,24.6,1,2,2.49,Real Canadian Superstore,True,97.2,100,85,Stock up,25% below avg $3.30; Lowest seen; Cheapest of 2 stores
Real Canadian Superstore,"PC® DELI CHEESE BLOCKS 250 G OR BALDERSON™ NON-AGED CHEDDAR, GOUDA OR HAVARTI SLICES, 140-280 G",6.0,6.0,each,2026-10-01T03:00:00-04:00,2026-10-07T23:59:59-04:00,8163664,24.0,$/kg,250.0,True,,False,45.0,😐 Fair,No historical or cross-store data available; neutral score,Cheese Block,Dairy & Eggs,Cheese (Block),claude_code,12.45,13.3,12.73,3,0.0,False,-88.5,2,2,12.45,Walmart,True,35.0,100,81,Skip,88% above average; #2 of 2 stores; 3 prior prices
Real Canadian Superstore,"817 ELEPHANT BASMATI RICE, 4 KG",12.99,12.99,each,2026-10-01T03:00:00-04:00,2026-10-07T23:59:59-04:00,8163664,3.25,$/kg,4000.0,True,,False,45.0,😐 Fair,No historical or cross-store data available; neutral score,Basmati Rice,Pantry,Rice,claude_code,1.76,3.75,2.8,7,14.3,False,-16.2,3,3,2.2,Real Canadian Superstore,True,46.9,100,89,Skip,16% above average; #3 of 3 stores; 7 prior prices
Real Canadian Superstore,"PC® SHRIMP PLATTER WITH MILD COCKTAIL SAUCE, 568 G OR IFC SNOW CRAB CLUSTERS, 5-8 OZ, 500 G",19.0,19.0,each,2026-10-01T03:00:00-04:00,2026-10-07T23:59:59-04:00,8163664,33.45,$/kg,568.0,True,low_history,False,50.0,😐 Fair,LOWEST PRICE in 6 months (usually $19.00),Shrimp Platter,Seafood,Shrimp/Prawns,cached,33.45,33.45,33.45,2,25.0,True,0.0,,1,,,False,55.0,90,64,Only if needed,Lowest seen; Only 2 prior prices; Unit price checked $/kg
Real Canadian Superstore,"NO NAME® 'NATURALLY IMPERFECT™' RED OR RUSSET POTATO, 20 LB",7.0,7.0,each,2026-10-01T03:00:00-04:00,2026-10-07T23:59:59-04:00,8163664,0.77,$/kg,9071.84,True,,False,45.0,😐 Fair,No historical or cross-store data available; neutral score,Potatoes (Red/Russet),Produce,Vegetables,claude_code,7.0,9.0,7.96,3,66.7,True,12.1,,1,,,False,63.5,100,70,Only if needed,12% below avg $7.96; Lowest seen; 3 prior prices
Real Canadian Superstore,"UTILITY GRADE FROZEN TURKEYS,5-7 KG",23.0,23.0,each,2026-10-01T03:00:00-04:00,2026-10-07T23:59:59-04:00,8163664,3.29,$/kg,7000.0,True,low_history,False,45.0,😐 Fair,No historical or cross-store data available; neutral score,Turkey (Frozen),Poultry,Turkey,claude_code,4.99,4.99,4.99,2,0.0,False,-360.9,1,2,3.29,Real Canadian Superstore,False,40.0,90,75,Skip,361% above average; Cheapest of 2 stores; Only 2 prior prices
Sobeys,COMPLIMENTS Orange Juice,4.99,4.99,each,2026-10-01T03:00:00-04:00,2026-10-07T23:59:59-04:00,8159537,,,,True,,False,86.0,🔥 Hot Deal,LOWEST PRICE in 6 months (usually $6.49). Best price across 2 stores,Orange Juice,Beverages,Juice,cached,3.99,9.99,5.86,66,68.2,False,14.8,3,7,4.97,Walmart,True,60.4,100,88,Only if needed,15% below avg $5.86; #3 of 7 stores; 66 prior prices
Sobeys,Crema e Gusto or Qualità Rossa Whole Bean Coffee,29.99,29.99,each,2026-10-01T03:00:00-04:00,2026-10-07T23:59:59-04:00,8159537,,,,True,,False,65.0,😐 Fair,"Matches best price of $29.99 across 2 stores, no history data",Whole Bean Coffee,Beverages,Coffee,claude_code,15.99,28.99,19.55,16,0.0,False,-53.4,6,7,10.99,Save-On-Foods,True,10.0,100,85,Skip,53% above average; 16 prior prices
Sobeys,"Shampoo, Conditioner or Stylers",4.99,4.99,each,2026-10-01T03:00:00-04:00,2026-10-07T23:59:59-04:00,8159537,,,,True,,False,94.0,🔥 Hot Deal,LOWEST PRICE in 6 months (usually $7.67). Best price across 2 stores,Shampoo,Household & Personal,Personal Care,cached,2.75,23.99,8.13,81,86.4,False,38.6,,1,,,False,67.0,100,73,Only if needed,39% below avg $8.13; 81 prior prices
Sobeys,Gourmet Selection Gherkins,4.99,4.99,each,2026-10-01T03:00:00-04:00,2026-10-07T23:59:59-04:00,8159537,,,,True,,False,70.0,✅ Good Buy,"At historical low/avg of $4.99, matches best price across 2 stores",Gherkins,Pantry,Sauces/Condiments,claude_code,4.99,4.99,4.99,3,33.3,True,0.0,1,2,4.99,Sobeys,False,70.0,100,73,Compare first,Lowest seen; Cheapest of 2 stores; 3 prior prices
Sobeys,Regular Dips or Hummus,3.99,3.99,each,2026-10-01T03:00:00-04:00,2026-10-07T23:59:59-04:00,8159537,,,,True,,False,65.0,😐 Fair,"Matches best price of $3.99 across 2 stores, no history data",Hummus,Other,Deli (Prepared),claude_code,1.99,11.5,4.39,26,59.6,False,9.1,,1,,,False,46.4,100,73,Skip,9% below avg $4.39; 26 prior prices
Sobeys,Oikos Greek Yogurt,10.99,10.99,each,2026-10-01T03:00:00-04:00,2026-10-07T23:59:59-04:00,8159537,,,,True,,False,25.0,❌ Poor Value,Above average (usually $6.81). $6.46 at Real Canadian Superstore,Greek Yogurt,Dairy & Eggs,nan,cached,2.97,11.99,6.42,48,10.4,False,-71.2,,1,,,True,20.0,100,73,Skip,71% above average; 48 prior prices
Sobeys,"Strudel Fingers, Turnovers or Mini Strudel - Apple Fest",3.99,3.99,each,2026-10-01T03:00:00-04:00,2026-10-07T23:59:59-04:00,8159537,,,,True,,False,75.0,✅ Good Buy,"21% below avg of $5.07, matches best price of $3.99 across 2 stores",Strudel Fingers,Bakery,Pastries/Donuts,claude_code,3.0,7.0,5.43,7,57.1,False,26.5,1,2,3.99,Sobeys,False,78.5,100,77,Buy this week,26% below avg $5.43; Cheapest of 2 stores; 7 prior prices
Sobeys,Max,9.99,9.99,each,2026-10-01T03:00:00-04:00,2026-10-07T23:59:59-04:00,8159537,,,,True,,False,92.0,🔥 Hot Deal,"67% below avg of $30.19, though Real Canadian Superstore offers it cheaper at $5.97 (5 stores tracked)",Max,Other,General,claude_code,2.5,599.97,30.19,118,57.6,False,66.9,1,2,9.99,Sobeys,False,95.0,100,84,Stock up,67% below avg $30.19; Cheapest of 2 stores; 118 prior prices
Sobeys,Triple Wick Jar Candles,5.79,5.79,each,2026-10-01T03:00:00-04:00,2026-10-07T23:59:59-04:00,8159537,,,,True,low_history,False,65.0,😐 Fair,"Matches best price of $5.79 across 2 stores, no history data",Jar Candles (Triple Wick),Other,General,claude_code,9.99,9.99,9.99,2,100.0,True,42.0,1,2,5.79,Sobeys,False,99.4,90,67,Buy this week,42% below avg $9.99; Lowest seen; Cheapest of 2 stores
Sobeys,Oat Bars,8.0,8.0,each,2026-10-01T03:00:00-04:00,2026-10-07T23:59:59-04:00,8159537,,,,True,,False,30.0,⚠️ Below Average,21.6% above avg of $6.58; Real Canadian Superstore has it for $4.99 (3 stores),Oat Bars,Snacks,Bars/Granola,claude_code,2.28,10.0,4.98,13,11.5,False,-60.7,2,2,4.99,Real Canadian Superstore,False,25.0,100,81,Skip,61% above average; #2 of 2 stores; 13 prior prices
Sobeys,Bean Sprouts,2.44,2.44,each,2026-10-01T03:00:00-04:00,2026-10-07T23:59:59-04:00,8159537,,,,True,,False,54.0,😐 Fair,"8% above avg of $2.26, but ties best price of $2.44 with Safeway",Bean Sprouts,Produce,Vegetables,claude_code,2.0,2.28,2.24,7,0.0,False,-9.1,1,2,2.44,Sobeys,False,55.5,100,77,Only if needed,9% above average; Cheapest of 2 stores; 7 prior prices
Sobeys,Electrolyte,8.99,8.99,each,2026-10-01T03:00:00-04:00,2026-10-07T23:59:59-04:00,8159537,,,,True,,False,91.0,🔥 Hot Deal,"44% below avg of $16.01, matches best price of $8.99 (tied with Safeway, 2 stores)",Electrolyte Drink,Beverages,Energy/Sports Drinks,claude_code,4.0,26.99,16.01,18,88.9,False,43.9,,1,,,False,70.7,100,70,Compare first,44% below avg $16.01; 18 prior prices
Sobeys,Pitted Dates,4.99,4.99,each,2026-10-01T03:00:00-04:00,2026-10-07T23:59:59-04:00,8159537,,,,True,,False,95.0,🔥 Hot Deal,"36% below avg of $7.81, below historical min of $5.99, matches best price of $4.99",Pitted Dates,Pantry,Baking Supplies,claude_code,5.99,8.5,7.81,8,100.0,True,36.1,,1,,,False,75.3,100,66,Compare first,36% below avg $7.81; Lowest seen; 8 prior prices
Sobeys,COMPLIMENTS Coffee Pods,38.99,38.99,each,2026-10-01T03:00:00-04:00,2026-10-07T23:59:59-04:00,8159537,,,,True,,False,35.0,⚠️ Below Average,Above average (usually $14.24). Best price across 2 stores,Coffee Pods,Beverages,Coffee,cached,6.0,39.99,24.14,46,4.3,False,-61.5,6,7,7.99,Real Canadian Superstore,True,10.0,100,88,Skip,62% above average; 46 prior prices
Sobeys,COMPLIMENTS Butter Sticks,7.99,7.99,each,2026-10-01T03:00:00-04:00,2026-10-07T23:59:59-04:00,8159537,,,,True,,False,60.0,😐 Fair,Best price across 2 stores,Butter,Dairy & Eggs,nan,cached,1.97,7.99,5.88,18,11.1,False,-36.0,3,4,4.97,Walmart,True,32.0,100,85,Skip,36% above average; #3 of 4 stores; 18 prior prices
Sobeys,Almond or Oat Beverage,3.99,3.99,each,2026-10-01T03:00:00-04:00,2026-10-07T23:59:59-04:00,8159537,,,,True,,False,69.0,😐 Fair,"12.5% below avg of $4.56, matches best price of $3.99 across 2 stores",Plant-Based Milk (Almond or Oat),Beverages,Plant-Based Milk,claude_code,3.5,5.49,4.56,4,50.0,False,12.5,,1,,,False,48.8,100,62,Skip,12% below avg $4.56; 4 prior prices
Sobeys,Chef's Signature Bricks,4.99,4.99,each,2026-10-01T03:00:00-04:00,2026-10-07T23:59:59-04:00,8159537,,,,True,,False,65.0,😐 Fair,"no price history available; matches best price of $4.99 (tied with Safeway, 2 stores)",Cheese (Block),Dairy & Eggs,Cheese (Block),claude_code,4.98,11.99,9.24,4,75.0,False,46.0,2,2,4.98,Walmart,False,82.2,100,73,Buy this week,46% below avg $9.24; #2 of 2 stores; 4 prior prices
Sobeys,Cool Whip Aerosol Whipped Topping,4.49,4.49,each,2026-10-01T03:00:00-04:00,2026-10-07T23:59:59-04:00,8159537,,,,True,,False,70.0,✅ Good Buy,"at historical avg/min of $4.49, matches best price across 2 stores",Whipped Topping,Dairy & Eggs,Cream,claude_code,2.97,4.49,3.68,5,10.0,False,-21.9,4,5,2.97,Walmart,False,19.1,100,81,Skip,22% above average; 5 prior prices
Sobeys,Chocolate,12.99,12.99,each,2026-10-01T03:00:00-04:00,2026-10-07T23:59:59-04:00,8159537,,,,True,,False,0.0,❌ Poor Value,113% above avg of $6.08; far above best price of $2.00 at No Frills (7 stores),Chocolate,Snacks,Candy/Chocolate,claude_code,2.67,13.99,6.59,20,5.0,False,-97.1,4,5,4.29,Sobeys,False,5.0,100,88,Skip,97% above average; 20 prior prices
Sobeys,Garlic Sausage Ring,3.99,3.99,each,2026-10-01T03:00:00-04:00,2026-10-07T23:59:59-04:00,8159537,,,,True,,False,100.0,🔥 Hot Deal,"60% below avg of $10.05, below historical min of $6.99, matches best price of $3.99",Garlic Sausage Ring,Other,Deli (Prepared),claude_code,6.99,11.99,10.32,3,100.0,True,61.3,1,2,3.99,Sobeys,False,100.0,100,73,Stock up,61% below avg $10.32; Lowest seen; Cheapest of 2 stores
Sobeys,COMPLIMENTS Apple Sauce,2.99,2.99,each,2026-10-01T03:00:00-04:00,2026-10-07T23:59:59-04:00,8159537,,,,True,,False,52.0,😐 Fair,Above average (usually $2.59). Best price across 2 stores,Apple Sauce,Pantry,Canned Goods,cached,2.0,3.99,2.83,6,33.3,False,-5.7,1,2,2.99,Sobeys,False,57.1,100,77,Only if needed,6% above average; Cheapest of 2 stores; 6 prior prices
Sobeys,Zero Sugar Drinks,3.99,3.99,each,2026-10-01T03:00:00-04:00,2026-10-07T23:59:59-04:00,8159537,,,,True,,False,57.0,😐 Fair,"5% above avg of $3.81, at historical max, but matches best price of $3.99 (2 stores)",Zero Sugar Soda,Beverages,Soda/Pop,claude_code,2.48,19.99,5.6,50,55.0,False,28.8,,1,,,True,65.2,100,73,Only if needed,29% below avg $5.60; 50 prior prices
Sobeys,Curry Paste,5.49,5.49,each,2026-10-01T03:00:00-04:00,2026-10-07T23:59:59-04:00,8159537,,,,True,,False,51.0,😐 Fair,"13% above avg of $4.87, at historical max of $5.49, but matches best price across 2 stores",Curry Paste,Pantry,Sauces/Condiments,claude_code,3.99,5.49,4.87,6,0.0,False,-12.7,1,2,5.49,Sobeys,False,53.6,100,77,Only if needed,13% above average; Cheapest of 2 stores; 6 prior prices
Sobeys,Frosting,3.49,3.49,each,2026-10-01T03:00:00-04:00,2026-10-07T23:59:59-04:00,8159537,,,,True,,False,46.0,⚠️ Below Average,near avg of $3.52 but nearly double best price of $1.87 at No Frills (3 stores),Frosting,Pantry,Baking Supplies,claude_code,1.87,8.5,3.52,9,22.2,False,0.7,1,2,3.49,Sobeys,False,60.5,100,77,Only if needed,Cheapest of 2 stores; 9 prior prices
Sobeys,Crispy Minis 90-100 g or Rice Cakes 127-199 g,3.49,3.49,each,2026-10-01T03:00:00-04:00,2026-10-07T23:59:59-04:00,8159537,34.9,$/kg,100.0,True,,False,33.0,⚠️ Below Average,"10% above avg of $3.16, at historical max of $3.49, no cross-store data available",Crispy Minis,Snacks,Crackers,claude_code,1.99,9.0,4.04,26,40.4,False,13.6,,1,,,True,59.5,100,81,Only if needed,14% below avg $4.04; 26 prior prices; Unit price checked $/kg
Sobeys,Avocados,3.99,3.99,each,2026-10-01T03:00:00-04:00,2026-10-07T23:59:59-04:00,8159537,,,,True,,False,65.0,😐 Fair,"8% below avg of $4.32, matches best price of $3.99 across 4 stores",Avocados,Produce,Fruit,claude_code,1.24,7.0,4.36,47,67.0,False,8.4,1,3,3.99,Sobeys,False,65.9,100,88,Only if needed,8% below avg $4.36; Cheapest of 3 stores; 47 prior prices
Sobeys,Organic Milk 2 L,5.99,5.99,each,2026-10-01T03:00:00-04:00,2026-10-07T23:59:59-04:00,8159537,3.0,$/L,2000.0,True,,False,65.0,😐 Fair,no price history; matches best price of $5.99 across 2 stores,Organic Milk,Dairy & Eggs,Milk,claude_code,5.99,6.49,6.19,5,60.0,True,3.2,,1,,,True,62.2,100,74,Only if needed,Lowest seen; 5 prior prices; Unit price checked $/L
Sobeys,Celebration or Ultimate Cookies,7.0,7.0,each,2026-10-01T03:00:00-04:00,2026-10-07T23:59:59-04:00,8159537,,,,True,,False,65.0,😐 Fair,no price history; matches best price of $7.00 (2 stores),Celebration Cookies,Snacks,Cookies,claude_code,2.79,8.0,4.66,20,17.5,False,-50.2,2,2,3.0,Real Canadian Superstore,False,25.0,100,84,Skip,50% above average; #2 of 2 stores; 20 prior prices
Sobeys,Sweet or Hot Italian Pork Sausage Meat,4.99,4.99,each,2026-10-01T03:00:00-04:00,2026-10-07T23:59:59-04:00,8159537,,,,True,,False,73.0,✅ Good Buy,"4% below avg of $5.19, at historical low of $4.99, matches best price",Italian Sausage Meat (Sweet),Pork,Sausage (Fresh),claude_code,4.99,5.49,5.19,5,60.0,True,3.9,,1,,,False,52.7,100,66,Only if needed,Lowest seen; 5 prior prices
Sobeys,Mini Croissants,2.99,2.99,each,2026-10-01T03:00:00-04:00,2026-10-07T23:59:59-04:00,8159537,,,,True,,False,100.0,🔥 Hot Deal,LOWEST PRICE in 6 months (usually $5.24). Best price across 5 stores,Croissants,Bakery,Pastries,cached,2.99,5.99,4.63,23,84.8,True,35.4,1,3,2.99,Sobeys,False,94.8,100,88,Stock up,35% below avg $4.63; Lowest seen; Cheapest of 3 stores
Sobeys,Chicken Alfredo Chili Crisp Flatbread or Select Varieties,7.0,7.0,each,2026-10-01T03:00:00-04:00,2026-10-07T23:59:59-04:00,8159537,,,,True,low_history,False,65.0,😐 Fair,no price history; matches best price of $7.00 across 2 stores,Chicken Alfredo Flatbread,Frozen,Pizza,claude_code,6.99,6.99,6.99,2,0.0,False,-0.1,1,2,7.0,Sobeys,True,65.0,90,67,Only if needed,Cheapest of 2 stores; Only 2 prior prices
Sobeys,Pie Pumpkins or Gourds,2.99,2.99,each,2026-10-01T03:00:00-04:00,2026-10-07T23:59:59-04:00,8159537,,,,True,low_history,False,65.0,😐 Fair,no price history; matches best price of $2.99 (2 stores),Pie Pumpkins,Produce,Vegetables,claude_code,5.99,5.99,5.99,2,100.0,True,50.1,2,2,1.99,No Frills,False,95.0,90,67,Buy this week,50% below avg $5.99; Lowest seen; #2 of 2 stores
Sobeys,Root Beer,8.99,8.99,each,2026-10-01T03:00:00-04:00,2026-10-07T23:59:59-04:00,8159537,,,,True,no_history,False,65.0,😐 Fair,no price history; matches best price of $8.99 across 2 stores,Root Beer,Beverages,Soda/Pop,claude_code,,,,0,,False,,1,2,8.99,Sobeys,False,60.0,80,36,Only if needed,Cheapest of 2 stores; No price history
Sobeys,Protein Bar,3.99,3.99,each,2026-10-01T03:00:00-04:00,2026-10-07T23:59:59-04:00,8159537,,,,True,,False,97.0,🔥 Hot Deal,"54% below avg of $8.59, matches best price of $3.99 across 3 stores",Protein Bar,Snacks,Bars/Granola,claude_code,3.19,25.99,8.77,8,75.0,False,54.5,1,2,3.99,Sobeys,False,95.0,100,77,Stock up,54% below avg $8.77; Cheapest of 2 stores; 8 prior prices
Sobeys,Pan Pizza,10.49,10.49,each,2026-10-01T03:00:00-04:00,2026-10-07T23:59:59-04:00,8159537,,,,True,,False,17.0,❌ Poor Value,"62% above historical avg of $6.49; both Sobeys and Safeway charge $10.49, far above history",Pan Pizza,Frozen,Pizza,claude_code,4.99,6.99,6.07,6,0.0,False,-72.7,1,2,10.49,Sobeys,False,35.0,100,77,Skip,73% above average; Cheapest of 2 stores; 6 prior prices
Sobeys,Pie Fillings,2.49,2.49,each,2026-10-01T03:00:00-04:00,2026-10-07T23:59:59-04:00,8159537,,,,True,,False,65.0,😐 Fair,no price history; matches best price of $2.49 (2 stores),Pie Filling,Pantry,Baking Supplies,claude_code,4.49,6.99,5.96,15,100.0,True,58.2,1,4,2.49,Sobeys,False,100.0,100,85,Stock up,58% below avg $5.96; Lowest seen; Cheapest of 4 stores
Sobeys,Chocolate Bars,3.99,3.99,each,2026-10-01T03:00:00-04:00,2026-10-07T23:59:59-04:00,8159537,,,,True,,False,56.0,😐 Fair,"16% below avg of $4.73, but $2.50 at No Frills is cheaper (5 stores)",Chocolate Bars,Snacks,Candy/Chocolate,claude_code,0.99,12.0,3.93,42,46.4,False,-1.6,2,5,2.5,No Frills,False,49.2,100,88,Skip,#2 of 5 stores; 42 prior prices
Sobeys,COMPLIMENTS Pita Bread,3.99,3.99,each,2026-10-01T03:00:00-04:00,2026-10-07T23:59:59-04:00,8159537,,,,True,,False,65.0,😐 Fair,no price history; matches best price of $3.99 (2 stores),Pita Bread,Bakery,Bread,claude_code,2.49,3.99,3.24,4,0.0,False,-23.1,2,3,2.49,Real Canadian Superstore,True,43.5,100,77,Skip,23% above average; #2 of 3 stores; 4 prior prices
Sobeys,Coconut Water,3.49,3.49,each,2026-10-01T03:00:00-04:00,2026-10-07T23:59:59-04:00,8159537,,,,True,,False,57.0,😐 Fair,"4% above avg of $3.34, matches best price of $3.49 (2 stores)",Coconut Water,Beverages,Juice,claude_code,1.49,6.0,3.3,31,30.6,False,-5.8,1,2,3.49,Sobeys,False,57.1,100,84,Only if needed,6% above average; Cheapest of 2 stores; 31 prior prices
Sobeys,McIntosh Apples - Apple Fest,1.99,1.99,each,2026-10-01T03:00:00-04:00,2026-10-07T23:59:59-04:00,8159537,,,,True,,False,65.0,😐 Fair,no price history; matches best price of $1.99 (2 stores),Apples (McIntosh),Produce,Fruit,claude_code,1.77,6.99,5.14,3,66.7,False,61.3,1,6,1.99,Sobeys,True,100.0,100,77,Stock up,61% below avg $5.14; Cheapest of 6 stores; 3 prior prices
Sobeys,COMPLIMENTS Flour - Apple Fest,4.99,4.99,each,2026-10-01T03:00:00-04:00,2026-10-07T23:59:59-04:00,8159537,,,,True,,False,65.0,😐 Fair,no price history; matches best price of $4.99 (2 stores),Flour,Pantry,Baking Supplies,claude_code,3.0,11.99,7.55,32,82.8,False,33.9,,1,,,True,68.7,100,73,Only if needed,34% below avg $7.55; 32 prior prices
Sobeys,Gala Apples - Apple Fest,8.0,8.0,each,2026-10-01T03:00:00-04:00,2026-10-07T23:59:59-04:00,8159537,,,,True,,False,65.0,😐 Fair,no price history; matches best price of $8.00 (2 stores),Apples (Gala),Produce,Fruit,claude_code,1.28,7.99,5.66,9,0.0,False,-41.5,3,4,1.28,Walmart,True,29.2,100,81,Skip,42% above average; #3 of 4 stores; 9 prior prices
Sobeys,Candy,3.29,3.29,each,2026-10-01T03:00:00-04:00,2026-10-07T23:59:59-04:00,8159537,,,,True,,False,74.0,✅ Good Buy,"41% below avg of $5.60, but $0.89 at Save-On-Foods is far cheaper (6 stores)",Candy,Snacks,Candy/Chocolate,claude_code,0.79,13.99,4.99,85,60.0,False,34.0,,1,,,False,63.8,100,73,Only if needed,34% below avg $4.99; 85 prior prices
Sobeys,Frozen Turkey,2.99,2.99,each,2026-10-01T03:00:00-04:00,2026-10-07T23:59:59-04:00,8159537,,,,True,low_history,False,65.0,😐 Fair,no price history; matches best price of $2.99 across 3 stores,"Turkey (Frozen, Whole)",Poultry,Turkey,claude_code,3.79,4.99,4.39,2,100.0,True,31.9,2,2,2.19,Safeway,False,82.3,90,67,Buy this week,32% below avg $4.39; Lowest seen; #2 of 2 stores
Sobeys,Fresh Steelhead Trout Fillets,3.89,3.89,per_100g,2026-10-01T03:00:00-04:00,2026-10-07T23:59:59-04:00,8159537,38.9,$/kg,,True,,True,81.0,✅ Good Buy,31% below 6-month avg of $5.65. Best price across 2 stores,Trout Fillets (Steelhead),Seafood,Fish Fillets,cached,34.9,37.9,36.04,14,0.0,False,-7.9,1,2,38.9,Sobeys,False,61.0,100,89,Only if needed,8% above average; Cheapest of 2 stores; 14 prior prices
Sobeys,Raisin Bread,4.99,4.99,each,2026-10-01T03:00:00-04:00,2026-10-07T23:59:59-04:00,8159537,,,,True,,False,41.0,⚠️ Below Average,6% above avg of $4.70; $4.00 at No Frills is cheaper (4 stores),Raisin Bread,Bakery,Bread,claude_code,3.78,5.49,4.7,16,46.9,False,-6.2,1,2,4.99,Sobeys,True,61.9,100,81,Only if needed,6% above average; Cheapest of 2 stores; 16 prior prices
Sobeys,Bars,12.99,12.99,each,2026-10-01T03:00:00-04:00,2026-10-07T23:59:59-04:00,8159537,,,,True,,False,0.0,❌ Poor Value,118% above avg of $5.97; far above best price of $2.37 at Walmart (5 stores),Bars,Snacks,Bars/Granola,claude_code,2.29,20.0,8.48,24,14.6,False,-53.1,4,5,4.0,Sobeys,False,5.0,100,88,Skip,53% above average; 24 prior prices
Sobeys,Fresh Pasta,6.49,6.49,each,2026-10-01T03:00:00-04:00,2026-10-07T23:59:59-04:00,8159537,,,,True,,False,45.0,⚠️ Below Average,"at historical avg of $6.49, but $2.50 at No Frills is far cheaper (3 stores)",Fresh Pasta,Pantry,Pasta/Grains,claude_code,3.0,9.99,5.85,14,32.1,False,-11.0,2,3,2.5,No Frills,True,49.5,100,85,Skip,11% above average; #2 of 3 stores; 14 prior prices
Sobeys,COMPLIMENTS Instant Coffee,8.49,8.49,each,2026-10-01T03:00:00-04:00,2026-10-07T23:59:59-04:00,8159537,,,,True,,False,35.0,⚠️ Below Average,Above average (usually $4.00). Best price across 2 stores,Instant Coffee,Beverages,nan,cached,4.0,10.99,6.83,31,19.4,False,-24.3,1,5,8.49,Sobeys,True,52.9,100,88,Only if needed,24% above average; Cheapest of 5 stores; 31 prior prices
Sobeys,Bars,4.0,4.0,each,2026-10-01T03:00:00-04:00,2026-10-07T23:59:59-04:00,8159537,,,,True,,False,68.0,😐 Fair,"33% below avg of $5.97, but $2.37 at Walmart is cheaper (5 stores)",Bars,Snacks,Bars/Granola,claude_code,2.29,20.0,8.48,24,75.0,False,52.9,1,5,4.0,Sobeys,False,95.0,100,88,Stock up,53% below avg $8.48; Cheapest of 5 stores; 24 prior prices
Sobeys,Pizza Pockets,13.99,13.99,each,2026-10-01T03:00:00-04:00,2026-10-07T23:59:59-04:00,8159537,,,,True,,False,0.0,❌ Poor Value,"153% above historical avg of $5.52; both Sobeys and Safeway at $13.99, far above history",Pizza Pockets,Frozen,Meals/Entrees,claude_code,3.49,7.99,5.55,21,0.0,False,-152.2,1,2,13.99,Sobeys,False,35.0,100,84,Skip,152% above average; Cheapest of 2 stores; 21 prior prices
Sobeys,Dragon Fruit,3.99,3.99,each,2026-10-01T03:00:00-04:00,2026-10-07T23:59:59-04:00,8159537,,,,True,,False,55.0,😐 Fair,"15% below avg of $4.69, but $2.98 at Real Canadian Superstore is cheaper (3 stores)",Dragon Fruit,Produce,Fruit,claude_code,2.98,4.99,4.39,18,58.3,False,9.1,2,3,2.98,Real Canadian Superstore,False,56.4,100,85,Only if needed,9% below avg $4.39; #2 of 3 stores; 18 prior prices
Sobeys,Body Wash,12.99,12.99,each,2026-10-01T03:00:00-04:00,2026-10-07T23:59:59-04:00,8159537,,,,True,,False,0.0,❌ Poor Value,83% above avg of $7.08; far above best price of $3.97 at Walmart (5 stores),Body Wash,Household & Personal,Personal Care,claude_code,3.29,20.0,7.37,92,5.4,False,-76.2,3,6,3.97,Walmart,False,20.0,100,88,Skip,76% above average; #3 of 6 stores; 92 prior prices
Sobeys,Wild Argentinian Easy Peel Shrimp,7.99,7.99,each,2026-10-01T03:00:00-04:00,2026-10-07T23:59:59-04:00,8159537,,,,True,,False,78.0,✅ Good Buy,"11% below historical avg/min of $8.99, matches best price of $7.99 (2 stores)","Shrimp (Easy Peel, Wild Argentinian)",Seafood,Shrimp/Prawns,claude_code,7.99,8.99,8.49,4,62.5,True,5.9,,1,,,False,54.1,100,62,Only if needed,6% below avg $8.49; Lowest seen; 4 prior prices
Sobeys,Liquid Detergent,9.99,9.99,each,2026-10-01T03:00:00-04:00,2026-10-07T23:59:59-04:00,8159537,,,,True,,False,77.0,✅ Good Buy,"25% below avg of $13.24, matches best price of $9.99 (2 stores)",Liquid Laundry Detergent,Household & Personal,Laundry,claude_code,4.97,35.99,16.26,27,77.8,False,38.6,,1,,,False,67.0,100,73,Only if needed,39% below avg $16.26; 27 prior prices
Sobeys,"Bars, Minis or Rice Crisps",3.99,3.99,each,2026-10-01T03:00:00-04:00,2026-10-07T23:59:59-04:00,8159537,,,,True,,False,50.0,😐 Fair,"14% above avg of $3.49, but tied for best price ($3.99) across 2 stores",Snack Bars,Snacks,Bars/Granola,claude_code,2.47,12.99,4.74,57,26.3,False,15.8,,1,,,True,56.1,100,73,Only if needed,16% below avg $4.74; 57 prior prices
Sobeys,Boneless Lamb Leg,12.99,12.99,each,2026-10-01T03:00:00-04:00,2026-10-07T23:59:59-04:00,8159537,,,,True,,False,70.0,✅ Good Buy,Matches historical low of $12.99 and ties for best price across 2 stores,Lamb Leg (Boneless),Lamb,Leg,claude_code,2.99,29.99,13.24,94,46.3,False,1.9,1,2,12.99,Sobeys,False,61.3,100,84,Only if needed,Cheapest of 2 stores; 94 prior prices
Sobeys,Cold Brew Coffee,8.99,8.99,each,2026-10-01T03:00:00-04:00,2026-10-07T23:59:59-04:00,8159537,,,,True,,False,100.0,🔥 Hot Deal,"60% below avg of $22.29, tied for best price ($8.99) across 2 stores",Cold Brew Coffee,Beverages,Coffee,claude_code,7.0,7.99,7.85,7,0.0,False,-14.5,1,2,8.99,Sobeys,True,57.8,100,77,Only if needed,14% above average; Cheapest of 2 stores; 7 prior prices
Sobeys,Premium Ice Cream,5.99,5.99,each,2026-10-01T03:00:00-04:00,2026-10-07T23:59:59-04:00,8159537,,,,True,,False,56.0,😐 Fair,"Slightly above avg of $5.67 (6% higher), but tied for best price across 3 stores",Ice Cream (Premium),Frozen,Ice Cream/Dessert,claude_code,5.49,6.5,5.68,8,25.0,False,-5.4,,1,,,False,37.3,100,66,Skip,5% above average; 8 prior prices
Sobeys,Creamers,6.49,6.49,each,2026-10-01T03:00:00-04:00,2026-10-07T23:59:59-04:00,8159537,,,,True,,False,41.0,⚠️ Below Average,Above average (usually $5.52). $5.49 at Safeway,Creamer,Dairy & Eggs,Cream,cached,3.49,6.5,5.23,7,14.3,False,-24.1,1,2,6.49,Sobeys,False,48.0,100,77,Skip,24% above average; Cheapest of 2 stores; 7 prior prices
Sobeys,COMPLIMENTS Sour Cream,2.49,2.49,each,2026-10-01T03:00:00-04:00,2026-10-07T23:59:59-04:00,8159537,,,,True,,False,73.0,✅ Good Buy,19% below 6-month avg of $3.07. Best price across 2 stores,Sour Cream,Dairy & Eggs,Sour Cream,cached,2.29,5.0,3.37,29,84.5,False,26.1,1,3,2.49,Sobeys,False,78.3,100,88,Buy this week,26% below avg $3.37; Cheapest of 3 stores; 29 prior prices
Sobeys,Flavoured Shells,5.49,5.49,each,2026-10-01T03:00:00-04:00,2026-10-07T23:59:59-04:00,8159537,,,,True,,False,53.0,😐 Fair,"10% above avg of $4.99, but tied for best price ($5.49) across 2 stores",Pasta Shells (Flavoured),Pantry,Pasta/Grains,claude_code,1.79,9.99,4.4,22,13.6,False,-24.7,,1,,,False,27.6,100,73,Skip,25% above average; 22 prior prices
Sobeys,COMPLIMENTS Bone-In Ham Steak or Honey Ham,6.49,6.49,each,2026-10-01T03:00:00-04:00,2026-10-07T23:59:59-04:00,8159537,,,,True,,False,60.0,😐 Fair,Best price across 2 stores,Ham Steak (Bone-In),Pork,nan,cached,2.79,12.97,5.64,21,26.2,False,-15.1,1,2,6.49,Sobeys,False,52.5,100,84,Only if needed,15% above average; Cheapest of 2 stores; 21 prior prices
Sobeys,ProActive Health Dry Cat Food,15.49,15.49,each,2026-10-01T03:00:00-04:00,2026-10-07T23:59:59-04:00,8159537,,,,True,,False,65.0,😐 Fair,Slightly below avg ($16.87). Best price across 2 stores,Dry Cat Food,Household & Personal,Pet Food/Supplies,cached,6.0,39.98,16.45,27,40.7,False,5.8,,1,,,False,44.1,100,73,Skip,6% below avg $16.45; 27 prior prices
Sobeys,"Mediterranée Yogurt 500 mL or 4 pk, Greek Yogurt 2-4 pk or Source Protein Yogurt 650 g",3.49,3.49,each,2026-10-01T03:00:00-04:00,2026-10-07T23:59:59-04:00,8159537,5.37,$/kg,650.0,True,,False,45.0,⚠️ Below Average,No price history or cross-store comparison available; neutral score assigned,Yogurt,Dairy & Eggs,Yogurt,claude_code,2.65,64.7,8.14,48,60.4,False,34.0,1,2,5.37,Sobeys,True,93.8,100,92,Stock up,34% below avg $8.14; Cheapest of 2 stores; 48 prior prices
Sobeys,Flavoured Butter,2.99,2.99,each,2026-10-01T03:00:00-04:00,2026-10-07T23:59:59-04:00,8159537,,,,True,,False,70.0,✅ Good Buy,Matches historical low of $2.99 and ties for best price across 2 stores,Butter (Flavoured),Dairy & Eggs,Butter/Margarine,claude_code,1.79,5.0,3.19,17,50.0,False,6.3,,1,,,True,49.4,100,70,Skip,6% below avg $3.19; 17 prior prices
Sobeys,NANA'S SAMOSAS,3.0,3.0,each,2026-10-01T03:00:00-04:00,2026-10-07T23:59:59-04:00,8159537,,,,True,,False,97.0,🔥 Hot Deal,LOWEST PRICE in 6 months (usually $4.92). Best price across 2 stores,Samosas,Frozen,nan,cached,2.99,12.5,5.64,14,71.4,False,46.8,1,6,3.0,Sobeys,False,92.8,100,85,Stock up,47% below avg $5.64; Cheapest of 6 stores; 14 prior prices
Sobeys,COMPLIMENTS Carrots or Onions,3.47,3.47,each,2026-10-01T03:00:00-04:00,2026-10-07T23:59:59-04:00,8159537,,,,True,,False,56.0,😐 Fair,Near average ($3.23). Best price across 2 stores,Carrots or Onions,Produce,Vegetables,cached,2.99,3.77,3.41,6,41.7,False,-1.8,1,2,3.47,Sobeys,True,64.1,100,77,Only if needed,Cheapest of 2 stores; 6 prior prices
Sobeys,Cheddar,11.99,11.99,each,2026-10-01T03:00:00-04:00,2026-10-07T23:59:59-04:00,8159537,,,,True,,False,12.0,❌ Poor Value,"48% above avg of $8.12, and $7.49 higher than best price ($4.50 at Real Canadian Superstore)",Cheddar Cheese,Dairy & Eggs,Cheese (Block),claude_code,6.0,13.99,10.44,10,30.0,False,-14.8,4,5,6.67,Walmart,False,22.6,100,85,Skip,15% above average; 10 prior prices
Sobeys,Cream Cheese,3.99,3.99,each,2026-10-01T03:00:00-04:00,2026-10-07T23:59:59-04:00,8159537,,,,True,,False,54.0,😐 Fair,"Slightly below avg of $4.41 (10% lower), but $1.00 above best price ($2.99 at No Frills)",Cream Cheese,Dairy & Eggs,Cheese (Block),claude_code,2.99,6.99,4.21,55,44.5,False,5.3,,1,,,True,48.7,100,73,Skip,5% below avg $4.21; 55 prior prices
Sobeys,Hydration Mix,19.99,19.99,each,2026-10-01T03:00:00-04:00,2026-10-07T23:59:59-04:00,8159537,,,,True,low_history,False,70.0,✅ Good Buy,Matches historical low of $19.99 and ties for best price across 2 stores,Hydration Mix,Beverages,Energy/Sports Drinks,claude_code,19.99,19.99,19.99,2,25.0,True,0.0,1,2,19.99,Sobeys,False,70.0,90,67,Compare first,Lowest seen; Cheapest of 2 stores; Only 2 prior prices
Sobeys,Herring Fillets,4.29,4.29,each,2026-10-01T03:00:00-04:00,2026-10-07T23:59:59-04:00,8159537,,,,True,,False,55.0,😐 Fair,"8% above avg of $3.99, but tied for best price ($4.29) across 2 stores",Herring Fillets,Seafood,Fish Fillets,claude_code,3.99,3.99,3.99,5,0.0,False,-7.5,1,2,4.29,Sobeys,False,56.2,100,77,Only if needed,8% above average; Cheapest of 2 stores; 5 prior prices
Sobeys,Samosas,3.0,3.0,each,2026-10-01T03:00:00-04:00,2026-10-07T23:59:59-04:00,8159537,,,,True,,False,85.0,🔥 Hot Deal,"50% below avg of $5.99, within $0.01 of best price ($2.99 at Real Canadian Superstore)",Samosas,Frozen,Meals/Entrees,claude_code,2.99,12.5,5.64,14,71.4,False,46.8,2,6,3.0,Sobeys,False,82.8,100,85,Buy this week,47% below avg $5.64; #2 of 6 stores; 14 prior prices
Sobeys,Basmati Rice,8.99,8.99,each,2026-10-01T03:00:00-04:00,2026-10-07T23:59:59-04:00,8159537,,,,True,,False,57.0,😐 Fair,"15% below avg of $10.57, but $1.00 above best price ($7.99 at Real Canadian Superstore)",Basmati Rice,Pantry,Rice,claude_code,5.79,14.99,10.82,46,65.2,False,16.9,,1,,,True,56.8,100,73,Only if needed,17% below avg $10.82; 46 prior prices
Sobeys,Caramel Wafer Biscuits,2.99,2.99,each,2026-10-01T03:00:00-04:00,2026-10-07T23:59:59-04:00,8159537,,,,True,,False,65.0,😐 Fair,"No price history, but tied for best price ($2.99) across 2 stores",Caramel Wafer Biscuits,Snacks,Cookies,claude_code,2.5,6.0,4.02,5,40.0,False,25.6,1,2,2.99,Sobeys,False,77.9,100,77,Buy this week,26% below avg $4.02; Cheapest of 2 stores; 5 prior prices
Sobeys,"Shampoo, Conditioner or Stylers",5.99,5.99,each,2026-10-01T03:00:00-04:00,2026-10-07T23:59:59-04:00,8159537,,,,True,,False,65.0,😐 Fair,22% below 6-month avg of $7.67. $4.99 at Safeway,Shampoo,Household & Personal,Personal Care,cached,2.75,23.99,8.13,81,66.0,False,26.3,,1,,,False,58.4,100,73,Only if needed,26% below avg $8.13; 81 prior prices
Sobeys,Boneless Pork Sirloin Chops or Roasts,3.99,3.99,each,2026-10-01T03:00:00-04:00,2026-10-07T23:59:59-04:00,8159537,,,,True,,False,59.0,😐 Fair,"1% above avg of $3.94, but tied for best price ($3.99) across 2 stores",Pork Sirloin Chops (Boneless),Pork,Chops,claude_code,2.99,4.99,3.66,6,16.7,False,-9.1,1,2,3.99,Sobeys,False,55.5,100,77,Only if needed,9% above average; Cheapest of 2 stores; 6 prior prices
Sobeys,Pure Pumpkin,5.99,5.99,each,2026-10-01T03:00:00-04:00,2026-10-07T23:59:59-04:00,8159537,,,,True,,False,14.0,❌ Poor Value,"44% above avg of $4.15, and $1.20 higher than best price ($4.79 at Real Canadian Superstore)",Pumpkin Puree,Pantry,Canned Goods,claude_code,1.0,12.0,5.32,29,34.5,False,-12.5,,1,,,False,33.8,100,73,Skip,12% above average; 29 prior prices
Sobeys,Dip,8.49,8.49,each,2026-10-01T03:00:00-04:00,2026-10-07T23:59:59-04:00,8159537,,,,True,,False,15.0,❌ Poor Value,"42% above avg of $5.97, and $6.70 higher than best price ($1.79 at Save-On-Foods)",Dip,Pantry,Sauces/Condiments,claude_code,2.99,10.99,5.59,25,14.0,False,-51.8,,1,,,False,15.0,100,73,Skip,52% above average; 25 prior prices
Sobeys,Tortilla Chips,3.99,3.99,each,2026-10-01T03:00:00-04:00,2026-10-07T23:59:59-04:00,8159537,,,,True,,False,65.0,😐 Fair,"26% below avg of $5.41, but $1.49 above best price ($2.50 at Real Canadian Superstore)",Tortilla Chips,Snacks,Chips/Pretzels,claude_code,2.5,12.0,5.44,82,56.1,False,26.7,,1,,,False,58.7,100,73,Only if needed,27% below avg $5.44; 82 prior prices
Sobeys,"Dinner, Tray or Butter-Topped Buns",4.0,4.0,each,2026-10-01T03:00:00-04:00,2026-10-07T23:59:59-04:00,8159537,,,,True,no_history,False,65.0,😐 Fair,"No price history, but tied for best price ($4.00) across 2 stores",Buns (Dinner),Bakery,Buns/Rolls,claude_code,,,,0,,False,,,1,,,True,45.0,80,25,Skip,No price history
Sobeys,Celery,2.49,2.49,each,2026-10-01T03:00:00-04:00,2026-10-07T23:59:59-04:00,8159537,,,,True,,False,49.0,⚠️ Below Average,"Close to avg of $2.54, but $0.50 above best price ($1.99 at Real Canadian Superstore)",Celery,Produce,Vegetables,claude_code,1.69,3.99,2.48,13,38.5,False,-0.3,2,3,1.99,Real Canadian Superstore,False,49.9,100,85,Skip,#2 of 3 stores; 13 prior prices
Sobeys,Green Tea,5.99,5.99,each,2026-10-01T03:00:00-04:00,2026-10-07T23:59:59-04:00,8159537,,,,True,,False,65.0,😐 Fair,"No price history, but tied for best price ($5.99) across 2 stores",Green Tea,Beverages,Tea,claude_code,4.0,5.99,5.0,5,10.0,False,-19.9,1,2,5.99,Sobeys,False,50.0,100,77,Only if needed,20% above average; Cheapest of 2 stores; 5 prior prices
Sobeys,Broth,5.29,5.29,each,2026-10-01T03:00:00-04:00,2026-10-07T23:59:59-04:00,8159537,,,,True,,False,40.0,⚠️ Below Average,"6% above avg of $4.97, and $3.91 higher than best price ($1.38 at Real Canadian Superstore)",Broth,Pantry,Soups,claude_code,1.25,9.99,3.8,24,16.7,False,-39.3,6,7,1.47,Walmart,False,10.4,100,88,Skip,39% above average; 24 prior prices
Sobeys,GATORADE,7.49,7.49,each,2026-10-01T03:00:00-04:00,2026-10-07T23:59:59-04:00,8159537,,,,True,,False,60.0,😐 Fair,15% below 6-month avg of $8.84. $1.47 at Real Canadian Superstore,Energy Drink,Beverages,nan,cached,2.48,17.99,8.0,20,55.0,False,6.3,1,3,7.49,Sobeys,False,64.4,100,88,Only if needed,6% below avg $8.00; Cheapest of 3 stores; 20 prior prices
Sobeys,COMPLIMENTS Broth,1.99,1.99,each,2026-10-01T03:00:00-04:00,2026-10-07T23:59:59-04:00,8159537,,,,True,,False,95.0,🔥 Hot Deal,LOWEST PRICE in 6 months (usually $3.14). Best price across 2 stores,Broth,Pantry,Soups,cached,1.25,9.99,3.8,24,64.6,False,47.6,4,7,1.47,Walmart,False,63.3,100,88,Only if needed,48% below avg $3.80; 24 prior prices
Sobeys,Apple Juice,10.99,10.99,each,2026-10-01T03:00:00-04:00,2026-10-07T23:59:59-04:00,8159537,,,,True,,False,4.0,❌ Poor Value,"80% above avg of $6.10, despite tying for best price ($10.99) across 2 stores",Apple Juice,Beverages,Juice,claude_code,2.5,19.99,8.16,9,11.1,False,-34.7,1,2,10.99,Sobeys,False,42.6,100,77,Skip,35% above average; Cheapest of 2 stores; 9 prior prices
Sobeys,Guacamole,8.99,8.99,each,2026-10-01T03:00:00-04:00,2026-10-07T23:59:59-04:00,8159537,,,,True,,False,33.0,⚠️ Below Average,"39% above avg of $6.49, though tied for best price ($8.99) across 2 stores",Guacamole,Other,Deli (Prepared),claude_code,4.5,7.99,6.49,9,0.0,False,-38.5,1,2,8.99,Sobeys,False,40.8,100,77,Skip,38% above average; Cheapest of 2 stores; 9 prior prices
Sobeys,Pumpkin Spice Cupcakes,7.99,7.99,each,2026-10-01T03:00:00-04:00,2026-10-07T23:59:59-04:00,8159537,,,,True,,False,70.0,✅ Good Buy,Matches historical low of $7.99 and ties for best price across 2 stores,Cupcakes (Pumpkin Spice),Bakery,Desserts/Cakes,claude_code,3.47,13.97,8.59,10,45.0,False,6.9,1,2,7.99,Sobeys,False,64.8,100,81,Only if needed,7% below avg $8.59; Cheapest of 2 stores; 10 prior prices
Sobeys,COMPLIMENTS NATURALLY SIMPLE Hokkaido Scallops,26.99,26.99,each,2026-10-01T03:00:00-04:00,2026-10-07T23:59:59-04:00,8159537,,,,True,,False,14.0,❌ Poor Value,"66% above avg of $16.29, despite tying for best price ($26.99) across 2 stores",Scallops (Hokkaido),Seafood,Shellfish,claude_code,4.88,29.99,13.11,31,12.9,False,-105.9,1,2,26.99,Sobeys,False,35.0,100,84,Skip,106% above average; Cheapest of 2 stores; 31 prior prices
Sobeys,Extra Virgin Olive Oil,16.99,16.99,each,2026-10-01T03:00:00-04:00,2026-10-07T23:59:59-04:00,8159537,,,,True,,False,39.0,⚠️ Below Average,"9% above avg of $15.61, and $4.99 higher than best price ($12.00 at No Frills)",Olive Oil (Extra Virgin),Pantry,Spices/Oils,claude_code,6.99,39.99,13.27,16,18.8,False,-28.1,1,2,16.99,Sobeys,False,46.0,100,81,Skip,28% above average; Cheapest of 2 stores; 16 prior prices
Sobeys,COMPLIMENTS White or Whole Wheat Bread,2.49,2.49,each,2026-10-01T03:00:00-04:00,2026-10-07T23:59:59-04:00,8159537,,,,True,,False,73.0,✅ Good Buy,LOWEST PRICE in 6 months (usually $2.63). Best price across 2 stores,Bread,Bakery,Bread,cached,2.47,10.99,3.97,66,88.6,False,37.3,,1,,,True,71.1,100,73,Compare first,37% below avg $3.97; 66 prior prices
Sobeys,Tortilla Chips,9.5,9.5,each,2026-10-01T03:00:00-04:00,2026-10-07T23:59:59-04:00,8159537,,,,True,,False,0.0,❌ Poor Value,"76% above avg of $5.41, and $7.00 higher than best price ($2.50 at Real Canadian Superstore)",Tortilla Chips,Snacks,Chips/Pretzels,claude_code,2.5,12.0,5.44,82,3.0,False,-74.5,,1,,,False,15.0,100,73,Skip,74% above average; 82 prior prices
Sobeys,Complete Nutritional Supplement Drink,8.99,8.99,each,2026-10-01T03:00:00-04:00,2026-10-07T23:59:59-04:00,8159537,,,,True,,False,84.0,✅ Good Buy,"20% below avg of $11.19, matches historical low, ties for best price across 2 stores",Nutritional Supplement Drink,Household & Personal,Health/Pharmacy,claude_code,12.49,18.0,14.42,7,100.0,True,37.7,1,2,8.99,Sobeys,False,96.4,100,77,Stock up,38% below avg $14.42; Lowest seen; Cheapest of 2 stores
Sobeys,Flushable Wipes,6.99,6.99,each,2026-10-01T03:00:00-04:00,2026-10-07T23:59:59-04:00,8159537,,,,True,,False,74.0,✅ Good Buy,"19% below avg of $8.66, tied for best price ($6.99) across 2 stores",Flushable Wipes,Household & Personal,Personal Care,claude_code,5.99,11.99,8.66,3,66.7,False,19.3,1,2,6.99,Sobeys,False,73.5,100,73,Compare first,19% below avg $8.66; Cheapest of 2 stores; 3 prior prices
Sobeys,COMPLIMENTS Apples - Apple Fest,6.99,6.99,each,2026-10-01T03:00:00-04:00,2026-10-07T23:59:59-04:00,8159537,,,,True,,False,65.0,😐 Fair,"No price history, but tied for best price ($6.99) across 2 stores",Apples,Produce,Fruit,claude_code,1.77,8.99,5.36,21,38.1,False,-30.4,2,5,5.99,Calgary Co-op,True,39.8,100,88,Skip,30% above average; #2 of 5 stores; 21 prior prices
Sobeys,Fresh Boneless Whole Beef Brisket,7.99,7.99,each,2026-10-01T03:00:00-04:00,2026-10-07T23:59:59-04:00,8159537,,,,True,,False,56.0,😐 Fair,Near average ($7.49). Best price across 2 stores,"Beef Brisket (Boneless, Whole)",Beef,Roast,cached,6.99,8.99,7.79,5,30.0,False,-2.6,1,2,7.99,Sobeys,False,58.7,100,77,Only if needed,Cheapest of 2 stores; 5 prior prices
Sobeys,COMPLIMENTS Pie or Tart Shells or Phyllo Pastry - Apple Fest,3.0,3.0,each,2026-10-01T03:00:00-04:00,2026-10-07T23:59:59-04:00,8159537,,,,True,,False,65.0,😐 Fair,"No price history, but tied for best price ($3.00) across 2 stores",Pie Shells,Pantry,Baking Supplies,claude_code,2.99,4.99,3.99,5,60.0,False,24.8,1,5,3.0,Sobeys,False,77.4,100,81,Buy this week,25% below avg $3.99; Cheapest of 5 stores; 5 prior prices
Sobeys,Oats - Apple Fest,3.99,3.99,each,2026-10-01T03:00:00-04:00,2026-10-07T23:59:59-04:00,8159537,,,,True,,False,65.0,😐 Fair,"No price history, but tied for best price ($3.99) across 2 stores",Oats,Pantry,Breakfast/Cereal,claude_code,2.77,10.49,4.27,11,36.4,False,6.6,1,5,3.99,Sobeys,False,64.6,100,85,Only if needed,7% below avg $4.27; Cheapest of 5 stores; 11 prior prices
Sobeys,Cabbage Rolls,19.99,19.99,each,2026-10-01T03:00:00-04:00,2026-10-07T23:59:59-04:00,8159537,,,,True,,False,9.0,❌ Poor Value,"72% above avg of $11.59, despite tying for best price ($19.99) across 2 stores",Cabbage Rolls,Frozen,Meals/Entrees,claude_code,9.97,11.99,11.59,5,0.0,False,-72.5,1,2,19.99,Sobeys,False,35.0,100,77,Skip,72% above average; Cheapest of 2 stores; 5 prior prices
Sobeys,K-Cup® Pods,13.99,13.99,each,2026-10-01T03:00:00-04:00,2026-10-07T23:59:59-04:00,8159537,,,,True,,False,69.0,😐 Fair,28% below 6-month avg of $19.49. $12.99 at Safeway,K-Cup Pods,Beverages,nan,cached,11.99,37.99,22.1,9,55.6,False,36.7,4,8,12.99,Sobeys,False,55.7,100,81,Only if needed,37% below avg $22.10; 9 prior prices
Sobeys,X-Large Bagged Chocolate,10.99,10.99,each,2026-10-01T03:00:00-04:00,2026-10-07T23:59:59-04:00,8159537,,,,True,,False,70.0,✅ Good Buy,Matches historical low of $10.99 and ties for best price across 2 stores,Bagged Chocolate (X-Large),Snacks,Candy/Chocolate,claude_code,3.99,11.49,6.67,38,9.2,False,-64.9,1,2,10.99,Sobeys,False,35.0,100,84,Skip,65% above average; Cheapest of 2 stores; 38 prior prices
Sobeys,COMPLIMENTS Cocktail-Flavoured Sparkling Beverage,6.49,6.49,each,2026-10-01T03:00:00-04:00,2026-10-07T23:59:59-04:00,8159537,,,,True,low_history,False,54.0,😐 Fair,"8% above avg of $5.99, but tied for best price ($6.49) across 2 stores",Sparkling Beverage (Cocktail-Flavoured),Beverages,Soda/Pop,claude_code,5.99,5.99,5.99,2,0.0,False,-8.3,,1,,,False,35.9,90,56,Skip,8% above average; Only 2 prior prices
Sobeys,COMPLIMENTS Cranberry or Ruby Red Cocktail,3.99,3.99,each,2026-10-01T03:00:00-04:00,2026-10-07T23:59:59-04:00,8159537,,,,True,,False,55.0,😐 Fair,Near average ($3.66). Best price across 2 stores,Cranberry Cocktail,Beverages,Juice,cached,3.0,8.0,4.21,19,36.8,False,5.3,1,2,3.99,Sobeys,False,63.7,100,81,Only if needed,5% below avg $4.21; Cheapest of 2 stores; 19 prior prices
Sobeys,COMPLIMENTS De-Alcoholized Beer,11.49,11.49,each,2026-10-01T03:00:00-04:00,2026-10-07T23:59:59-04:00,8159537,,,,True,,False,51.0,😐 Fair,Above average (usually $9.79). Best price across 2 stores,De-Alcoholized Beer,Beverages,Soda/Pop,cached,5.99,11.49,9.66,13,3.8,False,-18.9,1,2,11.49,Sobeys,False,50.5,100,81,Only if needed,19% above average; Cheapest of 2 stores; 13 prior prices
Sobeys,Farmer's Medley Biscuits,4.99,4.99,each,2026-10-01T03:00:00-04:00,2026-10-07T23:59:59-04:00,8159537,,,,True,no_history,False,65.0,😐 Fair,"No price history, but tied for best price ($4.99) across 2 stores",Biscuits (Farmer's Medley),Snacks,Crackers,claude_code,,,,0,,False,,,1,,,False,40.0,80,25,Skip,No price history
Sobeys,Whole Bean Coffee,14.99,14.99,each,2026-10-01T03:00:00-04:00,2026-10-07T23:59:59-04:00,8159537,,,,True,,False,64.0,😐 Fair,"26% below avg of $20.17, but $4.00 above best price ($10.99 at Save-On-Foods)",Coffee (Whole Bean),Beverages,Coffee,claude_code,23.97,28.99,27.32,3,100.0,True,45.1,,1,,,True,86.6,100,62,Buy this week,45% below avg $27.32; Lowest seen; 3 prior prices
Sobeys,Sausage Stuffed Mushroom Caps or Portabella Mushroom Caps,5.99,5.99,each,2026-10-01T03:00:00-04:00,2026-10-07T23:59:59-04:00,8159537,,,,True,,False,70.0,✅ Good Buy,Matches historical low of $5.99 and ties for best price across 2 stores,Mushroom Caps (Sausage Stuffed),Other,Deli (Prepared),claude_code,5.99,5.99,5.99,4,37.5,True,0.0,,1,,,False,50.0,100,62,Only if needed,Lowest seen; 4 prior prices
Sobeys,Turkey Bacon,5.99,5.99,each,2026-10-01T03:00:00-04:00,2026-10-07T23:59:59-04:00,8159537,,,,True,,False,74.0,✅ Good Buy,"5% below avg of $6.33, matches historical low, ties for best price across 2 stores",Turkey Bacon,Poultry,Turkey,claude_code,5.99,6.49,6.29,3,66.7,True,4.7,1,2,5.99,Sobeys,True,78.3,100,73,Buy this week,Lowest seen; Cheapest of 2 stores; 3 prior prices
Sobeys,Fresh Pork Shoulder Blade Roasts or Steak,4.49,4.49,each,2026-10-01T03:00:00-04:00,2026-10-07T23:59:59-04:00,8159537,,,,True,,False,53.0,😐 Fair,Above average (usually $3.97). Best price across 2 stores,Pork Shoulder Blade Roast,Pork,Roast,cached,3.27,4.49,3.83,7,7.1,False,-17.2,1,2,4.49,Sobeys,False,51.4,100,77,Only if needed,17% above average; Cheapest of 2 stores; 7 prior prices
Sobeys,COMPLIMENTS Ground Chicken or Turkey,6.0,6.0,each,2026-10-01T03:00:00-04:00,2026-10-07T23:59:59-04:00,8159537,,,,True,,False,70.0,✅ Good Buy,"At historical avg of $6.00 (4 data points), ties best price of $6.00 across 2 stores.",Ground Chicken,Poultry,Ground Poultry,claude_code,4.0,9.0,7.61,9,88.9,False,21.1,1,2,6.0,Sobeys,False,74.8,100,77,Compare first,21% below avg $7.61; Cheapest of 2 stores; 9 prior prices
Sobeys,Pork Back Ribs,9.99,9.99,each,2026-10-01T03:00:00-04:00,2026-10-07T23:59:59-04:00,8159537,,,,True,,False,46.0,⚠️ Below Average,Slightly below avg ($10.22). $6.99 at Calgary Co-op,Pork Ribs,Pork,nan,cached,5.49,14.99,10.49,3,66.7,False,4.8,2,3,6.99,Calgary Co-op,False,53.4,100,77,Only if needed,#2 of 3 stores; 3 prior prices
Sobeys,COMPLIMENTS Chicken or Beef Individual Pot Pies,11.99,11.99,each,2026-10-01T03:00:00-04:00,2026-10-07T23:59:59-04:00,8159537,,,,True,,False,73.0,✅ Good Buy,LOWEST PRICE in 6 months (usually $12.66). Best price across 2 stores,Pot Pies (Individual),Frozen,Meals/Entrees,cached,11.99,12.99,12.59,5,70.0,True,4.8,1,2,11.99,Sobeys,False,73.4,100,77,Compare first,Lowest seen; Cheapest of 2 stores; 5 prior prices
Sobeys,Chicken Sausage,5.99,5.99,each,2026-10-01T03:00:00-04:00,2026-10-07T23:59:59-04:00,8159537,,,,True,,False,57.0,😐 Fair,"3.6% above avg of $5.78, but ties for best price ($5.99) across 2 stores.",Chicken Sausage,Poultry,Sausage (Poultry),claude_code,3.6,5.99,5.51,10,35.0,False,-8.7,1,2,5.99,Sobeys,False,55.6,100,81,Only if needed,9% above average; Cheapest of 2 stores; 10 prior prices
Sobeys,Fresh Boneless Peeled Top Blade/Flat Iron Simmering Steak,19.99,19.99,each,2026-10-01T03:00:00-04:00,2026-10-07T23:59:59-04:00,8159537,,,,True,,False,70.0,✅ Good Buy,"At historical low/average of $19.99, matches best price across 2 stores.","Top Blade Steak (Boneless, Peeled)",Beef,Steak,claude_code,19.99,19.99,19.99,4,37.5,True,0.0,,1,,,False,50.0,100,62,Only if needed,Lowest seen; 4 prior prices
Sobeys,Pepperoni,9.99,9.99,each,2026-10-01T03:00:00-04:00,2026-10-07T23:59:59-04:00,8159537,,,,True,,False,35.0,⚠️ Below Average,13.6% above avg of $8.79; best price is $7.99 at Calgary Co-op (6 stores).,Pepperoni,Other,Deli (Prepared),claude_code,3.29,7.99,4.97,5,0.0,False,-101.0,1,3,9.99,Sobeys,False,35.0,100,81,Skip,101% above average; Cheapest of 3 stores; 5 prior prices
Sobeys,"COMPLIMENTS Premium or Stuffed, CARDINAL ROADHOUSE or BELMONT Burgers",15.99,15.99,each,2026-10-01T03:00:00-04:00,2026-10-07T23:59:59-04:00,8159537,,,,True,,False,70.0,✅ Good Buy,LOWEST PRICE in 6 months (usually $15.99). Best price across 2 stores,Burgers (Premium),Beef,Burgers,cached,10.99,15.99,14.32,15,23.3,False,-11.6,1,2,15.99,Sobeys,False,54.2,100,81,Only if needed,12% above average; Cheapest of 2 stores; 15 prior prices
Sobeys,Sunflowers,5.99,5.99,each,2026-10-01T03:00:00-04:00,2026-10-07T23:59:59-04:00,8159537,,,,True,,False,100.0,🔥 Hot Deal,"44% below avg of $10.76, a new low vs prior min $6.99, best price across 2 stores.",Sunflowers,Other,Floral,claude_code,6.99,12.99,9.59,5,100.0,True,37.5,1,2,5.99,Sobeys,False,96.2,100,77,Stock up,38% below avg $9.59; Lowest seen; Cheapest of 2 stores
Sobeys,Single Layer Shortcakes,12.99,12.99,each,2026-10-01T03:00:00-04:00,2026-10-07T23:59:59-04:00,8159537,,,,True,,False,55.0,😐 Fair,Near average ($11.99). Best price across 2 stores,Shortcakes,Bakery,Desserts/Cakes,cached,9.99,14.99,11.66,6,33.3,False,-11.4,1,2,12.99,Sobeys,False,54.3,100,77,Only if needed,11% above average; Cheapest of 2 stores; 6 prior prices
Sobeys,Spraymum Bouquet,11.99,11.99,each,2026-10-01T03:00:00-04:00,2026-10-07T23:59:59-04:00,8159537,,,,True,,False,80.0,✅ Good Buy,"14% below avg of $13.99, matches historical low, best price across 2 stores.",Spraymum Bouquet,Other,Floral,claude_code,11.99,19.99,14.99,4,62.5,True,20.0,,1,,,False,64.0,100,62,Only if needed,20% below avg $14.99; Lowest seen; 4 prior prices
Sobeys,Fingers Cookies,4.0,4.0,each,2026-10-01T03:00:00-04:00,2026-10-07T23:59:59-04:00,8159537,,,,True,,False,60.0,😐 Fair,"At historical average of $4.00, ties for best price across 2 stores.",Fingers Cookies,Snacks,Cookies,claude_code,3.99,4.0,4.0,3,16.7,False,-0.1,1,2,4.0,Sobeys,False,60.0,100,73,Only if needed,Cheapest of 2 stores; 3 prior prices
Sobeys,COMPLIMENTS Granola Bars,2.69,2.69,each,2026-10-01T03:00:00-04:00,2026-10-07T23:59:59-04:00,8159537,,,,True,,False,92.0,🔥 Hot Deal,LOWEST PRICE in 6 months (usually $4.00). Best price across 2 stores,Granola Bars,Snacks,nan,cached,2.24,12.99,5.74,57,94.7,False,53.1,,1,,,False,75.0,100,73,Compare first,53% below avg $5.74; 57 prior prices
Sobeys,Pretzel Crisps,5.99,5.99,each,2026-10-01T03:00:00-04:00,2026-10-07T23:59:59-04:00,8159537,,,,True,,False,38.0,⚠️ Below Average,9% above avg of $5.48; best price is $4.00 at No Frills (4 stores).,Pretzel Crisps,Snacks,Crackers,claude_code,3.5,5.99,5.46,14,28.6,False,-9.8,2,3,4.0,No Frills,False,45.1,100,85,Skip,10% above average; #2 of 3 stores; 14 prior prices
Sobeys,Pumpkin Spice Dessert Cake,23.99,23.99,each,2026-10-01T03:00:00-04:00,2026-10-07T23:59:59-04:00,8159537,,,,True,,False,65.0,😐 Fair,No price history available; ties best price of $23.99 across 2 stores.,Pumpkin Spice Dessert Cake,Bakery,Desserts/Cakes,claude_code,3.47,21.99,11.47,32,0.0,False,-109.1,,1,,,False,15.0,100,73,Skip,109% above average; 32 prior prices
Sobeys,Chili Crisp Flavoured Chicken Strips,2.49,2.49,each,2026-10-01T03:00:00-04:00,2026-10-07T23:59:59-04:00,8159537,,,,True,,False,65.0,😐 Fair,No price history available; ties best price of $2.49 across 2 stores.,Chicken Strips (Chili Crisp),Frozen,Meals/Entrees,claude_code,2.69,14.99,8.12,11,100.0,True,69.3,,1,,,False,85.0,100,70,Buy this week,69% below avg $8.12; Lowest seen; 11 prior prices
Sobeys,Chili Crisp Caesar Chicken Wrap or Select Varieties,6.99,6.99,each,2026-10-01T03:00:00-04:00,2026-10-07T23:59:59-04:00,8159537,,,,True,low_history,False,65.0,😐 Fair,No price history available; ties best price of $6.99 across 2 stores.,Chicken Caesar Wrap,Other,Deli (Prepared),claude_code,6.99,6.99,6.99,2,25.0,True,0.0,,1,,,False,50.0,90,56,Only if needed,Lowest seen; Only 2 prior prices
Sobeys,Coffee-Mate Creamers,5.49,5.49,each,2026-10-01T03:00:00-04:00,2026-10-07T23:59:59-04:00,8159537,,,,True,,False,57.0,😐 Fair,Near average ($5.24). Best price across 2 stores,Coffee Creamer,Dairy & Eggs,Coffee Enhancer,cached,2.97,6.99,5.27,17,35.3,False,-4.2,,1,,,True,42.9,100,70,Skip,17 prior prices
Sobeys,Red or Green Organic Grapes,4.99,4.99,each,2026-10-01T03:00:00-04:00,2026-10-07T23:59:59-04:00,8159537,,,,True,,False,65.0,😐 Fair,No price history available; ties best price of $4.99 across 2 stores.,Grapes (Organic),Produce,Fruit,claude_code,2.49,9.0,4.25,47,12.8,False,-17.5,1,2,4.99,Sobeys,False,51.2,100,84,Only if needed,18% above average; Cheapest of 2 stores; 47 prior prices
Sobeys,Fresh Raised Without Antibiotics Grade A Turkeys,2.77,2.77,each,2026-10-01T03:00:00-04:00,2026-10-07T23:59:59-04:00,8159537,,,,True,,False,65.0,😐 Fair,No price history available; ties best price of $2.77 across 2 stores.,Turkey,Poultry,Turkey,claude_code,4.61,14.99,10.37,32,100.0,True,73.3,2,2,1.74,Walmart,False,95.0,100,84,Stock up,73% below avg $10.37; Lowest seen; #2 of 2 stores
Sobeys,Energy Drinks,6.0,6.0,each,2026-10-01T03:00:00-04:00,2026-10-07T23:59:59-04:00,8159537,,,,True,,False,67.0,😐 Fair,"31% below avg of $8.74, but best price is $2.48 at Real Canadian Superstore (3 stores).",Energy Drinks,Beverages,Energy/Sports Drinks,claude_code,2.5,31.99,9.29,42,73.8,False,35.4,2,3,2.48,Real Canadian Superstore,False,74.8,100,88,Compare first,35% below avg $9.29; #2 of 3 stores; 42 prior prices
Sobeys,Cereal,3.99,3.99,each,2026-10-01T03:00:00-04:00,2026-10-07T23:59:59-04:00,8159537,,,,True,,False,72.0,✅ Good Buy,35% below avg of $6.16; close to best price of $3.00 at No Frills (6 stores).,Cereal,Pantry,Breakfast/Cereal,claude_code,2.97,10.0,6.23,124,91.5,False,36.0,1,4,3.99,Sobeys,True,90.2,100,88,Stock up,36% below avg $6.23; Cheapest of 4 stores; 124 prior prices
Sobeys,Ground Coffee,12.99,12.99,each,2026-10-01T03:00:00-04:00,2026-10-07T23:59:59-04:00,8159537,,,,True,,False,56.0,😐 Fair,"16% below avg of $15.45, but best price is $8.99 at Real Canadian Superstore (6 stores).",Ground Coffee,Beverages,Coffee,claude_code,4.99,30.99,16.93,41,69.5,False,23.3,,1,,,True,61.3,100,73,Only if needed,23% below avg $16.93; 41 prior prices
Sobeys,COMPLIMENTS Bocconcini,6.99,6.99,each,2026-10-01T03:00:00-04:00,2026-10-07T23:59:59-04:00,8159537,,,,True,,False,70.0,✅ Good Buy,"At historical average of $6.99, matches best price across 2 stores.",Bocconcini,Dairy & Eggs,Cheese (Block),claude_code,5.0,6.99,6.49,6,25.0,False,-7.6,2,3,6.0,Real Canadian Superstore,False,46.2,100,81,Skip,8% above average; #2 of 3 stores; 6 prior prices
Sobeys,Sparkling Water,5.99,5.99,each,2026-10-01T03:00:00-04:00,2026-10-07T23:59:59-04:00,8159537,,,,True,,False,54.0,😐 Fair,"11% below avg of $6.71, but best price is $4.99 at Real Canadian Superstore (7 stores).",Sparkling Water,Beverages,Water,claude_code,0.87,13.99,6.24,89,42.7,False,4.0,,1,,,False,42.8,100,73,Skip,89 prior prices
Sobeys,Salad,9.49,9.49,each,2026-10-01T03:00:00-04:00,2026-10-07T23:59:59-04:00,8159537,,,,True,,False,0.0,❌ Poor Value,71% above avg of $5.55; best price is $2.50 at No Frills (7 stores).,Salad,Produce,Salad Kits,claude_code,7.49,9.99,9.29,5,50.0,False,-2.2,,1,,,False,38.9,100,66,Skip,5 prior prices
Sobeys,COMPLIMENTS Cooked Shrimp in Bag with Cocktail Sauce,13.99,13.99,each,2026-10-01T03:00:00-04:00,2026-10-07T23:59:59-04:00,8159537,,,,True,,False,57.0,😐 Fair,Near average ($13.25). Best price across 2 stores,Shrimp with Cocktail Sauce,Seafood,nan,cached,5.99,25.0,13.83,56,37.5,False,-1.1,1,2,13.99,Sobeys,False,59.5,100,84,Only if needed,Cheapest of 2 stores; 56 prior prices
Sobeys,COMPLIMENTS NATURALLY SIMPLE Black Tiger Shrimp in Ring with Sauce,18.99,18.99,each,2026-10-01T03:00:00-04:00,2026-10-07T23:59:59-04:00,8159537,,,,True,,False,87.0,🔥 Hot Deal,"24% below avg of $25.00, a new low, matches best price across 2 stores.",Black Tiger Shrimp Ring (with Sauce),Seafood,Shrimp/Prawns,claude_code,18.99,25.0,22.6,5,70.0,True,16.0,,1,,,False,61.2,100,66,Only if needed,16% below avg $22.60; Lowest seen; 5 prior prices
Sobeys,K-Cup® Pods,12.99,12.99,each,2026-10-01T03:00:00-04:00,2026-10-07T23:59:59-04:00,8159537,,,,True,,False,83.0,✅ Good Buy,33% below 6-month avg of $19.49. Best price across 2 stores,K-Cup Pods,Beverages,nan,cached,11.99,37.99,22.1,9,55.6,False,41.2,1,8,12.99,Sobeys,False,88.8,100,81,Stock up,41% below avg $22.10; Cheapest of 8 stores; 9 prior prices
Sobeys,Spreads or Sticks,6.99,6.99,each,2026-10-01T03:00:00-04:00,2026-10-07T23:59:59-04:00,8159537,,,,True,,False,65.0,😐 Fair,No price history available; ties best price of $6.99 across 2 stores.,Margarine Spread,Dairy & Eggs,Butter/Margarine,claude_code,2.99,10.0,5.96,38,26.3,False,-17.2,,1,,,False,31.4,100,73,Skip,17% above average; 38 prior prices
Sobeys,Sweet Potatoes,1.99,1.99,each,2026-10-01T03:00:00-04:00,2026-10-07T23:59:59-04:00,8159537,,,,True,,False,50.0,😐 Fair,"7% below avg of $2.14, but best price is $1.24 at Walmart (4 stores).",Sweet Potatoes,Produce,Vegetables,claude_code,1.94,2.27,2.12,8,62.5,False,6.3,2,4,1.24,Walmart,True,59.4,100,81,Only if needed,6% below avg $2.12; #2 of 4 stores; 8 prior prices
Sobeys,Whole Tilapia,8.88,8.88,each,2026-10-01T03:00:00-04:00,2026-10-07T23:59:59-04:00,8159537,,,,True,,False,59.0,😐 Fair,Near average ($8.80). Best price across 2 stores,Tilapia (Whole),Seafood,Whole Fish,cached,2.5,9.88,7.54,12,45.8,False,-17.7,1,2,8.88,Sobeys,False,51.1,100,81,Only if needed,18% above average; Cheapest of 2 stores; 12 prior prices
Sobeys,Samosas,6.99,6.99,each,2026-10-01T03:00:00-04:00,2026-10-07T23:59:59-04:00,8159537,,,,True,,False,33.0,⚠️ Below Average,17% above avg of $5.99; best price is $2.99 at Real Canadian Superstore (3 stores).,Samosas,Other,Deli (Prepared),claude_code,2.99,12.5,5.64,14,42.9,False,-23.9,5,6,3.0,Sobeys,False,18.1,100,85,Skip,24% above average; 14 prior prices
Sobeys,Regular Ground Beef,6.99,6.99,each,2026-10-01T03:00:00-04:00,2026-10-07T23:59:59-04:00,8159537,,,,True,,False,55.0,😐 Fair,Near average ($6.46). Best price across 2 stores,Ground Beef (Regular),Beef,Regular Ground Beef,cached,5.88,8.49,6.53,13,23.1,False,-7.0,1,2,6.99,Sobeys,True,61.5,100,81,Only if needed,7% above average; Cheapest of 2 stores; 13 prior prices
Sobeys,Premium Ecuadorian Roses,23.99,23.99,each,2026-10-01T03:00:00-04:00,2026-10-07T23:59:59-04:00,8159537,,,,True,,False,70.0,✅ Good Buy,"At historical average of $23.99, matches best price across 2 stores.",Ecuadorian Roses,Other,Floral,claude_code,18.99,23.99,21.49,4,12.5,False,-11.6,1,2,23.99,Sobeys,False,54.2,100,73,Only if needed,12% above average; Cheapest of 2 stores; 4 prior prices
Sobeys,Gravy,1.79,1.79,each,2026-10-01T03:00:00-04:00,2026-10-07T23:59:59-04:00,8159537,,,,True,,False,77.0,✅ Good Buy,"46% below avg of $3.29, but best price is $0.79 at No Frills (6 stores).",Gravy,Pantry,Sauces/Condiments,claude_code,0.79,14.99,3.29,10,40.0,False,45.6,1,2,1.79,Sobeys,False,91.9,100,81,Stock up,46% below avg $3.29; Cheapest of 2 stores; 10 prior prices
Sobeys,Grab-N-Go All Rolled-Up Wraps,1.49,1.49,each,2026-10-01T03:00:00-04:00,2026-10-07T23:59:59-04:00,8159537,,,,True,low_history,False,65.0,😐 Fair,No price history available; ties best price of $1.49 across 2 stores.,Rolled-Up Wraps,Other,Deli (Prepared),claude_code,1.49,1.49,1.49,2,25.0,True,0.0,1,2,1.49,Sobeys,False,70.0,90,67,Compare first,Lowest seen; Cheapest of 2 stores; Only 2 prior prices
Sobeys,Cool Whip Frozen Whipped Topping,4.99,4.99,each,2026-10-01T03:00:00-04:00,2026-10-07T23:59:59-04:00,8159537,,,,True,,False,70.0,✅ Good Buy,"At historical average of $4.99, matches best price across 2 stores.",Whipped Topping,Frozen,Ice Cream/Dessert,claude_code,2.97,4.49,3.68,5,0.0,False,-35.5,5,5,2.97,Walmart,False,12.2,100,81,Skip,36% above average; 5 prior prices
Sobeys,Cheddar or Graham Bunnies,5.0,5.0,each,2026-10-01T03:00:00-04:00,2026-10-07T23:59:59-04:00,8159537,,,,True,no_history,False,65.0,😐 Fair,No price history available; ties best price of $5.00 across 2 stores.,Cheddar Bunnies,Snacks,Crackers,claude_code,,,,0,,False,,1,2,5.0,Sobeys,False,60.0,80,36,Only if needed,Cheapest of 2 stores; No price history
Sobeys,Hashbrown Patties,6.49,6.49,each,2026-10-01T03:00:00-04:00,2026-10-07T23:59:59-04:00,8159537,,,,True,,False,59.0,😐 Fair,"Slightly above avg of $6.38, but ties for best price of $6.49 across 2 stores.",Hashbrown Patties,Frozen,Breakfast (Frozen),claude_code,5.96,6.49,6.31,3,16.7,False,-2.8,1,2,6.49,Sobeys,False,58.6,100,73,Only if needed,Cheapest of 2 stores; 3 prior prices
Sobeys,Bagged Chocolate,4.29,4.29,each,2026-10-01T03:00:00-04:00,2026-10-07T23:59:59-04:00,8159537,,,,True,,False,82.0,✅ Good Buy,32% below 6-month avg of $6.27. Best price across 2 stores,Chocolate,Snacks,Candy/Chocolate,cached,2.67,13.99,6.59,20,82.5,False,34.9,1,5,4.29,Sobeys,False,84.4,100,88,Buy this week,35% below avg $6.59; Cheapest of 5 stores; 20 prior prices
Sobeys,Wafer Rolls,1.79,1.79,each,2026-10-01T03:00:00-04:00,2026-10-07T23:59:59-04:00,8159537,,,,True,,False,100.0,🔥 Hot Deal,"43% below avg of $3.16, matches historical low of $1.79, best price across 2 stores.",Wafer Rolls,Snacks,Cookies,claude_code,1.79,1.79,1.79,4,37.5,True,0.0,1,2,1.79,Sobeys,False,70.0,100,73,Compare first,Lowest seen; Cheapest of 2 stores; 4 prior prices
Sobeys,Masala Noodles,0.39,0.39,each,2026-10-01T03:00:00-04:00,2026-10-07T23:59:59-04:00,8159537,,,,True,,False,100.0,🔥 Hot Deal,"72% below avg of $1.38, a new low ($0.39 vs prior min $0.49), near-best price ($0.35 at Real Canadian Superstore, 3 stores).",Masala Noodles,Pantry,Pasta/Grains,claude_code,0.49,1.79,1.14,4,100.0,True,65.8,2,2,0.35,Real Canadian Superstore,False,95.0,100,73,Stock up,66% below avg $1.14; Lowest seen; #2 of 2 stores
Sobeys,Raspberries,5.0,5.0,each,2026-10-01T03:00:00-04:00,2026-10-07T23:59:59-04:00,8159537,,,,True,,False,45.0,⚠️ Below Average,"Roughly at avg of $5.02, but best price is $2.84 at Walmart (4 stores).",Raspberries,Produce,Fruit,claude_code,2.49,8.99,5.19,38,34.2,False,3.6,2,3,2.84,Walmart,False,52.5,100,88,Only if needed,#2 of 3 stores; 38 prior prices
Sobeys,"COMPLIMENTS Apple, Apple Crumble or Pumpkin Pie, Muffins",5.99,5.99,each,2026-10-01T03:00:00-04:00,2026-10-07T23:59:59-04:00,8159537,,,,True,,False,75.0,✅ Good Buy,"8% below avg of $6.49, matches historical low, best price across 2 stores.",Apple Muffins,Bakery,Bagels/Muffins,claude_code,5.99,6.99,6.49,4,62.5,True,7.7,,1,,,False,55.4,100,62,Only if needed,8% below avg $6.49; Lowest seen; 4 prior prices
Sobeys,COMPLIMENTS Boneless Skinless Chicken Thighs or Split Chicken Wings,6.99,6.99,each,2026-10-01T03:00:00-04:00,2026-10-07T23:59:59-04:00,8159537,,,,True,,False,65.0,😐 Fair,No price history available; ties best price of $6.99 across 2 stores.,"Chicken Thighs (Boneless, Skinless)",Poultry,Chicken Thighs/Legs,claude_code,6.99,19.0,9.99,9,83.3,True,30.0,,1,,,False,71.0,100,66,Compare first,30% below avg $9.99; Lowest seen; 9 prior prices
Sobeys,Roast & Ground Coffee,19.99,19.99,each,2026-10-01T03:00:00-04:00,2026-10-07T23:59:59-04:00,8159537,,,,True,,False,25.0,❌ Poor Value,Above average (usually $13.18). $15.97 at Real Canadian Superstore,Coffee,Beverages,Coffee,cached,7.49,25.99,15.83,56,21.4,False,-26.3,4,5,10.99,Calgary Co-op,True,21.9,100,88,Skip,26% above average; 56 prior prices
Sobeys,Raised Without Antibiotics Frozen Grade A Turkeys,2.19,2.19,each,2026-10-01T03:00:00-04:00,2026-10-07T23:59:59-04:00,8159537,,,,True,,False,100.0,🔥 Hot Deal,"85% below avg of $14.99, matches best price across 2 stores.",Turkey (Frozen),Poultry,Turkey,claude_code,10.99,14.99,13.66,6,100.0,True,84.0,,1,,,False,85.0,100,66,Buy this week,84% below avg $13.66; Lowest seen; 6 prior prices
Sobeys,Applewood Smoked Bone-In Ham,2.99,2.99,each,2026-10-01T03:00:00-04:00,2026-10-07T23:59:59-04:00,8159537,,,,True,,False,65.0,😐 Fair,No price history available; ties best price of $2.99 across 2 stores.,"Ham (Bone-In, Applewood Smoked)",Pork,Ham,claude_code,3.99,9.99,6.79,5,100.0,True,55.9,,1,,,False,85.0,100,66,Buy this week,56% below avg $6.79; Lowest seen; 5 prior prices
Sobeys,COMPLIMENTS Smoked Sausages,9.99,9.99,each,2026-10-01T03:00:00-04:00,2026-10-07T23:59:59-04:00,8159537,,,,True,,False,66.0,😐 Fair,Slightly below avg ($10.99). Best price across 2 stores,Smoked Sausages,Meat,Sausage,cached,4.99,13.99,10.36,16,59.4,False,3.6,2,3,6.99,Real Canadian Superstore,False,52.5,100,85,Only if needed,#2 of 3 stores; 16 prior prices
Sobeys,Ice Cream,4.94,4.94,each,2026-10-01T03:00:00-04:00,2026-10-07T23:59:59-04:00,8159537,,,,True,,False,71.0,✅ Good Buy,"35% below avg of $7.62, but best price is $3.97 at Real Canadian Superstore (5 stores).",Ice Cream,Frozen,Ice Cream/Dessert,claude_code,2.97,10.97,6.04,104,71.6,False,18.3,,1,,,False,52.8,100,73,Only if needed,18% below avg $6.04; 104 prior prices
Sobeys,Cheese,5.97,5.97,each,2026-10-01T03:00:00-04:00,2026-10-07T23:59:59-04:00,8159537,,,,True,,False,56.0,😐 Fair,"15% below avg of $7.03, but best price is $1.25 at Real Canadian Superstore (7 stores).",Cheese,Dairy & Eggs,Cheese (Block),claude_code,2.97,20.0,8.16,76,75.7,False,26.9,1,3,5.97,Sobeys,True,83.8,100,88,Buy this week,27% below avg $8.16; Cheapest of 3 stores; 76 prior prices
Sobeys,COMPLIMENTS Potatoes,3.99,3.99,each,2026-10-01T03:00:00-04:00,2026-10-07T23:59:59-04:00,8159537,,,,True,,False,89.0,🔥 Hot Deal,LOWEST PRICE in 6 months (usually $5.49). Best price across 2 stores,Potatoes,Produce,nan,cached,1.97,9.0,5.6,22,77.3,False,28.8,1,2,3.99,Sobeys,True,85.2,100,84,Buy this week,29% below avg $5.60; Cheapest of 2 stores; 22 prior prices
Sobeys,Fresh Boneless Top Sirloin Premium Oven Roast or Family Size Grilling Steaks,9.88,9.88,each,2026-10-01T03:00:00-04:00,2026-10-07T23:59:59-04:00,8159537,,,,True,,False,86.0,🔥 Hot Deal,"37% below avg of $15.71, matches best price across 2 stores.",Top Sirloin Roast (Boneless),Beef,Roast,claude_code,3.49,30.99,17.06,95,88.9,False,42.1,,1,,,False,69.5,100,73,Only if needed,42% below avg $17.06; 95 prior prices
Sobeys,COMPLIMENTS OR THE CANADIAN BUTCHER Bacon,4.99,4.99,each,2026-10-01T03:00:00-04:00,2026-10-07T23:59:59-04:00,8159537,,,,True,,False,79.0,✅ Good Buy,LOWEST PRICE in 6 months (usually $5.79). Best price across 2 stores,Bacon,Pork,Bacon,cached,3.5,25.99,6.85,59,73.7,False,27.2,4,7,2.99,Sobeys,True,54.0,100,88,Only if needed,27% below avg $6.85; 59 prior prices
Sobeys,Frozen Vegetables or Valley Selections,5.0,5.0,each,2026-10-01T03:00:00-04:00,2026-10-07T23:59:59-04:00,8159537,,,,True,,False,58.0,😐 Fair,"Slightly above avg of $4.86, but ties for best price of $5.00 across 2 stores.",Frozen Vegetables,Frozen,Fruit/Vegetables,claude_code,2.96,17.99,5.43,23,30.4,False,7.9,2,5,2.77,No Frills,False,55.5,100,88,Only if needed,8% below avg $5.43; #2 of 5 stores; 23 prior prices
Sobeys,Potato Chips,2.75,2.75,each,2026-10-01T03:00:00-04:00,2026-10-07T23:59:59-04:00,8159537,,,,True,,False,78.0,✅ Good Buy,"42% below avg of $4.78, but not best price (best $2.50 at Real Canadian Superstore, 5 stores)",Potato Chips,Snacks,Chips/Pretzels,claude_code,1.43,12.99,4.91,130,82.7,False,44.0,3,12,2.5,Real Canadian Superstore,False,75.8,100,88,Compare first,44% below avg $4.91; #3 of 12 stores; 130 prior prices
Sobeys,Snacking or Mini Crackers,1.97,1.97,each,2026-10-01T03:00:00-04:00,2026-10-07T23:59:59-04:00,8159537,,,,True,,False,100.0,🔥 Hot Deal,"65% below avg of $5.59, below historical min $2.22, tied for best price among 2 stores",Mini Crackers,Snacks,Crackers,claude_code,2.22,7.0,5.07,21,100.0,True,61.1,,1,,,False,85.0,100,73,Buy this week,61% below avg $5.07; Lowest seen; 21 prior prices
Sobeys,Bacon,17.99,17.99,each,2026-10-01T03:00:00-04:00,2026-10-07T23:59:59-04:00,8159537,,,,True,,False,0.0,❌ Poor Value,"114% above avg of $8.40, far above best price $2.99 at Safeway (5 stores)",Bacon,Pork,Bacon,claude_code,3.5,25.99,6.85,59,1.7,False,-162.5,6,7,2.99,Sobeys,True,10.0,100,88,Skip,162% above average; 59 prior prices
Sobeys,COMPLIMENTS Fresh AIR-CHILLED Chicken Breast,5.99,5.99,each,2026-10-01T03:00:00-04:00,2026-10-07T23:59:59-04:00,8159537,,,,True,,False,59.0,😐 Fair,"2% above avg of $5.87, tied for best price among 2 stores",Chicken Breast (Air-Chilled),Poultry,Chicken Breast,claude_code,3.49,8.99,5.8,67,43.3,False,-3.3,1,2,5.99,Sobeys,True,63.4,100,84,Only if needed,Cheapest of 2 stores; 67 prior prices
Sobeys,Original,9.99,9.99,each,2026-10-01T03:00:00-04:00,2026-10-07T23:59:59-04:00,8159537,,,,True,,False,47.0,⚠️ Below Average,"near avg of $10.32, but far above best price $2.99 at Calgary Co-op (4 stores); product name too ambiguous to categorize precisely",Original,Other,General,claude_code,0.99,457.0,10.32,207,26.3,False,3.2,1,2,9.99,Sobeys,False,62.2,100,84,Only if needed,Cheapest of 2 stores; 207 prior prices
Sobeys,Fresh Pork Loin Center and Rib Combo Chops,4.99,4.99,each,2026-10-01T03:00:00-04:00,2026-10-07T23:59:59-04:00,8159537,,,,True,,False,52.0,😐 Fair,Above average (usually $4.32). Best price across 2 stores,Pork Chops (Loin Center and Rib Combo),Pork,Chops,cached,3.49,4.99,4.19,5,0.0,False,-19.1,1,2,4.99,Sobeys,False,50.5,100,77,Only if needed,19% above average; Cheapest of 2 stores; 5 prior prices
Sobeys,"COMPLIMENTS Beef, Chicken or Vegetable Lasagna or Macaroni & Cheese",10.99,10.99,each,2026-10-01T03:00:00-04:00,2026-10-07T23:59:59-04:00,8159537,,,,True,,False,70.0,✅ Good Buy,LOWEST PRICE in 6 months (usually $10.99). Best price across 2 stores,Lasagna,Frozen,nan,cached,4.49,15.99,8.84,10,20.0,False,-24.3,3,4,2.49,Sobeys,True,37.9,100,85,Skip,24% above average; #3 of 4 stores; 10 prior prices
Sobeys,Bacon,2.99,2.99,each,2026-10-01T03:00:00-04:00,2026-10-07T23:59:59-04:00,8159537,,,,True,,False,100.0,🔥 Hot Deal,"64% below avg of $8.40, below historical min $3.29, tied for best price among 5 stores",Bacon,Pork,Bacon,claude_code,3.5,25.99,6.85,59,100.0,True,56.4,1,7,2.99,Sobeys,True,100.0,100,88,Stock up,56% below avg $6.85; Lowest seen; Cheapest of 7 stores
Sobeys,COMPLIMENTS Breakfast or Dinner Pork Sausage,6.49,6.49,each,2026-10-01T03:00:00-04:00,2026-10-07T23:59:59-04:00,8159537,,,,True,,False,49.0,⚠️ Below Average,Above average (usually $5.35). Best price across 2 stores,Pork Sausage,Pork,Sausage (Fresh),cached,3.99,6.49,5.16,6,8.3,False,-25.9,1,2,6.49,Sobeys,False,47.0,100,77,Skip,26% above average; Cheapest of 2 stores; 6 prior prices
Sobeys,"Fresh, Never Frozen 100% Canadian Ground Beef Patties",10.99,10.99,each,2026-10-01T03:00:00-04:00,2026-10-07T23:59:59-04:00,8159537,,,,True,,False,61.0,😐 Fair,Slightly below avg ($11.24). Best price across 2 stores,Ground Beef Patties,Beef,nan,cached,9.99,11.99,11.28,7,57.1,False,2.5,1,2,10.99,Sobeys,True,66.8,100,77,Only if needed,Cheapest of 2 stores; 7 prior prices
Sobeys,Fresh Boneless Stewing Beef or Fresh Boneless Sirloin Tip Oven Roast or Marinating Steak,11.99,11.99,each,2026-10-01T03:00:00-04:00,2026-10-07T23:59:59-04:00,8159537,,,,True,,False,65.0,😐 Fair,no price history available; tied for best price among 2 stores,Stewing Beef (Boneless),Beef,Other Beef,claude_code,8.88,19.99,13.62,40,60.0,False,12.0,1,2,11.99,Sobeys,False,68.4,100,84,Only if needed,12% below avg $13.62; Cheapest of 2 stores; 40 prior prices
Sobeys,COMPLIMENTS Ham Sausage or Boneless Smoked Ham Slices,4.99,4.99,each,2026-10-01T03:00:00-04:00,2026-10-07T23:59:59-04:00,8159537,,,,True,,False,65.0,😐 Fair,no price history available; tied for best price among 2 stores,Ham Sausage,Pork,Sausage (Fresh),claude_code,2.99,14.99,7.96,48,68.8,False,37.3,1,2,4.99,Sobeys,False,86.1,100,84,Buy this week,37% below avg $7.96; Cheapest of 2 stores; 48 prior prices
Sobeys,COMPLIMENTS Ground Pork,6.0,6.0,each,2026-10-01T03:00:00-04:00,2026-10-07T23:59:59-04:00,8159537,,,,True,,False,70.0,✅ Good Buy,LOWEST PRICE in 6 months (usually $6.00). Best price across 2 stores,Ground Pork,Pork,Ground Pork,cached,6.0,6.0,6.0,4,37.5,True,0.0,1,2,6.0,Sobeys,False,70.0,100,73,Compare first,Lowest seen; Cheapest of 2 stores; 4 prior prices
Sobeys,Back Bacon or Bacon,7.49,7.49,each,2026-10-01T03:00:00-04:00,2026-10-07T23:59:59-04:00,8159537,,,,True,,False,65.0,😐 Fair,no price history available; tied for best price among 2 stores,Back Bacon,Pork,Bacon,claude_code,6.49,7.99,7.4,17,41.2,False,-1.2,1,2,7.49,Sobeys,True,64.4,100,81,Only if needed,Cheapest of 2 stores; 17 prior prices
Sobeys,Dry Cured Sliced Salami,7.99,7.99,each,2026-10-01T03:00:00-04:00,2026-10-07T23:59:59-04:00,8159537,,,,True,,False,66.0,😐 Fair,"9% below avg of $8.76, tied for best price among 2 stores","Salami (Dry Cured, Sliced)",Other,Deli (Prepared),claude_code,5.49,11.79,7.29,12,16.7,False,-9.6,1,2,7.99,Sobeys,False,55.2,100,81,Only if needed,10% above average; Cheapest of 2 stores; 12 prior prices
Sobeys,Seasoned Boneless Turkey Breast Roast,25.0,25.0,each,2026-10-01T03:00:00-04:00,2026-10-07T23:59:59-04:00,8159537,,,,True,,False,65.0,😐 Fair,no price history available; tied for best price among 2 stores,"Turkey Breast Roast (Boneless, Seasoned)",Poultry,Turkey,claude_code,5.54,9.99,7.02,3,0.0,False,-256.0,1,2,25.0,Sobeys,False,35.0,100,73,Skip,256% above average; Cheapest of 2 stores; 3 prior prices
Sobeys,"Ultimates Breaded or Battered Haddock, Cod or Sole",11.99,11.99,each,2026-10-01T03:00:00-04:00,2026-10-07T23:59:59-04:00,8159537,,,,True,,False,76.0,✅ Good Buy,"9% below avg of $13.19, at historical low $11.99, tied for best price among 2 stores",Haddock (Breaded),Seafood,Fish Fillets,claude_code,7.0,14.99,11.9,11,50.0,False,-0.8,,1,,,True,44.6,100,70,Skip,11 prior prices
Sobeys,Blood Pressure Monitors UB525CN or UA770CNBLE,59.99,59.99,each,2026-10-01T03:00:00-04:00,2026-10-07T23:59:59-04:00,8159537,,,,True,,False,65.0,😐 Fair,no price history available; tied for best price among 2 stores,Blood Pressure Monitor,Household & Personal,Health/Pharmacy,claude_code,39.99,79.99,55.99,5,40.0,False,-7.1,1,2,59.99,Sobeys,False,56.5,100,77,Only if needed,7% above average; Cheapest of 2 stores; 5 prior prices
Sobeys,Fall Bubble Jar Arrangements,23.99,23.99,each,2026-10-01T03:00:00-04:00,2026-10-07T23:59:59-04:00,8159537,,,,True,no_history,False,65.0,😐 Fair,no price history available; tied for best price among 2 stores,Bubble Jar Flower Arrangement,Other,Floral,claude_code,,,,0,,False,,1,2,23.99,Sobeys,False,60.0,80,36,Only if needed,Cheapest of 2 stores; No price history
Sobeys,Gourd Ceramics with Ferns,14.99,14.99,each,2026-10-01T03:00:00-04:00,2026-10-07T23:59:59-04:00,8159537,,,,True,no_history,False,65.0,😐 Fair,no price history available; tied for best price among 2 stores,Gourd Ceramic with Ferns,Other,Floral,claude_code,,,,0,,False,,,1,,,False,40.0,80,25,Skip,No price history
Sobeys,Protein + Creatine,47.99,47.99,each,2026-10-01T03:00:00-04:00,2026-10-07T23:59:59-04:00,8159537,,,,True,,False,65.0,😐 Fair,no price history available; tied for best price among 2 stores,Protein + Creatine Supplement,Household & Personal,Health/Pharmacy,claude_code,24.79,43.99,29.55,5,0.0,False,-62.4,,1,,,False,15.0,100,66,Skip,62% above average; 5 prior prices
Sobeys,Gourmet Cinnamon Buns,6.99,6.99,each,2026-10-01T03:00:00-04:00,2026-10-07T23:59:59-04:00,8159537,,,,True,,False,53.0,😐 Fair,Above average (usually $6.24). Best price across 2 stores,Cinnamon Buns,Bakery,nan,cached,4.0,7.99,6.35,11,40.9,False,-10.0,2,4,4.98,Walmart,False,45.0,100,85,Skip,10% above average; #2 of 4 stores; 11 prior prices
Sobeys,"COMPLIMENTS Smoked Steelhead, Atlantic Salmon or Gravlax",11.99,11.99,each,2026-10-01T03:00:00-04:00,2026-10-07T23:59:59-04:00,8159537,,,,True,,False,58.0,😐 Fair,"3% above avg of $11.66, tied for best price among 2 stores",Smoked Steelhead,Seafood,Smoked/Cured,claude_code,10.99,11.99,11.55,9,22.2,False,-3.8,1,2,11.99,Sobeys,False,58.1,100,77,Only if needed,Cheapest of 2 stores; 9 prior prices
Sobeys,Snack or Classic Meal Boxes,5.99,5.99,each,2026-10-01T03:00:00-04:00,2026-10-07T23:59:59-04:00,8159537,,,,True,,False,73.0,✅ Good Buy,LOWEST PRICE in 6 months (usually $6.32). Best price across 2 stores,Meal Boxes,Frozen,Meals/Entrees,cached,5.99,6.99,6.32,6,58.3,True,5.3,1,2,5.99,Sobeys,False,73.7,100,77,Compare first,5% below avg $6.32; Lowest seen; Cheapest of 2 stores
Sobeys,Naan,3.49,3.49,each,2026-10-01T03:00:00-04:00,2026-10-07T23:59:59-04:00,8159537,,,,True,,False,70.0,✅ Good Buy,"15% below avg of $4.09, tied for best price among 5 stores",Naan,Bakery,Bread,claude_code,2.0,6.98,3.96,13,57.7,False,11.8,1,3,3.49,Sobeys,False,68.3,100,85,Only if needed,12% below avg $3.96; Cheapest of 3 stores; 13 prior prices
Sobeys,Figs,9.99,9.99,each,2026-10-01T03:00:00-04:00,2026-10-07T23:59:59-04:00,8159537,,,,True,,False,70.0,✅ Good Buy,"14% below avg of $11.56, tied for best price among 2 stores",Figs,Produce,Fruit,claude_code,6.99,12.99,9.99,4,37.5,False,0.0,1,2,9.99,Sobeys,False,60.0,100,73,Only if needed,Cheapest of 2 stores; 4 prior prices
Sobeys,Ice Cream,10.49,10.49,each,2026-10-01T03:00:00-04:00,2026-10-07T23:59:59-04:00,8159537,,,,True,,False,19.0,❌ Poor Value,"38% above avg of $7.62, far above best price $3.97 at Real Canadian Superstore (5 stores)",Ice Cream,Frozen,Ice Cream/Dessert,claude_code,2.97,10.97,6.04,104,1.0,False,-73.6,,1,,,False,15.0,100,73,Skip,74% above average; 104 prior prices
Sobeys,Miracle Whip or Mayonnaise,5.49,5.49,each,2026-10-01T03:00:00-04:00,2026-10-07T23:59:59-04:00,8159537,,,,True,,False,53.0,😐 Fair,"10% above avg of $4.99, but tied for best price among 2 stores",Miracle Whip,Pantry,Sauces/Condiments,claude_code,4.97,5.99,5.32,3,33.3,False,-3.3,2,2,4.99,Save-On-Foods,False,48.4,100,73,Skip,#2 of 2 stores; 3 prior prices
Sobeys,Whole Grains or Protein Bread,3.49,3.49,each,2026-10-01T03:00:00-04:00,2026-10-07T23:59:59-04:00,8159537,,,,True,,False,65.0,😐 Fair,no price history available; tied for best price among 2 stores,Whole Grain Bread,Bakery,Bread,claude_code,1.99,7.99,3.91,19,55.3,False,10.8,,1,,,True,52.6,100,70,Only if needed,11% below avg $3.91; 19 prior prices
Sobeys,Candy or Assorted Chocolates,15.99,15.99,each,2026-10-01T03:00:00-04:00,2026-10-07T23:59:59-04:00,8159537,,,,True,,False,65.0,😐 Fair,no price history available; tied for best price among 2 stores,Candy,Snacks,Candy/Chocolate,claude_code,0.79,13.99,4.99,85,0.0,False,-220.7,,1,,,False,15.0,100,73,Skip,221% above average; 85 prior prices
Sobeys,Oats,3.99,3.99,each,2026-10-01T03:00:00-04:00,2026-10-07T23:59:59-04:00,8159537,,,,True,,False,63.0,😐 Fair,"24% below avg of $5.22, but not best price (best $3.00 at No Frills, 4 stores)",Oats,Pantry,Breakfast/Cereal,claude_code,2.77,10.49,4.27,11,36.4,False,6.6,2,5,3.99,Sobeys,False,54.6,100,85,Only if needed,7% below avg $4.27; #2 of 5 stores; 11 prior prices
Sobeys,Flour,4.49,4.49,each,2026-10-01T03:00:00-04:00,2026-10-07T23:59:59-04:00,8159537,,,,True,,False,81.0,✅ Good Buy,"49% below avg of $8.85, but not best price (best $3.00 at No Frills, 6 stores)",Flour,Pantry,Baking Supplies,claude_code,3.0,11.99,7.55,32,96.9,False,40.6,,1,,,True,73.4,100,73,Compare first,41% below avg $7.55; 32 prior prices
Sobeys,Cheese Slices,5.49,5.49,each,2026-10-01T03:00:00-04:00,2026-10-07T23:59:59-04:00,8159537,,,,True,,False,59.0,😐 Fair,Slightly below avg ($6.36). $3.33 at No Frills,Cheese (Sliced),Dairy & Eggs,nan,cached,3.99,13.99,8.64,10,80.0,False,36.5,1,2,5.49,Sobeys,True,90.5,100,81,Stock up,36% below avg $8.64; Cheapest of 2 stores; 10 prior prices
Sobeys,Canadian Harvest Bouquet,31.99,31.99,each,2026-10-01T03:00:00-04:00,2026-10-07T23:59:59-04:00,8159537,,,,True,,False,50.0,😐 Fair,"no price history available; not best price (best $24.99 at Save-On-Foods, 3 stores)",Harvest Bouquet,Other,Floral,claude_code,5.99,23.99,10.74,4,0.0,False,-197.9,2,2,24.99,Save-On-Foods,False,25.0,100,73,Skip,198% above average; #2 of 2 stores; 4 prior prices
Sobeys,COMPLIMENTS Pie or Tart Shells or Phyllo Pastry Sheets,3.0,3.0,each,2026-10-01T03:00:00-04:00,2026-10-07T23:59:59-04:00,8159537,,,,True,,False,65.0,😐 Fair,no price history available; tied for best price among 2 stores,Pie Shells,Bakery,Pastries/Donuts,claude_code,2.99,4.99,3.99,5,60.0,False,24.8,2,5,3.0,Sobeys,False,67.4,100,81,Only if needed,25% below avg $3.99; #2 of 5 stores; 5 prior prices
Sobeys,Condensed Soup,2.49,2.49,each,2026-10-01T03:00:00-04:00,2026-10-07T23:59:59-04:00,8159537,,,,True,,False,49.0,⚠️ Below Average,Near average ($2.45). $1.59 at Save-On-Foods,Soup,Pantry,Soups,cached,0.99,11.99,5.06,35,60.0,False,50.8,2,5,2.24,Walmart,False,85.0,100,88,Buy this week,51% below avg $5.06; #2 of 5 stores; 35 prior prices
Sobeys,Tomatoes on the Vine,2.99,2.99,each,2026-10-01T03:00:00-04:00,2026-10-07T23:59:59-04:00,8159537,,,,True,,False,68.0,😐 Fair,Slightly below avg ($3.43). Best price across 2 stores,Tomatoes,Produce,nan,cached,1.92,15.49,4.38,42,51.2,False,31.7,2,3,1.92,Walmart,True,77.2,100,88,Buy this week,32% below avg $4.38; #2 of 3 stores; 42 prior prices
Sobeys,Mini Watermelon,5.99,5.99,each,2026-10-01T03:00:00-04:00,2026-10-07T23:59:59-04:00,8159537,,,,True,,False,63.0,😐 Fair,Slightly below avg ($6.29). Best price across 3 stores,Watermelon (Mini),Produce,Fruit,cached,5.97,6.99,6.36,8,56.2,False,5.9,1,3,5.99,Sobeys,False,64.1,100,81,Only if needed,6% below avg $6.36; Cheapest of 3 stores; 8 prior prices
Sobeys,Ornamental Pepper Plant,11.99,11.99,each,2026-10-01T03:00:00-04:00,2026-10-07T23:59:59-04:00,8159537,,,,True,,False,65.0,😐 Fair,no price history available; tied for best price among 2 stores,Ornamental Pepper Plant,Other,Floral,claude_code,4.99,22.99,10.99,3,33.3,False,-9.1,1,2,11.99,Sobeys,False,55.5,100,73,Only if needed,9% above average; Cheapest of 2 stores; 3 prior prices
Sobeys,"COMPLIMENTS Baby Spinach, Baby Arugula or Spring Mix",3.99,3.99,each,2026-10-01T03:00:00-04:00,2026-10-07T23:59:59-04:00,8159537,,,,True,,False,67.0,😐 Fair,Slightly below avg ($4.49). Best price across 2 stores,Baby Spinach,Produce,nan,cached,3.99,4.99,4.82,6,83.3,True,17.3,1,2,3.99,Sobeys,False,82.1,100,77,Buy this week,17% below avg $4.82; Lowest seen; Cheapest of 2 stores
Sobeys,Pomegranates,3.99,3.99,each,2026-10-01T03:00:00-04:00,2026-10-07T23:59:59-04:00,8159537,,,,True,,False,69.0,😐 Fair,"12% below avg of $4.55, tied for best price among 2 stores",Pomegranates,Produce,Fruit,claude_code,3.99,4.99,4.7,7,78.6,True,15.2,1,2,3.99,Sobeys,False,80.6,100,77,Buy this week,15% below avg $4.70; Lowest seen; Cheapest of 2 stores
Sobeys,Premium Smoked Portion or Boneless Ham,7.49,7.49,each,2026-10-01T03:00:00-04:00,2026-10-07T23:59:59-04:00,8159537,,,,True,,False,45.0,⚠️ Below Average,no price history or cross-store comparison data available,Smoked Ham Portion,Pork,Ham,claude_code,1.99,19.99,7.82,41,43.9,False,4.2,,1,,,False,42.9,100,73,Skip,41 prior prices
Sobeys,COMPLIMENTS Baby Whole or Cut Corn,2.29,2.29,each,2026-10-01T03:00:00-04:00,2026-10-07T23:59:59-04:00,8159537,,,,True,,False,100.0,🔥 Hot Deal,LOWEST PRICE in 6 months (usually $5.00). Best price across 2 stores,Baby Corn,Produce,nan,cached,1.99,5.0,3.83,18,88.9,False,40.2,1,2,2.29,Sobeys,False,88.1,100,81,Stock up,40% below avg $3.83; Cheapest of 2 stores; 18 prior prices
Sobeys,Bartlett Pears,2.99,2.99,each,2026-10-01T03:00:00-04:00,2026-10-07T23:59:59-04:00,8159537,,,,True,,False,60.0,😐 Fair,Slightly below avg ($3.51). $2.49 at No Frills,Pears (Bartlett),Produce,Fruit,cached,1.99,8.99,3.28,22,20.5,False,8.9,2,5,2.49,No Frills,False,56.2,100,88,Only if needed,9% below avg $3.28; #2 of 5 stores; 22 prior prices
Sobeys,Tablet Bars,3.49,3.49,each,2026-10-01T03:00:00-04:00,2026-10-07T23:59:59-04:00,8159537,,,,True,,False,72.0,✅ Good Buy,"17% below avg of $4.21, tied for best price among 2 stores",Tablet Bars,Snacks,Candy/Chocolate,claude_code,2.99,3.49,3.32,6,25.0,False,-5.0,,1,,,False,37.5,100,66,Skip,5% above average; 6 prior prices
Sobeys,Probiotic Soda,2.69,2.69,each,2026-10-01T03:00:00-04:00,2026-10-07T23:59:59-04:00,8159537,,,,True,low_history,False,100.0,🔥 Hot Deal,"55% below avg of $6.00, at historical min, tied for best price among 2 stores",Probiotic Soda,Beverages,Soda/Pop,claude_code,6.0,6.0,6.0,2,100.0,True,55.2,1,2,2.69,Sobeys,False,100.0,90,67,Buy this week,55% below avg $6.00; Lowest seen; Cheapest of 2 stores
Sobeys,Popcorn,4.99,4.99,each,2026-10-01T03:00:00-04:00,2026-10-07T23:59:59-04:00,8159537,,,,True,,False,65.0,😐 Fair,"26% below avg of $6.78, but not best price (best $3.00 at Save-On-Foods, 5 stores)",Popcorn,Snacks,Chips/Pretzels,claude_code,3.0,10.97,5.07,24,31.2,False,1.6,,1,,,False,41.1,100,73,Skip,24 prior prices
Sobeys,Hummus,6.49,6.49,each,2026-10-01T03:00:00-04:00,2026-10-07T23:59:59-04:00,8159537,,,,True,,False,11.0,❌ Poor Value,"48% above avg of $4.38, far above best price $3.49 at Save-On-Foods (5 stores)",Hummus,Other,Deli (Prepared),claude_code,1.99,11.5,4.39,26,7.7,False,-47.9,,1,,,False,16.1,100,73,Skip,48% above average; 26 prior prices
Sobeys,Chocolates,8.49,8.49,each,2026-10-01T03:00:00-04:00,2026-10-07T23:59:59-04:00,8159537,,,,True,,False,60.0,😐 Fair,"at avg price of $8.50, tied for best price among 4 stores",Chocolates,Snacks,Candy/Chocolate,claude_code,3.49,13.99,6.99,5,40.0,False,-21.5,1,2,8.49,Sobeys,False,49.2,100,77,Skip,22% above average; Cheapest of 2 stores; 5 prior prices
Sobeys,COMPLIMENTS Lasagna,2.49,2.49,each,2026-10-01T03:00:00-04:00,2026-10-07T23:59:59-04:00,8159537,,,,True,,False,65.0,😐 Fair,no price history available; tied for best price among 2 stores,Lasagna,Frozen,Meals/Entrees,claude_code,4.49,15.99,8.84,10,100.0,True,71.8,1,4,2.49,Sobeys,False,100.0,100,85,Stock up,72% below avg $8.84; Lowest seen; Cheapest of 4 stores
Sobeys,Laundry Detergent,12.49,12.49,each,2026-10-01T03:00:00-04:00,2026-10-07T23:59:59-04:00,8159537,,,,True,,False,51.0,😐 Fair,"9% below avg of $13.70, but far above best price $5.00 at No Frills (6 stores)",Laundry Detergent,Household & Personal,Laundry,claude_code,4.97,22.0,12.43,58,45.7,False,-0.5,6,11,5.0,No Frills,False,29.8,100,88,Skip,58 prior prices
Sobeys,Shampoo or Conditioner,11.99,11.99,each,2026-10-01T03:00:00-04:00,2026-10-07T23:59:59-04:00,8159537,,,,True,,False,4.0,❌ Poor Value,"58% above avg of $7.59, far above best price $5.98 at Walmart (4 stores)",Shampoo,Household & Personal,Personal Care,claude_code,2.75,23.99,8.13,81,4.9,False,-47.5,,1,,,False,16.2,100,73,Skip,48% above average; 81 prior prices
Sobeys,Liquid Hand Soap,2.29,2.29,each,2026-10-01T03:00:00-04:00,2026-10-07T23:59:59-04:00,8159537,,,,True,,False,95.0,🔥 Hot Deal,"50% below avg of $4.62, tied for best price among 2 stores",Liquid Hand Soap,Household & Personal,Personal Care,claude_code,1.99,7.49,4.19,16,71.9,False,45.3,1,2,2.29,Sobeys,False,91.7,100,81,Stock up,45% below avg $4.19; Cheapest of 2 stores; 16 prior prices
Sobeys,Total Care or Ultra Clean,7.99,7.99,each,2026-10-01T03:00:00-04:00,2026-10-07T23:59:59-04:00,8159537,,,,True,,False,65.0,😐 Fair,no price history available; tied for best price among 2 stores,Total Care,Household & Personal,Cleaning Supplies,claude_code,2.0,79.99,44.29,83,87.3,False,82.0,1,2,7.99,Sobeys,False,95.0,100,84,Stock up,82% below avg $44.29; Cheapest of 2 stores; 83 prior prices
Sobeys,Dairy Milk Chocolate Bars,6.99,6.99,each,2026-10-01T03:00:00-04:00,2026-10-07T23:59:59-04:00,8159537,,,,True,,False,0.0,❌ Poor Value,"82% above avg of $3.84, worst of 3 stores (best $2.62 at Walmart)",Chocolate Bars,Snacks,Candy/Chocolate,claude_code,0.99,12.0,3.93,42,7.1,False,-78.0,4,5,2.5,No Frills,True,10.0,100,88,Skip,78% above average; 42 prior prices
Sobeys,Cream Crackers,1.99,1.99,each,2026-10-01T03:00:00-04:00,2026-10-07T23:59:59-04:00,8159537,,,,True,,False,70.0,✅ Good Buy,"At historical avg/min of $1.99, ties best price across 2 stores",Crackers,Snacks,Crackers,claude_code,1.97,12.0,4.35,83,89.2,False,54.3,,1,,,False,75.0,100,73,Compare first,54% below avg $4.35; 83 prior prices
Sobeys,Sauces,4.49,4.49,each,2026-10-01T03:00:00-04:00,2026-10-07T23:59:59-04:00,8159537,,,,True,,False,44.0,⚠️ Below Average,"2% above avg of $4.40, not best - $2.97 at Real Canadian Superstore is cheaper (3 stores)",Sauces,Pantry,Sauces/Condiments,claude_code,0.98,5.99,3.61,27,14.8,False,-24.4,2,2,4.0,Real Canadian Superstore,False,37.8,100,84,Skip,24% above average; #2 of 2 stores; 27 prior prices
Sobeys,All Butter Danish - Apple Fest,5.99,5.99,each,2026-10-01T03:00:00-04:00,2026-10-07T23:59:59-04:00,8159537,,,,True,,False,65.0,😐 Fair,No price history; matches best price across 2 stores ($5.99),Butter Danish (Apple),Bakery,Pastries/Donuts,claude_code,5.99,6.99,6.22,15,63.3,True,3.7,,1,,,True,57.6,100,70,Only if needed,Lowest seen; 15 prior prices
Sobeys,Chocolate Chips,3.99,3.99,each,2026-10-01T03:00:00-04:00,2026-10-07T23:59:59-04:00,8159537,,,,True,,False,84.0,✅ Good Buy,"34% below avg of $6.01, best price of 4 stores at $3.99",Chocolate Chips,Pantry,Baking Supplies,claude_code,4.99,8.99,5.58,16,100.0,True,28.6,,1,,,False,70.0,100,70,Compare first,29% below avg $5.58; Lowest seen; 16 prior prices
Sobeys,Broccoli Crowns,2.49,2.49,each,2026-10-01T03:00:00-04:00,2026-10-07T23:59:59-04:00,8159537,,,,True,,False,62.0,😐 Fair,Slightly below avg ($2.60). Best price across 4 stores,Broccoli,Produce,nan,cached,1.99,3.44,2.65,6,50.0,False,6.0,1,5,2.49,Sobeys,False,64.2,100,81,Only if needed,6% below avg $2.65; Cheapest of 5 stores; 6 prior prices
Sobeys,Pumpkin Carriage Planter,32.99,32.99,each,2026-10-01T03:00:00-04:00,2026-10-07T23:59:59-04:00,8159537,,,,True,no_history,False,65.0,😐 Fair,No price history; matches best price across 2 stores ($32.99),Pumpkin Carriage Planter,Other,Seasonal,claude_code,,,,0,,False,,1,2,32.99,Sobeys,False,60.0,80,36,Only if needed,Cheapest of 2 stores; No price history
Sobeys,Welsh Cheddar,10.99,10.99,each,2026-10-01T03:00:00-04:00,2026-10-07T23:59:59-04:00,8159537,,,,True,no_history,False,65.0,😐 Fair,No price history; matches best price across 2 stores ($10.99),Welsh Cheddar,Dairy & Eggs,Cheese (Block),claude_code,,,,0,,False,,1,2,10.99,Sobeys,False,60.0,80,36,Only if needed,Cheapest of 2 stores; No price history
Sobeys,COMPLIMENTS Canned Fruit or Pineapple Slices,5.0,5.0,each,2026-10-01T03:00:00-04:00,2026-10-07T23:59:59-04:00,8159537,,,,True,,False,65.0,😐 Fair,No price history; matches best price across 2 stores ($5.00),Canned Fruit,Pantry,Canned Goods,claude_code,2.0,7.0,4.03,14,14.3,False,-24.1,1,2,5.0,Sobeys,False,48.0,100,81,Skip,24% above average; Cheapest of 2 stores; 14 prior prices
Sobeys,Fresh Bone-in Sirloin Tip Roast Royale,11.99,11.99,each,2026-10-01T03:00:00-04:00,2026-10-07T23:59:59-04:00,8159537,,,,True,,False,45.0,⚠️ Below Average,No price history or cross-store data available,Sirloin Tip Roast (Bone-in),Beef,Roast,claude_code,7.99,19.99,12.75,40,52.5,False,6.0,,1,,,False,44.2,100,73,Skip,6% below avg $12.75; 40 prior prices
Sobeys,Microgreens,4.0,4.0,each,2026-10-01T03:00:00-04:00,2026-10-07T23:59:59-04:00,8159537,,,,True,,False,48.0,⚠️ Below Average,"17% above avg of $3.42, but matches best price across 2 stores ($4.00)",Microgreens,Produce,Herbs,claude_code,2.99,3.99,3.39,5,0.0,False,-18.0,1,2,4.0,Sobeys,False,51.0,100,77,Only if needed,18% above average; Cheapest of 2 stores; 5 prior prices
Sobeys,Peanuts,7.99,7.99,each,2026-10-01T03:00:00-04:00,2026-10-07T23:59:59-04:00,8159537,,,,True,,False,12.0,❌ Poor Value,"48% above avg of $5.41, far above best price of $0.69 at Save-On-Foods (4 stores)",Peanuts,Snacks,Nuts/Seeds,claude_code,4.99,13.0,6.5,11,9.1,False,-23.0,2,3,5.0,No Frills,False,38.5,100,85,Skip,23% above average; #2 of 3 stores; 11 prior prices
Sobeys,Sweet Clementines or Mandarins,2.47,2.47,each,2026-10-01T03:00:00-04:00,2026-10-07T23:59:59-04:00,8159537,,,,True,,False,65.0,😐 Fair,No price history; matches best price across 2 stores ($2.47),Clementines,Produce,Fruit,claude_code,4.47,7.49,5.89,10,100.0,True,58.0,1,2,2.47,Sobeys,False,100.0,100,81,Stock up,58% below avg $5.89; Lowest seen; Cheapest of 2 stores
Sobeys,Cranberries,2.99,2.99,each,2026-10-01T03:00:00-04:00,2026-10-07T23:59:59-04:00,8159537,,,,True,,False,100.0,🔥 Hot Deal,"62% below avg of $7.95, at/below historical min, near best price of $2.50 at Real Canadian Superstore (6 stores)",Cranberries,Produce,Fruit,claude_code,6.5,8.5,7.95,10,100.0,True,62.4,2,4,2.5,Real Canadian Superstore,False,95.0,100,85,Stock up,62% below avg $7.95; Lowest seen; #2 of 4 stores
Sobeys,Gravy Powder,4.99,4.99,each,2026-10-01T03:00:00-04:00,2026-10-07T23:59:59-04:00,8159537,,,,True,no_history,False,65.0,😐 Fair,No price history; matches best price across 2 stores ($4.99),Gravy Powder,Pantry,Sauces/Condiments,claude_code,,,,0,,False,,1,2,4.99,Sobeys,False,60.0,80,36,Only if needed,Cheapest of 2 stores; No price history
Sobeys,COMPLIMENTS Herbs,2.75,2.75,each,2026-10-01T03:00:00-04:00,2026-10-07T23:59:59-04:00,8159537,,,,True,,False,70.0,✅ Good Buy,LOWEST PRICE in 6 months (usually $2.75). Best price across 2 stores,Herbs,Produce,nan,cached,3.0,25.0,19.5,4,100.0,True,85.9,1,2,2.75,Sobeys,False,100.0,100,73,Stock up,86% below avg $19.50; Lowest seen; Cheapest of 2 stores
Sobeys,Long English Cucumbers,1.99,1.99,each,2026-10-01T03:00:00-04:00,2026-10-07T23:59:59-04:00,8159537,,,,True,,False,58.0,😐 Fair,Slightly below avg ($2.25). $1.29 at Calgary Co-op,Cucumbers (Long English),Produce,Vegetables,cached,0.99,5.0,2.35,12,37.5,False,15.3,2,3,1.29,Calgary Co-op,False,60.7,100,85,Only if needed,15% below avg $2.35; #2 of 3 stores; 12 prior prices
Sobeys,Plant-Based Ground Meat,5.49,5.49,each,2026-10-01T03:00:00-04:00,2026-10-07T23:59:59-04:00,8159537,,,,True,,False,65.0,😐 Fair,No price history; matches best price across 2 stores ($5.49),Plant-Based Ground Meat,Other,General,claude_code,4.99,19.99,9.12,39,97.4,False,39.8,,1,,,False,67.9,100,73,Only if needed,40% below avg $9.12; 39 prior prices
Sobeys,Evaporated Milk,1.79,1.79,each,2026-10-01T03:00:00-04:00,2026-10-07T23:59:59-04:00,8159537,,,,True,,False,86.0,🔥 Hot Deal,"53% below avg of $3.84, near-best price (best is $1.75 at No Frills among 4 stores)",Evaporated Milk,Pantry,Canned Goods,claude_code,1.5,18.99,3.53,20,75.0,False,49.3,,1,,,True,79.5,100,73,Buy this week,49% below avg $3.53; 20 prior prices
Sobeys,COMPLIMENTS Seafood Sauce,2.99,2.99,each,2026-10-01T03:00:00-04:00,2026-10-07T23:59:59-04:00,8159537,,,,True,,False,65.0,😐 Fair,No price history; matches best price across 2 stores ($2.99),Seafood Sauce,Pantry,Sauces/Condiments,claude_code,1.0,25.0,8.1,63,79.4,False,63.1,1,2,2.99,Sobeys,False,95.0,100,84,Stock up,63% below avg $8.10; Cheapest of 2 stores; 63 prior prices
Sobeys,Two Tone Rope Basket with Potted Mum,21.99,21.99,each,2026-10-01T03:00:00-04:00,2026-10-07T23:59:59-04:00,8159537,,,,True,no_history,False,65.0,😐 Fair,No price history; matches best price across 2 stores ($21.99),Potted Mum Basket,Other,Floral,claude_code,,,,0,,False,,1,2,21.99,Sobeys,False,60.0,80,36,Only if needed,Cheapest of 2 stores; No price history
Sobeys,COMPLIMENTS Baby-Cut Carrots,5.0,5.0,each,2026-10-01T03:00:00-04:00,2026-10-07T23:59:59-04:00,8159537,,,,True,,False,43.0,⚠️ Below Average,Above average (usually $3.74). Best price across 2 stores,Carrots (Baby-Cut),Produce,Vegetables,cached,1.99,5.0,3.74,12,12.5,False,-33.6,1,2,5.0,Sobeys,False,43.2,100,81,Skip,34% above average; Cheapest of 2 stores; 12 prior prices
Sobeys,COMPLIMENTS Grape Tomatoes,8.0,8.0,each,2026-10-01T03:00:00-04:00,2026-10-07T23:59:59-04:00,8159537,,,,True,,False,35.0,⚠️ Below Average,Above average (usually $3.85). Best price across 2 stores,Grape Tomatoes,Produce,Vegetables,cached,1.99,7.99,4.7,22,-0.0,False,-70.4,2,3,5.99,No Frills,True,30.0,100,88,Skip,70% above average; #2 of 3 stores; 22 prior prices
Sobeys,Orchid Garden in Ceramic,64.99,64.99,each,2026-10-01T03:00:00-04:00,2026-10-07T23:59:59-04:00,8159537,,,,True,,False,65.0,😐 Fair,No price history; matches best price across 2 stores ($64.99),Orchid Garden (Ceramic),Other,Floral,claude_code,2.5,99.97,44.31,11,36.4,False,-46.7,,1,,,False,16.6,100,70,Skip,47% above average; 11 prior prices
Sobeys,Pistachios,10.99,10.99,each,2026-10-01T03:00:00-04:00,2026-10-07T23:59:59-04:00,8159537,,,,True,,False,20.0,❌ Poor Value,"36% above avg of $8.08, at historical max, worse than best price of $7.99 at Save-On-Foods (3 stores)",Pistachios,Snacks,Nuts/Seeds,claude_code,4.99,10.99,7.81,17,5.9,False,-40.7,2,3,7.99,Save-On-Foods,False,29.6,100,85,Skip,41% above average; #2 of 3 stores; 17 prior prices
Sobeys,Large Lemons,0.99,0.99,each,2026-10-01T03:00:00-04:00,2026-10-07T23:59:59-04:00,8159537,,,,True,,False,100.0,🔥 Hot Deal,LOWEST PRICE in 6 months (usually $3.75). Best price across 2 stores,Lemons,Produce,Fruit,cached,0.69,8.0,4.27,30,76.7,False,76.8,,1,,,False,75.0,100,73,Compare first,77% below avg $4.27; 30 prior prices
Sobeys,McIntosh Apples,1.99,1.99,each,2026-10-01T03:00:00-04:00,2026-10-07T23:59:59-04:00,8159537,,,,True,,False,95.0,🔥 Hot Deal,70% below 6-month avg of $6.61. Best price across 3 stores,Apples (McIntosh),Produce,Fruit,cached,1.77,6.99,5.14,3,66.7,False,61.3,2,6,1.99,Sobeys,True,90.0,100,77,Stock up,61% below avg $5.14; #2 of 6 stores; 3 prior prices
Sobeys,COMPLIMENTS ORGANIC Whole Cremini or White Mushrooms,3.44,3.44,each,2026-10-01T03:00:00-04:00,2026-10-07T23:59:59-04:00,8159537,,,,True,,False,65.0,😐 Fair,No price history; matches best price across 2 stores ($3.44),Cremini Mushrooms (Organic),Produce,Vegetables,claude_code,1.99,4.5,3.74,57,76.3,False,8.0,,1,,,False,45.6,100,73,Skip,8% below avg $3.74; 57 prior prices
Sobeys,Wedges,9.99,9.99,each,2026-10-01T03:00:00-04:00,2026-10-07T23:59:59-04:00,8159537,,,,True,,False,28.0,❌ Poor Value,"24% above avg of $8.04, at historical max, worse than best price of $7.99 at Real Canadian Superstore (3 stores)",Potato Wedges,Frozen,Fruit/Vegetables,claude_code,3.0,8.96,7.02,5,0.0,False,-42.3,,1,,,False,18.9,100,66,Skip,42% above average; 5 prior prices
Sobeys,Desi Ghee,27.49,27.49,each,2026-10-01T03:00:00-04:00,2026-10-07T23:59:59-04:00,8159537,,,,True,,False,31.0,⚠️ Below Average,"20% above avg of $22.93, far above best price of $8.00 at Real Canadian Superstore (5 stores)",Ghee,Pantry,Spices/Oils,claude_code,9.97,36.99,20.79,4,25.0,False,-32.2,3,4,8.0,Real Canadian Superstore,False,28.9,100,77,Skip,32% above average; #3 of 4 stores; 4 prior prices
Sobeys,Long Squash (Opo Squash),2.49,2.49,each,2026-10-01T03:00:00-04:00,2026-10-07T23:59:59-04:00,8159537,,,,True,no_history,False,65.0,😐 Fair,No price history; matches best price across 2 stores ($2.49),Opo Squash,Produce,Vegetables,claude_code,,,,0,,False,,1,2,2.49,Sobeys,False,60.0,80,36,Only if needed,Cheapest of 2 stores; No price history
Sobeys,Red Carrots,1.99,1.99,each,2026-10-01T03:00:00-04:00,2026-10-07T23:59:59-04:00,8159537,,,,True,,False,48.0,⚠️ Below Average,Near average ($1.93). $1.49 at No Frills,Carrots (Red),Produce,Root Vegetables,cached,1.79,2.29,2.04,4,50.0,False,2.5,2,3,1.98,Walmart,False,51.8,100,77,Only if needed,#2 of 3 stores; 4 prior prices
Sobeys,Apple Fritter - Apple Fest,7.99,7.99,each,2026-10-01T03:00:00-04:00,2026-10-07T23:59:59-04:00,8159537,,,,True,,False,65.0,😐 Fair,No price history; matches best price across 2 stores ($7.99),Apple Fritter,Bakery,Pastries/Donuts,claude_code,5.0,9.99,7.79,5,50.0,False,-2.5,1,2,7.99,Sobeys,False,58.8,100,77,Only if needed,Cheapest of 2 stores; 5 prior prices
Sobeys,TRADITION Apple Cider - Apple Fest,5.99,5.99,each,2026-10-01T03:00:00-04:00,2026-10-07T23:59:59-04:00,8159537,,,,True,,False,45.0,⚠️ Below Average,No price history or cross-store data available,Apple Cider,Beverages,Juice,claude_code,1.99,9.0,4.95,11,31.8,False,-21.1,2,3,5.47,Walmart,False,39.5,100,85,Skip,21% above average; #2 of 3 stores; 11 prior prices
Sobeys,Pancake Mix,9.99,9.99,each,2026-10-01T03:00:00-04:00,2026-10-07T23:59:59-04:00,8159537,,,,True,,False,6.0,❌ Poor Value,"78% above avg of $5.62, though it matches the best price across 2 stores ($9.99)",Pancake Mix,Pantry,Breakfast/Cereal,claude_code,3.5,9.99,5.81,15,3.3,False,-72.1,1,2,9.99,Sobeys,False,35.0,100,81,Skip,72% above average; Cheapest of 2 stores; 15 prior prices
Sobeys,Cotton Swabs,4.49,4.49,each,2026-10-01T03:00:00-04:00,2026-10-07T23:59:59-04:00,8159537,,,,True,,False,72.0,✅ Good Buy,"18% below avg of $5.46, matches best price across 3 stores ($4.49)",Cotton Swabs,Household & Personal,Personal Care,claude_code,3.97,4.5,4.24,8,25.0,False,-5.9,1,3,4.49,Sobeys,False,57.0,100,81,Only if needed,6% above average; Cheapest of 3 stores; 8 prior prices
Sobeys,Instant Coffee,8.99,8.99,each,2026-10-01T03:00:00-04:00,2026-10-07T23:59:59-04:00,8159537,,,,True,,False,33.0,⚠️ Below Average,"18% above avg of $7.65, above best price of $5.97 at Real Canadian Superstore (4 stores)",Instant Coffee,Beverages,Coffee,claude_code,4.0,10.99,6.83,31,11.3,False,-31.6,4,5,8.49,Sobeys,True,19.2,100,88,Skip,32% above average; 31 prior prices
Sobeys,One Pot Pasta,6.49,6.49,each,2026-10-01T03:00:00-04:00,2026-10-07T23:59:59-04:00,8159537,,,,True,,False,75.0,✅ Good Buy,"7% below avg of $6.99, below historical min, matches best price across 2 stores ($6.49)",One Pot Pasta,Pantry,Pasta/Grains,claude_code,1.89,36.99,14.67,35,88.6,False,55.8,1,2,6.49,Sobeys,True,100.0,100,84,Stock up,56% below avg $14.67; Cheapest of 2 stores; 35 prior prices
Sobeys,"Classique, Original Mushrooms & Truffle or Apple",8.99,8.99,each,2026-10-01T03:00:00-04:00,2026-10-07T23:59:59-04:00,8159537,,,,True,,False,77.0,✅ Good Buy,"10% below avg of $9.99, below historical min, matches best price across 2 stores ($8.99)",Mushroom & Truffle Cheese,Dairy & Eggs,Cheese (Block),claude_code,2.99,9.99,6.99,7,57.1,False,-28.6,,1,,,False,25.7,100,66,Skip,29% above average; 7 prior prices
Sobeys,Double Crème,5.99,5.99,each,2026-10-01T03:00:00-04:00,2026-10-07T23:59:59-04:00,8159537,,,,True,,False,77.0,✅ Good Buy,"24% below avg of $7.85, matches best price across 2 stores ($5.99)",Double Crème Cheese,Dairy & Eggs,Cheese (Block),claude_code,4.99,13.99,6.88,15,56.7,False,13.0,1,2,5.99,Sobeys,False,69.1,100,81,Only if needed,13% below avg $6.88; Cheapest of 2 stores; 15 prior prices
Sobeys,Topped Hummus,3.99,3.99,each,2026-10-01T03:00:00-04:00,2026-10-07T23:59:59-04:00,8159537,,,,True,,False,60.0,😐 Fair,"Roughly at avg of $4.01, matches best price across 2 stores ($3.99)",Topped Hummus,Other,Deli (Prepared),claude_code,3.5,4.5,4.2,5,80.0,False,4.9,1,2,3.99,Sobeys,False,63.4,100,77,Only if needed,Cheapest of 2 stores; 5 prior prices
Sobeys,Salsa,5.99,5.99,each,2026-10-01T03:00:00-04:00,2026-10-07T23:59:59-04:00,8159537,,,,True,,False,33.0,⚠️ Below Average,"17% above avg of $5.11, above best price of $3.79 at Save-On-Foods (3 stores)",Salsa,Pantry,Sauces/Condiments,claude_code,2.99,9.0,4.87,26,19.2,False,-22.9,2,3,3.79,Save-On-Foods,False,38.5,100,88,Skip,23% above average; #2 of 3 stores; 26 prior prices
Sobeys,Mini Hummus,5.49,5.49,each,2026-10-01T03:00:00-04:00,2026-10-07T23:59:59-04:00,8159537,,,,True,,False,53.0,😐 Fair,"10% above avg of $4.99, but matches best price across 2 stores ($5.49)",Mini Hummus,Other,Deli (Prepared),claude_code,3.49,9.0,4.69,10,20.0,False,-17.0,1,2,5.49,Sobeys,False,51.5,100,81,Only if needed,17% above average; Cheapest of 2 stores; 10 prior prices
Sobeys,Pot Pies,1.99,1.99,each,2026-10-01T03:00:00-04:00,2026-10-07T23:59:59-04:00,8159537,,,,True,,False,100.0,🔥 Hot Deal,"74% below avg of $7.65, at historical min, matches best price across 3 stores ($1.99)",Pot Pies,Frozen,Meals/Entrees,claude_code,1.99,5.0,2.95,7,78.6,True,32.6,1,2,1.99,Sobeys,False,92.8,100,77,Stock up,33% below avg $2.95; Lowest seen; Cheapest of 2 stores
Sobeys,Salad Dressing,2.97,2.97,each,2026-10-01T03:00:00-04:00,2026-10-07T23:59:59-04:00,8159537,,,,True,,False,79.0,✅ Good Buy,"27% below avg of $4.08, matches best price across 6 stores ($2.97)",Salad Dressing,Pantry,Sauces/Condiments,claude_code,1.97,7.49,4.01,55,80.9,False,26.0,1,8,2.97,Sobeys,False,78.2,100,88,Buy this week,26% below avg $4.01; Cheapest of 8 stores; 55 prior prices
Sobeys,Chili Crisp Charcuterie Board or Select Varieties,17.99,17.99,each,2026-10-01T03:00:00-04:00,2026-10-07T23:59:59-04:00,8159537,,,,True,low_history,False,45.0,⚠️ Below Average,No price history or cross-store data available,Charcuterie Board,Other,Deli (Prepared),claude_code,6.99,6.99,6.99,2,0.0,False,-157.4,1,2,17.99,Sobeys,False,35.0,90,67,Skip,157% above average; Cheapest of 2 stores; Only 2 prior prices
Sobeys,Sauerkraut,3.49,3.49,each,2026-10-01T03:00:00-04:00,2026-10-07T23:59:59-04:00,8159537,,,,True,,False,89.0,🔥 Hot Deal,"27% below avg of $4.79, at historical min, matches best price across 2 stores ($3.49)",Sauerkraut,Pantry,Sauces/Condiments,claude_code,3.75,4.99,4.61,9,100.0,True,24.3,1,3,3.49,Sobeys,False,87.0,100,81,Buy this week,24% below avg $4.61; Lowest seen; Cheapest of 3 stores
Sobeys,Chili Crisp Dumpling Lasagna,2.99,2.99,each,2026-10-01T03:00:00-04:00,2026-10-07T23:59:59-04:00,8159537,,,,True,,False,65.0,😐 Fair,No price history; matches best price across 2 stores ($2.99),Dumpling Lasagna,Frozen,Meals/Entrees,claude_code,2.69,14.99,8.25,24,77.1,False,63.8,,1,,,False,75.0,100,73,Compare first,64% below avg $8.25; 24 prior prices
Sobeys,S.O.S Steel Wool Soap Pads,2.99,2.99,each,2026-10-01T03:00:00-04:00,2026-10-07T23:59:59-04:00,8159537,,,,True,low_history,False,50.0,😐 Fair,No pricing history or cross-store data available; scored as neutral baseline.,Steel Wool Soap Pads,Household & Personal,Cleaning Supplies,claude_code,1.5,2.97,2.24,2,0.0,False,-33.8,1,2,2.99,Sobeys,False,43.1,90,67,Skip,34% above average; Cheapest of 2 stores; Only 2 prior prices
Sobeys,Crescent Rolls or Wiener Wraps,1.99,1.99,each,2026-10-01T03:00:00-04:00,2026-10-07T23:59:59-04:00,8159537,,,,True,,False,70.0,✅ Good Buy,"At $1.99, matches historical avg of $1.99 (count 2) and ties Safeway's best price of $1.99 across 2 stores.",Crescent Rolls,Bakery,Buns/Rolls,claude_code,1.74,1.99,1.91,3,16.7,False,-4.4,1,2,1.99,Sobeys,False,57.8,100,73,Only if needed,Cheapest of 2 stores; 3 prior prices
Sobeys,COMPLIMENTS Cooked or Raw Shrimp,8.99,8.99,each,2026-10-01T03:00:00-04:00,2026-10-07T23:59:59-04:00,8159537,,,,True,,False,60.0,😐 Fair,Best price across 2 stores,Shrimp,Seafood,nan,cached,3.0,17.0,10.4,17,52.9,False,13.6,2,3,5.0,Real Canadian Superstore,False,59.5,100,85,Only if needed,14% below avg $10.40; #2 of 3 stores; 17 prior prices
Sobeys,Small Pumpkin Spice Bar Cake,8.99,8.99,each,2026-10-01T03:00:00-04:00,2026-10-07T23:59:59-04:00,8159537,,,,True,,False,70.0,✅ Good Buy,"At $8.99, matches avg of $8.99 and ties Safeway's best price of $8.99 across 2 stores.",Pumpkin Spice Bar Cake,Bakery,Desserts/Cakes,claude_code,3.97,8.99,7.89,21,2.4,False,-13.9,1,2,8.99,Sobeys,False,53.0,100,84,Only if needed,14% above average; Cheapest of 2 stores; 21 prior prices
Sobeys,Natural Selections Turkey or Ham,4.29,4.29,each,2026-10-01T03:00:00-04:00,2026-10-07T23:59:59-04:00,8159537,,,,True,,False,73.0,✅ Good Buy,"4.5% below avg of $4.49, at/below historical min of $4.49, and ties best price of $4.29 (Safeway, 2 stores).",Turkey (Deli Sliced),Other,Deli (Prepared),claude_code,4.49,13.97,6.35,7,100.0,True,32.4,,1,,,False,72.7,100,66,Compare first,32% below avg $6.35; Lowest seen; 7 prior prices
Sobeys,COMPLIMENTS ORGANIC Tablet Bars,7.49,7.49,each,2026-10-01T03:00:00-04:00,2026-10-07T23:59:59-04:00,8159537,,,,True,,False,58.0,😐 Fair,Near average ($7.24). Best price across 2 stores,Organic Snack Bars,Snacks,nan,cached,3.79,7.49,5.21,10,5.0,False,-43.8,1,2,7.49,Sobeys,False,38.1,100,81,Skip,44% above average; Cheapest of 2 stores; 10 prior prices
Sobeys,Frozen Dinners,5.99,5.99,each,2026-10-01T03:00:00-04:00,2026-10-07T23:59:59-04:00,8159537,,,,True,,False,33.0,⚠️ Below Average,17.2% above avg of $5.11 (count 16); best price is $1.37 at Real Canadian Superstore across 3 stores.,Frozen Dinner,Frozen,Meals/Entrees,claude_code,1.47,5.99,4.88,21,2.4,False,-22.7,2,2,1.37,Real Canadian Superstore,False,38.6,100,84,Skip,23% above average; #2 of 2 stores; 21 prior prices
Sobeys,Frozen Entrées,10.0,10.0,each,2026-10-01T03:00:00-04:00,2026-10-07T23:59:59-04:00,8159537,,,,True,,False,20.0,❌ Poor Value,Above average (usually $3.78). $2.99 at Real Canadian Superstore,Entrees (Frozen),Frozen,nan,cached,1.0,7.99,4.25,8,0.0,False,-135.1,2,3,3.99,Calgary Co-op,False,25.0,100,81,Skip,135% above average; #2 of 3 stores; 8 prior prices
Sobeys,MultiGummies,21.99,21.99,each,2026-10-01T03:00:00-04:00,2026-10-07T23:59:59-04:00,8159537,,,,True,,False,39.0,⚠️ Below Average,"30.5% above avg of $16.85 (count 8), though it ties Safeway's best price of $21.99 across 2 stores.",Multivitamin Gummies,Household & Personal,Health/Pharmacy,claude_code,10.88,16.99,14.95,3,0.0,False,-47.1,1,2,21.99,Sobeys,False,36.5,100,73,Skip,47% above average; Cheapest of 2 stores; 3 prior prices
Sobeys,KITCHEN Burritos,9.0,9.0,each,2026-10-01T03:00:00-04:00,2026-10-07T23:59:59-04:00,8159537,,,,True,,False,0.0,❌ Poor Value,"At $9.00, over 100% above avg of $4.49 (count 2), despite tying Safeway's best price across 2 stores.",Burritos,Frozen,Meals/Entrees,claude_code,1.29,9.0,3.28,11,-0.0,False,-174.5,1,2,9.0,Sobeys,False,35.0,100,81,Skip,174% above average; Cheapest of 2 stores; 11 prior prices
Sobeys,Snacks,3.99,3.99,each,2026-10-01T03:00:00-04:00,2026-10-07T23:59:59-04:00,8159537,,,,True,,False,57.0,😐 Fair,"17.2% below avg of $4.82 (count 293), but best price is $1.00 at No Frills across 4 stores.",Snacks,Snacks,Chips/Pretzels,claude_code,0.97,9.99,3.32,39,25.6,False,-20.1,,1,,,False,29.9,100,73,Skip,20% above average; 39 prior prices
Sobeys,Stove Top Stuffing Mix,2.29,2.29,each,2026-10-01T03:00:00-04:00,2026-10-07T23:59:59-04:00,8159537,,,,True,no_history,False,30.0,⚠️ Below Average,$1.25 at Real Canadian Superstore,Stuffing Mix,Pantry,nan,cached,,,,0,,False,,,1,,,False,40.0,80,25,Skip,No price history
Sobeys,COMPLIMENTS Mandarins,1.69,1.69,each,2026-10-01T03:00:00-04:00,2026-10-07T23:59:59-04:00,8159537,,,,True,,False,60.0,😐 Fair,No price history available; ties Safeway's best price of $1.69 across 2 stores.,Mandarins,Produce,Fruit,claude_code,2.49,7.99,5.99,11,100.0,True,71.8,1,4,1.69,Sobeys,False,100.0,100,85,Stock up,72% below avg $5.99; Lowest seen; Cheapest of 4 stores
Sobeys,Hazelnut or Peanut Spread,5.49,5.49,each,2026-10-01T03:00:00-04:00,2026-10-07T23:59:59-04:00,8159537,,,,True,,False,51.0,😐 Fair,"12.7% above avg of $4.87 (count 2), though it ties Safeway's best price of $5.49 across 2 stores.",Hazelnut Spread,Pantry,Breakfast/Cereal,claude_code,4.0,16.47,8.77,17,73.5,False,37.4,1,3,5.49,Sobeys,False,86.2,100,85,Buy this week,37% below avg $8.77; Cheapest of 3 stores; 17 prior prices
Sobeys,Pure Jam,4.99,4.99,each,2026-10-01T03:00:00-04:00,2026-10-07T23:59:59-04:00,8159537,,,,True,,False,82.0,✅ Good Buy,"17.7% below avg of $6.06 (count 11), at historical min of $4.99, and ties Safeway's best price across 2 stores.",Jam,Pantry,Breakfast/Cereal,claude_code,3.99,6.99,5.69,28,80.4,False,12.3,1,4,4.99,Sobeys,False,68.6,100,88,Only if needed,12% below avg $5.69; Cheapest of 4 stores; 28 prior prices
Sobeys,Jam,5.99,5.99,each,2026-10-01T03:00:00-04:00,2026-10-07T23:59:59-04:00,8159537,,,,True,,False,74.0,✅ Good Buy,"41.6% below avg of $10.26 (count 190), though best price is $3.50 at Real Canadian Superstore across 5 stores.",Jam,Pantry,Breakfast/Cereal,claude_code,3.99,6.99,5.69,28,28.6,False,-5.3,3,4,4.99,Sobeys,False,42.4,100,88,Skip,5% above average; #3 of 4 stores; 28 prior prices
Sobeys,"Wensleydale Cranberry, Apricot or Cheddar with Caramelized Onions",7.99,7.99,each,2026-10-01T03:00:00-04:00,2026-10-07T23:59:59-04:00,8159537,,,,True,no_history,False,60.0,😐 Fair,No price history available; ties Safeway's best price of $7.99 across 2 stores.,Wensleydale Cheese (Cranberry),Dairy & Eggs,Cheese (Block),claude_code,,,,0,,False,,,1,,,True,45.0,80,25,Skip,No price history
Sobeys,Grilled or Breaded Chicken Breast,3.99,3.99,each,2026-10-01T03:00:00-04:00,2026-10-07T23:59:59-04:00,8159537,,,,True,,False,60.0,😐 Fair,No price history available; ties Safeway's best price of $3.99 across 2 stores.,Chicken Breast (Grilled),Poultry,Chicken Breast,claude_code,14.99,19.0,16.33,3,100.0,True,75.6,,1,,,True,90.0,100,62,Buy this week,76% below avg $16.33; Lowest seen; 3 prior prices
Sobeys,Kolbassa Sausage,6.99,6.99,each,2026-10-01T03:00:00-04:00,2026-10-07T23:59:59-04:00,8159537,,,,True,,False,64.0,😐 Fair,5.7% below avg of $7.41 (count 12) and ties Safeway's best price of $6.99 across 2 stores.,Kolbassa Sausage,Pork,Sausage (Fresh),claude_code,2.99,7.99,6.88,9,55.6,False,-1.6,1,2,6.99,Sobeys,False,59.2,100,77,Only if needed,Cheapest of 2 stores; 9 prior prices
Sobeys,COMPLIMENTS Brie or Camembert,12.99,12.99,each,2026-10-01T03:00:00-04:00,2026-10-07T23:59:59-04:00,8159537,,,,True,,False,35.0,⚠️ Below Average,Above average (usually $7.24). Best price across 2 stores,Brie or Camembert Cheese,Dairy & Eggs,Specialty Cheese,cached,6.99,7.49,7.24,4,0.0,False,-79.4,1,2,12.99,Sobeys,False,35.0,100,73,Skip,79% above average; Cheapest of 2 stores; 4 prior prices
Sobeys,Source Yogurt,3.99,3.99,each,2026-10-01T03:00:00-04:00,2026-10-07T23:59:59-04:00,8159537,,,,True,,False,75.0,✅ Good Buy,23% below 6-month avg of $5.16. Best price across 2 stores,Yogurt,Dairy & Eggs,Yogurt,cached,1.99,11.49,5.28,135,68.1,False,24.4,,1,,,True,62.1,100,73,Only if needed,24% below avg $5.28; 135 prior prices
Sobeys,Single Serve Coffee Pods,32.99,32.99,each,2026-10-01T03:00:00-04:00,2026-10-07T23:59:59-04:00,8159537,,,,True,,False,27.0,❌ Poor Value,"47.5% above avg of $22.36 (count 19), despite tying Safeway's best price across 2 stores.",Coffee Pods,Beverages,Coffee,claude_code,6.0,39.99,24.14,46,26.1,False,-36.6,4,7,7.99,Real Canadian Superstore,True,16.7,100,88,Skip,37% above average; 46 prior prices
Sobeys,Salad Dressing,4.99,4.99,each,2026-10-01T03:00:00-04:00,2026-10-07T23:59:59-04:00,8159537,,,,True,,False,29.0,❌ Poor Value,22.3% above avg of $4.08 (count 87); best price is $2.97 at Safeway across 6 stores.,Salad Dressing,Pantry,Sauces/Condiments,claude_code,1.97,7.49,4.01,55,25.5,False,-24.3,6,8,2.97,Sobeys,False,17.9,100,88,Skip,24% above average; 55 prior prices
Sobeys,Rice,8.99,8.99,each,2026-10-01T03:00:00-04:00,2026-10-07T23:59:59-04:00,8159537,,,,True,,False,31.0,⚠️ Below Average,20.0% above avg of $7.49 (count 486); best price is $2.00 at No Frills across 7 stores.,Rice,Pantry,Rice,claude_code,1.99,12.98,7.29,17,41.2,False,-23.3,1,2,8.99,Sobeys,True,53.4,100,81,Only if needed,23% above average; Cheapest of 2 stores; 17 prior prices
Sobeys,DentaStix,11.49,11.49,each,2026-10-01T03:00:00-04:00,2026-10-07T23:59:59-04:00,8159537,,,,True,,False,54.0,😐 Fair,9.1% above avg of $10.53 (count 14) but ties Safeway's best price of $11.49 across 3 stores.,Dental Chews (Dog),Household & Personal,Pet Food/Supplies,claude_code,4.99,15.99,10.53,14,21.4,False,-9.1,1,2,11.49,Sobeys,False,55.5,100,81,Only if needed,9% above average; Cheapest of 2 stores; 14 prior prices
Sobeys,Tastefuls Cat Food,5.0,5.0,each,2026-10-01T03:00:00-04:00,2026-10-07T23:59:59-04:00,8159537,,,,True,,False,100.0,🔥 Hot Deal,69.4% below avg of $16.33 (count 3) and ties Safeway's best price of $5.00 across 3 stores.,Cat Food,Household & Personal,Pet Food/Supplies,claude_code,1.97,25.96,14.29,27,96.3,False,65.0,1,5,5.0,Sobeys,False,95.0,100,88,Stock up,65% below avg $14.29; Cheapest of 5 stores; 27 prior prices
Sobeys,Wine Sauerkraut,4.79,4.79,each,2026-10-01T03:00:00-04:00,2026-10-07T23:59:59-04:00,8159537,,,,True,no_history,False,60.0,😐 Fair,No price history available; ties Safeway's best price of $4.79 across 2 stores.,Sauerkraut (Wine),Pantry,Canned Goods,claude_code,,,,0,,False,,,1,,,False,40.0,80,25,Skip,No price history
Sobeys,Gluten Free Appetizers,10.99,10.99,each,2026-10-01T03:00:00-04:00,2026-10-07T23:59:59-04:00,8159537,,,,True,,False,60.0,😐 Fair,No price history available; ties Safeway's best price of $10.99 across 2 stores.,Gluten Free Appetizers,Frozen,Meals/Entrees,claude_code,2.49,15.57,7.45,108,12.0,False,-47.5,,1,,,False,16.2,100,73,Skip,48% above average; 108 prior prices
Sobeys,Real Cream Layer Cakes,12.99,12.99,each,2026-10-01T03:00:00-04:00,2026-10-07T23:59:59-04:00,8159537,,,,True,,False,78.0,✅ Good Buy,26% below 6-month avg of $17.50. Best price across 2 stores,Cream Layer Cakes,Bakery,Cakes,cached,3.5,25.0,8.3,37,17.6,False,-56.6,1,2,12.99,Sobeys,False,35.0,100,84,Skip,57% above average; Cheapest of 2 stores; 37 prior prices
Sobeys,Artisan Breads,4.69,4.69,each,2026-10-01T03:00:00-04:00,2026-10-07T23:59:59-04:00,8159537,,,,True,,False,51.0,😐 Fair,Above average (usually $3.99). Best price across 2 stores,Artisan Bread,Bakery,Artisan Bread,cached,1.25,16.99,5.34,63,66.7,False,12.2,1,2,4.69,Sobeys,True,73.5,100,84,Compare first,12% below avg $5.34; Cheapest of 2 stores; 63 prior prices
Sobeys,COMPLIMENTS Compostable Cutlery,2.99,2.99,each,2026-10-01T03:00:00-04:00,2026-10-07T23:59:59-04:00,8159537,,,,True,,False,70.0,✅ Good Buy,LOWEST PRICE in 6 months (usually $2.99). Best price across 2 stores,Compostable Cutlery,Household & Personal,nan,cached,2.99,2.99,2.99,4,37.5,True,0.0,1,2,2.99,Sobeys,False,70.0,100,73,Compare first,Lowest seen; Cheapest of 2 stores; 4 prior prices
Sobeys,Juicy Supreme Chicken Frankfurters or Italian Chicken Sausages,5.99,5.99,each,2026-10-01T03:00:00-04:00,2026-10-07T23:59:59-04:00,8159537,,,,True,,False,60.0,😐 Fair,No price history available; ties Safeway's best price of $5.99 across 2 stores.,Chicken Frankfurters,Poultry,Sausage (Poultry),claude_code,5.99,6.99,6.32,3,50.0,True,5.3,1,2,5.99,Sobeys,False,73.7,100,73,Compare first,5% below avg $6.32; Lowest seen; Cheapest of 2 stores
Sobeys,Twirl,2.99,2.99,each,2026-10-01T03:00:00-04:00,2026-10-07T23:59:59-04:00,8159537,,,,True,,False,60.0,😐 Fair,No price history available; ties Safeway's best price of $2.99 across 2 stores.,Chocolate Bar (Twirl),Snacks,Candy/Chocolate,claude_code,0.99,15.48,4.42,176,61.1,False,32.4,,1,,,False,62.7,100,73,Only if needed,32% below avg $4.42; 176 prior prices
Sobeys,1 L,5.0,5.0,each,2026-10-01T03:00:00-04:00,2026-10-07T23:59:59-04:00,8159537,5.0,$/L,1000.0,True,,False,72.0,✅ Good Buy,38.4% below avg of $8.12/L (count 369); best price is $1.00/L at No Frills across 5 stores.,1 L Product,Other,General,claude_code,0.28,42.86,5.04,274,33.8,False,0.8,,1,,,False,45.6,100,81,Skip,274 prior prices; Unit price checked $/L
Sobeys,Biscuits,1.49,1.49,each,2026-10-01T03:00:00-04:00,2026-10-07T23:59:59-04:00,8159537,,,,True,,False,100.0,🔥 Hot Deal,63.5% below avg of $4.08 (count 72) and ties Safeway's best price of $1.49 across 4 stores.,Biscuits,Snacks,Cookies,claude_code,1.19,7.99,2.88,16,43.8,False,48.2,1,3,1.49,Sobeys,False,93.7,100,85,Stock up,48% below avg $2.88; Cheapest of 3 stores; 16 prior prices
Sobeys,Honey,11.99,11.99,each,2026-10-01T03:00:00-04:00,2026-10-07T23:59:59-04:00,8159537,,,,True,,False,20.0,❌ Poor Value,35.9% above avg of $8.82 (count 206); best price is $2.98 at Walmart across 7 stores.,Honey,Pantry,Breakfast/Cereal,claude_code,6.77,12.99,9.09,21,4.8,False,-31.8,,1,,,False,24.1,100,73,Skip,32% above average; 21 prior prices
Sobeys,Whole Bean Coffee,18.99,18.99,each,2026-10-01T03:00:00-04:00,2026-10-07T23:59:59-04:00,8159537,,,,True,,False,49.0,⚠️ Below Average,"5.9% below avg of $20.17 (count 44), but best price is $10.99 at Save-On-Foods across 4 stores.",Whole Bean Coffee,Beverages,Coffee,claude_code,15.99,28.99,19.55,16,43.8,False,2.9,4,7,10.99,Save-On-Foods,True,37.0,100,85,Skip,16 prior prices
Sobeys,Fresh Turkey,3.77,3.77,each,2026-10-01T03:00:00-04:00,2026-10-07T23:59:59-04:00,8159537,,,,True,no_history,False,60.0,😐 Fair,No price history available; ties Safeway's best price of $3.77 across 2 stores.,Turkey (Fresh),Poultry,Turkey,claude_code,,,,0,,False,,,1,,,False,40.0,80,25,Skip,No price history
Sobeys,Boneless Smoked Ham,14.99,14.99,each,2026-10-01T03:00:00-04:00,2026-10-07T23:59:59-04:00,8159537,,,,True,,False,5.0,❌ Poor Value,"At $14.99, nearly 3x avg of $5.39 (count 5); best price is $4.99 at Safeway across 2 stores.",Boneless Smoked Ham,Pork,Ham,claude_code,2.0,15.99,7.83,34,7.4,False,-91.4,1,2,14.99,Sobeys,False,35.0,100,84,Skip,91% above average; Cheapest of 2 stores; 34 prior prices
Sobeys,Roast Fine Grind Coffee,13.99,13.99,each,2026-10-01T03:00:00-04:00,2026-10-07T23:59:59-04:00,8159537,,,,True,,False,70.0,✅ Good Buy,"At $13.99, matches avg of $13.99 (count 3), at historical min, and ties Safeway's best price across 2 stores.",Fine Grind Coffee,Beverages,Coffee,claude_code,4.99,236.99,18.06,75,47.3,False,22.5,,1,,,True,60.8,100,73,Only if needed,22% below avg $18.06; 75 prior prices
Sobeys,K-Cup® Pods,24.99,24.99,each,2026-10-01T03:00:00-04:00,2026-10-07T23:59:59-04:00,8159537,,,,True,,False,35.0,⚠️ Below Average,Above average (usually $19.49). $12.99 at Safeway,K-Cup Pods,Beverages,nan,cached,11.99,37.99,22.1,9,44.4,False,-13.1,6,8,12.99,Sobeys,False,23.5,100,81,Skip,13% above average; 9 prior prices
Sobeys,K-Cup® Pods,39.99,39.99,each,2026-10-01T03:00:00-04:00,2026-10-07T23:59:59-04:00,8159537,,,,True,,False,25.0,❌ Poor Value,Above average (usually $19.49). $12.99 at Safeway,K-Cup Pods,Beverages,nan,cached,11.99,37.99,22.1,9,0.0,False,-80.9,7,8,12.99,Sobeys,False,5.0,100,81,Skip,81% above average; 9 prior prices
Sobeys,Cheddar,7.99,7.99,each,2026-10-01T03:00:00-04:00,2026-10-07T23:59:59-04:00,8159537,,,,True,,False,46.0,⚠️ Below Average,"1.6% below avg of $8.12 (count 97), but best price is $4.50 at Real Canadian Superstore across 5 stores.",Cheddar Cheese,Dairy & Eggs,Cheese (Block),claude_code,6.0,13.99,10.44,10,70.0,False,23.5,2,5,6.67,Walmart,False,66.5,100,85,Only if needed,24% below avg $10.44; #2 of 5 stores; 10 prior prices
Sobeys,Gouda or Swiss,6.99,6.99,each,2026-10-01T03:00:00-04:00,2026-10-07T23:59:59-04:00,8159537,,,,True,,False,70.0,✅ Good Buy,"At $6.99, matches avg of $6.99 (count 2), at historical min, and ties Safeway's best price across 2 stores.",Gouda Cheese,Dairy & Eggs,Cheese (Block),claude_code,2.49,13.0,5.88,30,26.7,False,-19.0,2,3,6.0,Real Canadian Superstore,False,40.5,100,88,Skip,19% above average; #2 of 3 stores; 30 prior prices
Sobeys,Bathroom Tissue,15.99,15.99,each,2026-10-01T03:00:00-04:00,2026-10-07T23:59:59-04:00,8159537,,,,True,,False,50.0,😐 Fair,"6.5% below avg of $17.11 (count 221), but best price is $6.99 at Save-On-Foods across 6 stores.",Bathroom Tissue,Household & Personal,Paper Products,claude_code,3.49,699.0,18.69,134,30.6,False,14.5,4,7,6.99,Save-On-Foods,False,40.1,100,88,Skip,14% below avg $18.69; 134 prior prices
Sobeys,Kitchen Bags,5.99,5.99,each,2026-10-01T03:00:00-04:00,2026-10-07T23:59:59-04:00,8159537,,,,True,,False,72.0,✅ Good Buy,16.6% below avg of $7.18 (count 13) and ties Safeway's best price of $5.99 across 2 stores.,Kitchen Bags,Household & Personal,Cleaning Supplies,claude_code,5.0,11.99,7.8,23,82.6,False,23.2,,1,,,False,56.2,100,73,Only if needed,23% below avg $7.80; 23 prior prices
Sobeys,"Organic Bartlett, Bosc or Red Pears",5.99,5.99,each,2026-10-01T03:00:00-04:00,2026-10-07T23:59:59-04:00,8159537,,,,True,no_history,False,60.0,😐 Fair,No price history available; ties Safeway's best price of $5.99 across 2 stores.,"Pears (Bartlett, Organic)",Produce,Fruit,claude_code,,,,0,,False,,,1,,,False,40.0,80,25,Skip,No price history
Sobeys,"Prosciutto or Genoa Hot or Mild Salami, Soppressata, Salami with Prosciutto or Hot Calabrese",4.49,4.49,each,2026-10-01T03:00:00-04:00,2026-10-07T23:59:59-04:00,8159537,,,,True,,False,60.0,😐 Fair,No price history available; ties Safeway's best price of $4.49 across 2 stores.,Prosciutto,Other,Deli (Prepared),claude_code,6.29,6.99,6.87,6,100.0,True,34.7,1,3,4.49,Sobeys,False,94.3,100,81,Stock up,35% below avg $6.87; Lowest seen; Cheapest of 3 stores
Sobeys,Whole Roasted Chili Crisp Flavoured Chicken,14.99,14.99,each,2026-10-01T03:00:00-04:00,2026-10-07T23:59:59-04:00,8159537,,,,True,,False,60.0,😐 Fair,No price history available; ties Safeway's best price of $14.99 across 2 stores.,Roasted Chicken (Chili Crisp),Other,Deli (Prepared),claude_code,2.69,14.99,8.66,10,5.0,False,-73.1,,1,,,False,15.0,100,70,Skip,73% above average; 10 prior prices
Sobeys,Stuffing Bread,3.99,3.99,each,2026-10-01T03:00:00-04:00,2026-10-07T23:59:59-04:00,8159537,,,,True,no_history,False,60.0,😐 Fair,No price history available; ties Safeway's best price of $3.99 across 2 stores.,Stuffing Bread,Bakery,Bread,claude_code,,,,0,,False,,1,2,3.99,Sobeys,True,65.0,80,36,Only if needed,Cheapest of 2 stores; No price history
Sobeys,Breakfast Egg Bites,5.99,5.99,each,2026-10-01T03:00:00-04:00,2026-10-07T23:59:59-04:00,8159537,,,,True,,False,60.0,😐 Fair,No price history available; ties Safeway's best price of $5.99 across 2 stores.,Egg Bites,Frozen,Breakfast (Frozen),claude_code,2.77,8.99,6.12,29,62.1,False,2.1,,1,,,False,41.5,100,73,Skip,29 prior prices
Sobeys,Juniors,2.99,2.99,each,2026-10-01T03:00:00-04:00,2026-10-07T23:59:59-04:00,8159537,,,,True,,False,70.0,✅ Good Buy,"At historical avg/min of $2.99 (3 data points), tied for best price of $2.99 across 2 stores compared.",Chocolate Bars (Juniors Multipack),Snacks,Candy/Chocolate,claude_code,2.99,2.99,2.99,3,33.3,True,0.0,,1,,,False,50.0,100,62,Only if needed,Lowest seen; 3 prior prices
Sobeys,Cracker Assortment Classic Collection 250 g Nut-Thins 120 g or Multi-Seed Crackers 128 g,5.99,5.99,each,2026-10-01T03:00:00-04:00,2026-10-07T23:59:59-04:00,8159537,23.96,$/kg,250.0,True,,False,70.0,✅ Good Buy,"At historical avg/min of $5.99 (4 data points), tied for best price of $5.99 across 2 stores compared.",Cracker Assortment (Classic Collection),Snacks,Crackers,claude_code,5.99,5.99,5.99,4,37.5,True,0.0,,1,,,False,55.0,100,70,Only if needed,Lowest seen; 4 prior prices; Unit price checked $/kg
Sobeys,All-Purpose or Multi-Purpose Cleaners,9.0,9.0,each,2026-10-01T03:00:00-04:00,2026-10-07T23:59:59-04:00,8159537,,,,True,,False,65.0,😐 Fair,No price history available; matches best cross-store price of $9.00 across 2 stores (Safeway).,All-Purpose Cleaner,Household & Personal,Cleaning Supplies,claude_code,3.0,9.99,5.83,3,33.3,False,-54.4,2,3,4.0,No Frills,False,25.0,100,77,Skip,54% above average; #2 of 3 stores; 3 prior prices
Sobeys,Whitening or Pronamel,6.99,6.99,each,2026-10-01T03:00:00-04:00,2026-10-07T23:59:59-04:00,8159537,,,,True,,False,50.0,😐 Fair,14% above avg of $6.13 (7 data points) and at the historical max of $6.99; tied for best price across 2 stores.,Toothpaste (Whitening),Household & Personal,Health/Pharmacy,claude_code,4.94,9.27,6.53,6,16.7,False,-7.1,2,3,6.97,Walmart,False,46.5,100,81,Skip,7% above average; #2 of 3 stores; 6 prior prices
Sobeys,Underwear or Pads,20.99,20.99,each,2026-10-01T03:00:00-04:00,2026-10-07T23:59:59-04:00,8159537,,,,True,,False,52.0,😐 Fair,"11% above avg of $18.88 (9 data points), well above historical low of $16.00; tied for best price of $20.99 across 2 stores.",Underwear (Adult/Feminine Care),Household & Personal,Personal Care,claude_code,3.87,30.0,18.96,30,8.3,False,-10.7,,1,,,False,34.6,100,73,Skip,11% above average; 30 prior prices
Sobeys,Boneless Smoked Ham,9.99,9.99,each,2026-10-01T03:00:00-04:00,2026-10-07T23:59:59-04:00,8159537,,,,True,,False,0.0,❌ Poor Value,85% above avg of $5.39 (5 data points) and above the historical max of $6.97; $5.00 higher than best cross-store price of $4.99 at Safeway.,"Ham (Boneless, Smoked)",Pork,Ham,claude_code,3.99,14.99,8.36,8,25.0,False,-19.5,1,2,9.99,Sobeys,False,50.2,100,77,Only if needed,20% above average; Cheapest of 2 stores; 8 prior prices
Sobeys,Rainbow Soft Drinks,13.99,13.99,each,2026-10-01T03:00:00-04:00,2026-10-07T23:59:59-04:00,8159537,,,,True,no_history,False,65.0,😐 Fair,No price history available; matches best cross-store price of $13.99 across 2 stores (Safeway).,Soft Drinks (Rainbow Variety Pack),Beverages,Soda/Pop,claude_code,,,,0,,False,,,1,,,False,40.0,80,25,Skip,No price history
Walmart,Tropicana Pure Premium orange juice 1.36 L,4.97,4.97,each,2026-10-01T02:00:00-04:00,2026-10-07T23:59:59-04:00,8158251,3.65,$/L,1360.0,True,,False,50.0,😐 Fair,LOWEST PRICE in 6 months (usually $4.97),Orange Juice,Beverages,nan,cached,2.29,4.41,3.03,19,15.8,False,-20.5,2,7,4.97,Walmart,True,49.8,100,93,Skip,20% above average; #2 of 7 stores; 19 prior prices
Walmart,Febreze bathroom or car air fresheners,3.77,3.77,each,2026-10-01T02:00:00-04:00,2026-10-07T23:59:59-04:00,8158251,,,,True,,False,31.0,⚠️ Below Average,Above average (usually $3.24),Air Fresheners,Household & Personal,Cleaning Supplies,cached,2.97,7.99,5.09,17,76.5,False,26.0,,1,,,False,58.2,100,70,Only if needed,26% below avg $5.09; 17 prior prices
Walmart,Siggi's Skyr Yogurt Cups,3.96,3.96,each,2026-10-01T02:00:00-04:00,2026-10-07T23:59:59-04:00,8158251,,,,True,,False,45.0,⚠️ Below Average,No price history or cross-store comparison available; price shown as listed at $3.96.,Yogurt (Skyr),Dairy & Eggs,Yogurt,claude_code,3.27,6.99,5.34,23,73.9,False,25.8,,1,,,True,63.1,100,73,Only if needed,26% below avg $5.34; 23 prior prices
Walmart,Lactantia Cream cheese,3.98,3.98,each,2026-10-01T02:00:00-04:00,2026-10-07T23:59:59-04:00,8158251,,,,True,,False,36.0,⚠️ Below Average,Above average (usually $3.15). $3.33 at No Frills,Cream Cheese,Dairy & Eggs,nan,cached,2.99,6.99,4.21,55,52.7,False,5.5,,1,,,True,48.9,100,73,Skip,6% below avg $4.21; 55 prior prices
Walmart,Iogo nano Bubbles yogurt,3.27,3.27,each,2026-10-01T02:00:00-04:00,2026-10-07T23:59:59-04:00,8158251,,,,True,low_history,False,45.0,⚠️ Below Average,No price history or cross-store comparison available; price shown as listed at $3.27.,Yogurt (Bubbles Snack Pack),Dairy & Eggs,Yogurt,claude_code,3.27,3.29,3.28,2,50.0,True,0.3,,1,,,True,55.2,90,56,Only if needed,Lowest seen; Only 2 prior prices
Walmart,iögo nanö drinkable Yogurt 6-pack,3.47,3.47,each,2026-10-01T02:00:00-04:00,2026-10-07T23:59:59-04:00,8158251,0.58,$/each,6.0,True,,False,45.0,⚠️ Below Average,"No price history or cross-store comparison available; $0.58/each unit price, listed at $3.47.",Drinkable Yogurt (6-Pack),Dairy & Eggs,Yogurt,claude_code,2.0,15.99,5.05,35,71.4,False,31.3,,1,,,True,71.9,100,81,Compare first,31% below avg $5.05; 35 prior prices; Unit price checked $/each
Walmart,Yogourt Astro Original,4.27,4.27,each,2026-10-01T02:00:00-04:00,2026-10-07T23:59:59-04:00,8158251,,,,True,,False,45.0,⚠️ Below Average,No price history or cross-store comparison available; price shown as listed at $4.27.,Yogurt (Original),Dairy & Eggs,Yogurt,claude_code,2.75,5.99,3.66,29,15.5,False,-16.6,,1,,,False,31.7,100,73,Skip,17% above average; 29 prior prices
Walmart,Olympic Krema yoghurt tubs,4.27,4.27,each,2026-10-01T02:00:00-04:00,2026-10-07T23:59:59-04:00,8158251,,,,True,,False,45.0,⚠️ Below Average,No price history or cross-store comparison available; price shown as listed at $4.27.,Yogurt (Krema Tub),Dairy & Eggs,Yogurt,claude_code,4.27,11.47,6.07,4,50.0,True,29.7,,1,,,False,70.8,100,62,Compare first,30% below avg $6.07; Lowest seen; 4 prior prices
Walmart,Iogo Creamy yogurt pouch,9.47,9.47,each,2026-10-01T02:00:00-04:00,2026-10-07T23:59:59-04:00,8158251,,,,True,,False,45.0,⚠️ Below Average,No price history or cross-store comparison available; price shown as listed at $9.47.,Yogurt (Creamy Pouch),Dairy & Eggs,Yogurt,claude_code,3.29,10.5,7.83,8,25.0,False,-21.0,,1,,,True,34.5,100,66,Skip,21% above average; 8 prior prices
Walmart,One A Day multivitamin gummies 130s for Women or Men 50+,14.77,14.77,each,2026-10-01T02:00:00-04:00,2026-10-07T23:59:59-04:00,8158251,,,,True,no_history,False,45.0,⚠️ Below Average,No price history or cross-store comparison available; price shown as listed at $14.77.,Multivitamin Gummies (130ct),Household & Personal,Health/Pharmacy,claude_code,,,,0,,False,,,1,,,False,40.0,80,25,Skip,No price history
Walmart,One A Day Multivitamin gummies 130s,14.77,14.77,each,2026-10-01T02:00:00-04:00,2026-10-07T23:59:59-04:00,8158251,,,,True,,False,45.0,⚠️ Below Average,No price history or cross-store comparison available; price shown as listed at $14.77.,Multivitamin Gummies (130ct),Household & Personal,Health/Pharmacy,claude_code,6.39,21.97,13.09,13,30.8,False,-12.8,,1,,,False,33.6,100,70,Skip,13% above average; 13 prior prices
Walmart,Halloween and fall wreaths,39.98,39.98,each,2026-10-01T02:00:00-04:00,2026-10-07T23:59:59-04:00,8158251,,,,True,no_history,False,45.0,⚠️ Below Average,No price history or cross-store comparison available; price shown as listed at $39.98.,Wreath (Halloween/Fall),Other,Seasonal,claude_code,,,,0,,False,,,1,,,False,40.0,80,25,Skip,No price history
Walmart,General Mills Halloween Fruit Roll-Ups or Gushers,7.97,7.97,each,2026-10-01T02:00:00-04:00,2026-10-07T23:59:59-04:00,8158251,,,,True,,False,50.0,😐 Fair,LOWEST PRICE in 6 months (usually $7.97),Fruit Roll-Ups (Halloween),Snacks,Candy/Chocolate,cached,7.97,9.0,8.31,3,50.0,True,4.1,,1,,,False,52.9,100,62,Only if needed,Lowest seen; 3 prior prices
Walmart,Novelty glow-in-the-dark lantern,3.0,3.0,each,2026-10-01T02:00:00-04:00,2026-10-07T23:59:59-04:00,8158251,,,,True,no_history,False,45.0,⚠️ Below Average,No price history or cross-store comparison available; price shown as listed at $3.00.,Lantern (Glow-in-the-Dark Novelty),Other,Seasonal,claude_code,,,,0,,False,,,1,,,False,40.0,80,25,Skip,No price history
Walmart,"SheaMoisture styling products, treatments or detanglers",14.42,14.42,each,2026-10-01T02:00:00-04:00,2026-10-07T23:59:59-04:00,8158251,,,,True,,False,40.0,⚠️ Below Average,Standard pricing (no historical data),Hair Styling Products,Household & Personal,Personal Care,cached,8.0,14.42,12.82,4,25.0,False,-12.5,,1,,,False,33.8,100,62,Skip,12% above average; 4 prior prices
Walmart,Weiman specialty cleaners,4.97,4.97,each,2026-10-01T02:00:00-04:00,2026-10-07T23:59:59-04:00,8158251,,,,True,low_history,False,61.0,😐 Fair,LOWEST PRICE in 6 months (usually $5.97),Specialty Cleaners,Household & Personal,nan,cached,4.97,6.97,5.97,2,50.0,True,16.8,,1,,,False,61.8,90,56,Only if needed,17% below avg $5.97; Lowest seen; Only 2 prior prices
Walmart,Cascade ActionPacs dishwasher detergent,19.97,19.97,each,2026-10-01T02:00:00-04:00,2026-10-07T23:59:59-04:00,8158251,,,,True,,False,32.0,⚠️ Below Average,Above average (usually $17.47),Dishwasher Detergent Pods,Household & Personal,Cleaning Supplies,cached,5.0,24.99,12.27,25,28.0,False,-62.8,,1,,,False,15.0,100,73,Skip,63% above average; 25 prior prices
Walmart,500 lumen 2-pack flashlight or 1200 lumen flashlight,14.98,14.98,each,2026-10-01T02:00:00-04:00,2026-10-07T23:59:59-04:00,8158251,7.49,$/each,2.0,True,no_history,False,45.0,⚠️ Below Average,"No price history or cross-store comparison available; $7.49/each unit price, listed at $14.98.","Flashlight (500 Lumen, 2-Pack)",Other,General,claude_code,,,,0,,False,,,1,,,False,45.0,80,33,Skip,No price history; Unit price checked $/each
Walmart,Listerine mouthwash,8.98,8.98,each,2026-10-01T02:00:00-04:00,2026-10-07T23:59:59-04:00,8158251,,,,True,,False,23.0,❌ Poor Value,Above average (usually $6.75),Mouthwash,Household & Personal,Personal Care,cached,3.98,10.99,6.83,39,12.8,False,-31.4,2,3,6.5,Real Canadian Superstore,False,34.3,100,88,Skip,31% above average; #2 of 3 stores; 39 prior prices
Walmart,Tide Pods laundry detergent,28.97,28.97,each,2026-10-01T02:00:00-04:00,2026-10-07T23:59:59-04:00,8158251,,,,True,,False,18.0,❌ Poor Value,Above average (usually $20.37),Laundry Detergent Pods,Household & Personal,Laundry,cached,4.97,28.97,18.33,9,5.6,False,-58.0,,1,,,False,15.0,100,66,Skip,58% above average; 9 prior prices
Walmart,Friskies dry cat food,23.48,23.48,each,2026-10-01T02:00:00-04:00,2026-10-07T23:59:59-04:00,8158251,,,,True,,False,15.0,❌ Poor Value,Above average (usually $9.89),Dry Dog Food,Household & Personal,Pet Food/Supplies,cached,6.98,56.99,26.29,66,57.6,False,10.7,3,5,11.0,No Frills,False,52.5,100,88,Only if needed,11% below avg $26.29; #3 of 5 stores; 66 prior prices
Walmart,Ashoka shredded coconut,3.27,3.27,each,2026-10-01T02:00:00-04:00,2026-10-07T23:59:59-04:00,8158251,,,,True,,False,40.0,⚠️ Below Average,Standard pricing (no historical data),Shredded Coconut,Pantry,Baking Supplies,cached,2.99,3.49,3.35,9,66.7,False,2.5,,1,,,False,41.8,100,66,Skip,9 prior prices
Walmart,Dress-up accessories,14.98,14.98,each,2026-10-01T02:00:00-04:00,2026-10-07T23:59:59-04:00,8158251,,,,True,no_history,False,45.0,⚠️ Below Average,No price history or cross-store comparison available; price shown as listed at $14.98.,Dress-Up Accessories (Costume),Other,Seasonal,claude_code,,,,0,,False,,,1,,,False,40.0,80,25,Skip,No price history
Walmart,HOMCOM 9' pumpkin ghost inflatable,71.99,71.99,each,2026-10-01T02:00:00-04:00,2026-10-07T23:59:59-04:00,8158251,,,,True,no_history,False,45.0,⚠️ Below Average,No price history or cross-store comparison available; price shown as listed at $71.99.,Inflatable Decoration (Pumpkin Ghost),Other,Seasonal,claude_code,,,,0,,False,,,1,,,False,40.0,80,25,Skip,No price history
Walmart,RITZ Drizzled minis,4.98,4.98,each,2026-10-01T02:00:00-04:00,2026-10-07T23:59:59-04:00,8158251,,,,True,,False,38.0,⚠️ Below Average,Near average ($4.85),Drizzled Minis,Snacks,Crackers,cached,3.99,5.99,5.03,15,43.3,False,0.9,,1,,,False,40.6,100,70,Skip,15 prior prices
Walmart,RITZ baked chips,3.98,3.98,each,2026-10-01T02:00:00-04:00,2026-10-07T23:59:59-04:00,8158251,,,,True,,False,45.0,⚠️ Below Average,No price history or cross-store comparison available; price shown as listed at $3.98.,Baked Chips,Snacks,Chips/Pretzels,claude_code,4.0,4.0,4.0,6,100.0,True,0.5,,1,,,False,50.4,100,66,Only if needed,Lowest seen; 6 prior prices
Walmart,Butterball boneless or stuffed turkey roast,17.97,17.97,each,2026-10-01T02:00:00-04:00,2026-10-07T23:59:59-04:00,8158251,,,,True,,False,40.0,⚠️ Below Average,Standard pricing (no historical data),Turkey Roast (Boneless),Poultry,nan,cached,3.49,29.99,14.08,43,30.2,False,-27.6,,1,,,True,31.2,100,73,Skip,28% above average; 43 prior prices
Walmart,Adults' costumes,29.98,29.98,each,2026-10-01T02:00:00-04:00,2026-10-07T23:59:59-04:00,8158251,,,,True,low_history,False,45.0,⚠️ Below Average,No price history or cross-store comparison available; price shown as listed at $29.98.,Costume (Adult),Other,Seasonal,claude_code,25.0,29.98,27.49,2,0.0,False,-9.1,,1,,,False,35.5,90,56,Skip,9% above average; Only 2 prior prices
Walmart,Scrubbing Bubbles bathroom cleaners,4.47,4.47,each,2026-10-01T02:00:00-04:00,2026-10-07T23:59:59-04:00,8158251,,,,True,,False,64.0,😐 Fair,LOWEST PRICE in 6 months (usually $5.67),Bathroom Cleaners,Household & Personal,nan,cached,3.97,5.99,4.78,29,69.0,False,6.5,,1,,,False,44.5,100,73,Skip,6% below avg $4.78; 29 prior prices
Walmart,Couples' costume,39.98,39.98,each,2026-10-01T02:00:00-04:00,2026-10-07T23:59:59-04:00,8158251,,,,True,no_history,False,45.0,⚠️ Below Average,No price history or cross-store comparison available; price shown as listed at $39.98.,Costume (Couples),Other,Seasonal,claude_code,,,,0,,False,,,1,,,False,40.0,80,25,Skip,No price history
Walmart,"Dweep Sara men's green silk blend embroidered long kurta - 36"" straight fit festive ethnic wear with side slits",37.99,37.99,each,2026-10-01T02:00:00-04:00,2026-10-07T23:59:59-04:00,8158251,,,,True,no_history,False,45.0,⚠️ Below Average,No price history or cross-store comparison available; price shown as listed at $37.99.,Men's Ethnic Kurta,Other,General,claude_code,,,,0,,False,,,1,,,False,40.0,80,25,Skip,No price history
Walmart,Boys' costume,29.98,29.98,each,2026-10-01T02:00:00-04:00,2026-10-07T23:59:59-04:00,8158251,,,,True,no_history,False,45.0,⚠️ Below Average,No price history or cross-store comparison available; price shown as listed at $29.98.,Costume (Boys),Other,Seasonal,claude_code,,,,0,,False,,,1,,,False,40.0,80,25,Skip,No price history
Walmart,"Triscuit, Wheat Thins or Vegetable Thins crackers",2.98,2.98,each,2026-10-01T02:00:00-04:00,2026-10-07T23:59:59-04:00,8158251,,,,True,no_history,False,45.0,⚠️ Below Average,No price history or cross-store comparison available; price shown as listed at $2.98.,Crackers (Woven Wheat),Snacks,Crackers,claude_code,,,,0,,False,,,1,,,False,40.0,80,25,Skip,No price history
Walmart,Lysol Toilet bowl cleaner,6.97,6.97,each,2026-10-01T02:00:00-04:00,2026-10-07T23:59:59-04:00,8158251,,,,True,,False,55.0,😐 Fair,Near average ($6.40). Best price across 3 stores,Toilet Bowl Cleaner,Household & Personal,nan,cached,3.75,8.49,6.1,8,37.5,False,-14.4,1,3,6.97,Walmart,False,52.8,100,81,Only if needed,14% above average; Cheapest of 3 stores; 8 prior prices
Walmart,Downy fabric softener 138 - 190 loads or Downy fabric rinse 90 loads,15.97,15.97,each,2026-10-01T02:00:00-04:00,2026-10-07T23:59:59-04:00,8158251,,,,True,,False,50.0,😐 Fair,LOWEST PRICE in 6 months (usually $15.97),Fabric Softener,Household & Personal,Laundry,cached,4.97,15.99,11.61,27,9.3,False,-37.5,4,5,10.97,Walmart,False,11.2,100,88,Skip,38% above average; 27 prior prices
Walmart,RITZ original 350 g or Toppables 454 g family size crackers,3.98,3.98,each,2026-10-01T02:00:00-04:00,2026-10-07T23:59:59-04:00,8158251,11.37,$/kg,350.0,True,,False,45.0,⚠️ Below Average,"No price history or cross-store comparison available; $11.37/kg unit price, listed at $3.98.",Crackers (Original),Snacks,Crackers,claude_code,9.89,10.99,10.18,4,0.0,False,-11.7,,1,,,False,39.1,100,70,Skip,12% above average; 4 prior prices; Unit price checked $/kg
Walmart,Mr. Clean 2-pack Extra Power Magic Eraser,3.97,3.97,each,2026-10-01T02:00:00-04:00,2026-10-07T23:59:59-04:00,8158251,1.99,$/each,2.0,True,no_history,False,45.0,⚠️ Below Average,"No price history or cross-store comparison available; $1.99/each unit price, listed at $3.97.",Cleaning Eraser Pads (2-Pack),Household & Personal,Cleaning Supplies,claude_code,,,,0,,False,,,1,,,False,45.0,80,33,Skip,No price history; Unit price checked $/each
Walmart,RITZ Crackers,2.78,2.78,each,2026-10-01T02:00:00-04:00,2026-10-07T23:59:59-04:00,8158251,,,,True,,False,92.0,🔥 Hot Deal,47% below 6-month avg of $5.20. Best price across 2 stores,Crackers,Snacks,nan,cached,1.97,12.0,4.35,83,59.6,False,36.1,,1,,,False,65.3,100,73,Only if needed,36% below avg $4.35; 83 prior prices
Walmart,iögo nanö drinkable yogurt 24-pack,13.47,13.47,each,2026-10-01T02:00:00-04:00,2026-10-07T23:59:59-04:00,8158251,0.56,$/each,24.0,True,,False,45.0,⚠️ Below Average,"No price history or cross-store comparison available; $0.56/each unit price, listed at $13.47.",Drinkable Yogurt (24-Pack),Dairy & Eggs,Yogurt,claude_code,2.0,15.99,5.05,35,8.6,False,-166.7,,1,,,True,25.0,100,81,Skip,167% above average; 35 prior prices; Unit price checked $/each
Walmart,Lysol multi-surface cleaner,9.97,9.97,each,2026-10-01T02:00:00-04:00,2026-10-07T23:59:59-04:00,8158251,,,,True,,False,50.0,😐 Fair,LOWEST PRICE in 6 months (usually $9.98),Multi-Surface Cleaner,Household & Personal,Cleaning Supplies,cached,2.99,9.97,5.32,6,0.0,False,-87.5,,1,,,False,15.0,100,66,Skip,88% above average; 6 prior prices
Walmart,MERV 8 air filters,16.98,16.98,each,2026-10-01T02:00:00-04:00,2026-10-07T23:59:59-04:00,8158251,,,,True,no_history,False,45.0,⚠️ Below Average,No price history or cross-store comparison available; price shown as listed at $16.98.,Air Filter (MERV 8),Other,General,claude_code,,,,0,,False,,,1,,,False,40.0,80,25,Skip,No price history
Walmart,Armstrong cheese blocks 400 g,4.98,4.98,each,2026-10-01T02:00:00-04:00,2026-10-07T23:59:59-04:00,8158251,12.45,$/kg,400.0,True,,False,45.0,⚠️ Below Average,"No price history or cross-store comparison available; $12.45/kg unit price, listed at $4.98.",Cheese (Block),Dairy & Eggs,Cheese (Block),claude_code,4.98,11.99,9.24,4,75.0,True,46.1,1,2,4.98,Walmart,True,100.0,100,81,Stock up,46% below avg $9.24; Lowest seen; Cheapest of 2 stores
Walmart,Halloween plush,8.48,8.48,each,2026-10-01T02:00:00-04:00,2026-10-07T23:59:59-04:00,8158251,,,,True,,False,45.0,⚠️ Below Average,No price history or cross-store comparison available; price shown as listed at $8.48.,Plush Toy (Halloween),Other,Seasonal,claude_code,7.97,14.97,11.55,7,71.4,False,26.6,,1,,,False,58.6,100,66,Only if needed,27% below avg $11.55; 7 prior prices
Walmart,Fancy Feast cat treats variety pack,6.97,6.97,each,2026-10-01T02:00:00-04:00,2026-10-07T23:59:59-04:00,8158251,,,,True,,False,45.0,⚠️ Below Average,No price history or cross-store comparison available; price shown as listed at $6.97.,Cat Treats (Variety Pack),Household & Personal,Pet Food/Supplies,claude_code,9.44,44.96,17.54,17,100.0,True,60.3,,1,,,False,85.0,100,70,Buy this week,60% below avg $17.54; Lowest seen; 17 prior prices
Walmart,Great Value lawn and leaf bags,6.87,6.87,each,2026-10-01T02:00:00-04:00,2026-10-07T23:59:59-04:00,8158251,,,,True,low_history,False,38.0,⚠️ Below Average,Near average ($6.67),Lawn and Leaf Bags,Household & Personal,nan,cached,6.47,6.87,6.67,2,0.0,False,-3.0,,1,,,False,38.5,90,56,Skip,Only 2 prior prices
Walmart,Your Fresh Market™ whole cremini mushrooms,2.44,2.44,each,2026-10-01T02:00:00-04:00,2026-10-07T23:59:59-04:00,8158251,,,,True,,False,40.0,⚠️ Below Average,Standard pricing (no historical data),Cremini Mushrooms,Produce,nan,cached,1.99,9.67,3.87,50,85.0,False,36.9,,1,,,False,65.8,100,73,Only if needed,37% below avg $3.87; 50 prior prices
Walmart,Your Fresh Market™ Red Delicious apples,4.98,4.98,each,2026-10-01T02:00:00-04:00,2026-10-07T23:59:59-04:00,8158251,,,,True,no_history,False,45.0,⚠️ Below Average,No price history or cross-store comparison available; price shown as listed at $4.98.,Apples (Red Delicious),Produce,Fruit,claude_code,,,,0,,False,,,1,,,True,45.0,80,25,Skip,No price history
Walmart,Window lights,14.98,14.98,each,2026-10-01T02:00:00-04:00,2026-10-07T23:59:59-04:00,8158251,,,,True,no_history,False,45.0,⚠️ Below Average,No price history or cross-store comparison available; price shown as listed at $14.98.,Window Lights (String Lights),Other,Seasonal,claude_code,,,,0,,False,,,1,,,False,40.0,80,25,Skip,No price history
Walmart,Purina Beneful dry dog food,26.97,26.97,each,2026-10-01T02:00:00-04:00,2026-10-07T23:59:59-04:00,8158251,,,,True,,False,15.0,❌ Poor Value,Above average (usually $12.32),Dry Dog Food,Household & Personal,Pet Food/Supplies,cached,6.98,56.99,26.29,66,50.0,False,-2.6,4,5,11.0,No Frills,False,28.7,100,88,Skip,66 prior prices
Walmart,Oasis juice or smoothie drinks,4.46,4.46,each,2026-10-01T02:00:00-04:00,2026-10-07T23:59:59-04:00,8158251,,,,True,,False,45.0,⚠️ Below Average,No price history or cross-store comparison available; price shown as listed at $4.46.,Juice/Smoothie Drink,Beverages,Juice,claude_code,1.44,6.98,3.73,32,28.1,False,-19.7,,1,,,False,30.1,100,73,Skip,20% above average; 32 prior prices
Walmart,RestoraFAST soft chews,14.77,14.77,each,2026-10-01T02:00:00-04:00,2026-10-07T23:59:59-04:00,8158251,,,,True,no_history,False,45.0,⚠️ Below Average,No price history or cross-store comparison available; price shown as listed at $14.77.,Joint Supplement Soft Chews (Pet),Household & Personal,Pet Food/Supplies,claude_code,,,,0,,False,,,1,,,False,40.0,80,25,Skip,No price history
Walmart,Nightmare Before Christmas Halloween tabletop decor,4.97,4.97,each,2026-10-01T02:00:00-04:00,2026-10-07T23:59:59-04:00,8158251,,,,True,no_history,False,45.0,⚠️ Below Average,No price history or cross-store comparison available; price shown as listed at $4.97.,Tabletop Decor (Halloween),Other,Seasonal,claude_code,,,,0,,False,,,1,,,False,40.0,80,25,Skip,No price history
Walmart,Hungry-Man frozen entrees,4.47,4.47,each,2026-10-01T02:00:00-04:00,2026-10-07T23:59:59-04:00,8158251,,,,True,,False,40.0,⚠️ Below Average,Standard pricing (no historical data),Frozen Entrees,Frozen,Meals/Entrees,cached,1.0,7.99,4.2,19,34.2,False,-6.5,,1,,,False,36.8,100,70,Skip,6% above average; 19 prior prices
Walmart,Vileda Punch scrub sponge,5.97,5.97,each,2026-10-01T02:00:00-04:00,2026-10-07T23:59:59-04:00,8158251,,,,True,,False,40.0,⚠️ Below Average,Standard pricing (no historical data),Scrub Sponge,Household & Personal,Cleaning Supplies,cached,3.0,5.97,3.71,7,0.0,False,-61.1,,1,,,False,15.0,100,66,Skip,61% above average; 7 prior prices
Walmart,Dempster's grain bread,2.98,2.98,each,2026-10-01T02:00:00-04:00,2026-10-07T23:59:59-04:00,8158251,,,,True,,False,50.0,😐 Fair,LOWEST PRICE in 6 months (usually $2.98),Bread (Grain),Bakery,Bread,cached,2.47,7.99,3.93,63,86.5,False,24.1,,1,,,True,61.9,100,73,Only if needed,24% below avg $3.93; 63 prior prices
Walmart,La Cocina tortilla chips,3.44,3.44,each,2026-10-01T02:00:00-04:00,2026-10-07T23:59:59-04:00,8158251,,,,True,,False,66.0,😐 Fair,LOWEST PRICE in 6 months (usually $4.49),Tortilla Chips,Snacks,Chips/Pretzels,cached,2.5,12.0,5.44,82,76.8,False,36.8,,1,,,False,65.8,100,73,Only if needed,37% below avg $5.44; 82 prior prices
Walmart,Kids' waterproof ski gloves,10.0,10.0,each,2026-10-01T02:00:00-04:00,2026-10-07T23:59:59-04:00,8158251,,,,True,no_history,False,45.0,⚠️ Below Average,No price history or cross-store comparison available; price shown as listed at $10.00.,"Ski Gloves (Kids, Waterproof)",Other,Seasonal,claude_code,,,,0,,False,,,1,,,False,40.0,80,25,Skip,No price history
Walmart,Tide Simply detergent,11.97,11.97,each,2026-10-01T02:00:00-04:00,2026-10-07T23:59:59-04:00,8158251,,,,True,,False,40.0,⚠️ Below Average,Standard pricing (no historical data),Laundry Detergent,Household & Personal,Laundry,cached,4.97,22.0,12.43,58,50.0,False,3.7,4,11,5.0,No Frills,False,32.6,100,88,Skip,58 prior prices
Walmart,Goldfish crackers,2.48,2.48,each,2026-10-01T02:00:00-04:00,2026-10-07T23:59:59-04:00,8158251,,,,True,,False,92.0,🔥 Hot Deal,47% below 6-month avg of $4.68. Best price across 4 stores,Crackers,Snacks,nan,cached,1.97,12.0,4.35,83,73.5,False,43.0,,1,,,False,70.1,100,73,Compare first,43% below avg $4.35; 83 prior prices
Walmart,Gain laundry detergent,13.97,13.97,each,2026-10-01T02:00:00-04:00,2026-10-07T23:59:59-04:00,8158251,,,,True,,False,50.0,😐 Fair,LOWEST PRICE in 6 months (usually $13.97),Laundry Detergent,Household & Personal,nan,cached,4.97,22.0,12.43,58,36.2,False,-12.4,9,11,5.0,No Frills,False,23.8,100,88,Skip,12% above average; 58 prior prices
Walmart,Fantino & Mondello Italian charcuterie meats,5.97,5.97,each,2026-10-01T02:00:00-04:00,2026-10-07T23:59:59-04:00,8158251,,,,True,,False,45.0,⚠️ Below Average,No price history or cross-store comparison available; price shown as listed at $5.97.,Charcuterie Meats (Italian Assorted),Other,Deli (Prepared),claude_code,5.97,7.99,7.24,4,75.0,True,17.5,,1,,,False,62.2,100,62,Only if needed,18% below avg $7.24; Lowest seen; 4 prior prices
Walmart,Schneiders Pepperettes,6.97,6.97,each,2026-10-01T02:00:00-04:00,2026-10-07T23:59:59-04:00,8158251,,,,True,,False,52.0,😐 Fair,17% below 6-month avg of $8.42,Pepperettes,Pork,Sausage (Fresh),cached,7.0,10.99,8.49,8,100.0,True,17.9,,1,,,False,62.5,100,66,Only if needed,18% below avg $8.49; Lowest seen; 8 prior prices
Walmart,Always Flexfoam pads,10.98,10.98,each,2026-10-01T02:00:00-04:00,2026-10-07T23:59:59-04:00,8158251,,,,True,,False,45.0,⚠️ Below Average,Slightly below avg ($11.98),Pads,Household & Personal,nan,cached,2.79,18.99,12.5,23,65.2,False,12.1,,1,,,False,48.5,100,73,Skip,12% below avg $12.50; 23 prior prices
Walmart,Nestlé snack-size bars,2.37,2.37,each,2026-10-01T02:00:00-04:00,2026-10-07T23:59:59-04:00,8158251,,,,True,,False,45.0,⚠️ Below Average,No historical or cross-store price data available; priced at $2.37 each.,Chocolate Bars (Snack-Size),Snacks,Candy/Chocolate,claude_code,1.0,9.99,3.23,20,90.0,False,26.6,,1,,,False,58.6,100,73,Only if needed,27% below avg $3.23; 20 prior prices
Walmart,Lou's Kitchen fully cooked pork back ribs,9.97,9.97,each,2026-10-01T02:00:00-04:00,2026-10-07T23:59:59-04:00,8158251,,,,True,,False,50.0,😐 Fair,LOWEST PRICE in 6 months (usually $9.98),Lou's Kitchen Pork Ribs,Pork,Ribs,cached,7.57,14.99,11.25,16,75.0,False,11.4,,1,,,False,48.0,100,70,Skip,11% below avg $11.25; 16 prior prices
Walmart,Orville Redenbacher 492 g or Angie's BoomChickaPop 136 g popcorn,3.97,3.97,each,2026-10-01T02:00:00-04:00,2026-10-07T23:59:59-04:00,8158251,8.07,$/kg,492.0,True,,False,45.0,⚠️ Below Average,No historical or cross-store price data available; $3.97 ($8.07/kg).,Popcorn,Snacks,Chips/Pretzels,claude_code,15.15,36.0,24.15,9,100.0,True,66.6,1,2,8.07,Walmart,False,100.0,100,85,Stock up,67% below avg $24.15; Lowest seen; Cheapest of 2 stores
Walmart,Bounty paper towels,16.98,16.98,each,2026-10-01T02:00:00-04:00,2026-10-07T23:59:59-04:00,8158251,,,,True,,False,32.0,⚠️ Below Average,Above average (usually $14.81),Paper Towels,Household & Personal,Paper Products,cached,2.99,24.99,10.87,33,18.2,False,-56.2,2,2,12.0,No Frills,False,25.0,100,84,Skip,56% above average; #2 of 2 stores; 33 prior prices
Walmart,Full synthetic motor oil,34.88,34.88,each,2026-10-01T02:00:00-04:00,2026-10-07T23:59:59-04:00,8158251,,,,True,,False,63.0,😐 Fair,LOWEST PRICE in 6 months (usually $42.94),Synthetic Motor Oil,Automotive,nan,cached,24.88,54.88,39.29,20,77.5,False,11.2,,1,,,False,47.8,100,73,Skip,11% below avg $39.29; 20 prior prices
Walmart,Pepsi,7.47,7.47,each,2026-10-01T02:00:00-04:00,2026-10-07T23:59:59-04:00,8158251,,,,True,,False,48.0,⚠️ Below Average,Near average ($7.23). $3.49 at Real Canadian Superstore,Soda (Cola),Beverages,Soda/Pop,cached,3.97,13.97,9.84,4,50.0,False,24.1,,1,,,False,56.9,100,62,Only if needed,24% below avg $9.84; 4 prior prices
Walmart,International Delight coffee creamer 425 mL,2.97,2.97,each,2026-10-01T02:00:00-04:00,2026-10-07T23:59:59-04:00,8158251,6.99,$/L,425.0,True,,False,67.0,😐 Fair,39% below 6-month avg of $4.88,Coffee Creamer,Dairy & Eggs,Cream,cached,4.99,8.44,6.8,6,33.3,False,-2.7,3,3,4.76,Real Canadian Superstore,True,53.6,100,89,Only if needed,#3 of 3 stores; 6 prior prices; Unit price checked $/L
Walmart,Suave body wash 532 mL or antiperspirant 74 g,3.97,3.97,each,2026-10-01T02:00:00-04:00,2026-10-07T23:59:59-04:00,8158251,53.65,$/kg,74.0,True,,False,45.0,⚠️ Below Average,No historical or cross-store price data available; $3.97 ($53.65/kg).,Body Wash,Household & Personal,Personal Care,claude_code,5.56,86.54,32.81,17,29.4,False,-63.5,1,6,3.97,Walmart,False,40.0,100,93,Skip,64% above average; Cheapest of 6 stores; 17 prior prices
Walmart,Ocean Spray cranberry sauce,1.57,1.57,each,2026-10-01T02:00:00-04:00,2026-10-07T23:59:59-04:00,8158251,,,,True,,False,60.0,😐 Fair,Best price across 3 stores,Cranberry Sauce,Pantry,Condiments,cached,3.5,8.99,5.75,22,100.0,True,72.7,,1,,,False,85.0,100,73,Buy this week,73% below avg $5.75; Lowest seen; 22 prior prices
Walmart,Club House gravy mixes,0.98,0.98,each,2026-10-01T02:00:00-04:00,2026-10-07T23:59:59-04:00,8158251,,,,True,,False,60.0,😐 Fair,Best price across 2 stores,Gravy Mix,Pantry,nan,cached,0.98,2.49,1.42,8,81.2,True,30.8,,1,,,False,71.6,100,66,Compare first,31% below avg $1.42; Lowest seen; 8 prior prices
Walmart,Your Fresh Market™ muffins,5.78,5.78,each,2026-10-01T02:00:00-04:00,2026-10-07T23:59:59-04:00,8158251,,,,True,,False,54.0,😐 Fair,5% below avg of $6.11 and matches the historical low of $5.78 (n=4).,Muffins,Bakery,Bagels/Muffins,claude_code,5.5,9.99,6.71,17,82.4,False,13.8,1,3,5.78,Walmart,False,69.7,100,85,Only if needed,14% below avg $6.71; Cheapest of 3 stores; 17 prior prices
Walmart,Scotties 2-ply facial tissue,19.97,19.97,each,2026-10-01T02:00:00-04:00,2026-10-07T23:59:59-04:00,8158251,,,,True,,False,45.0,⚠️ Below Average,No historical or cross-store price data available; priced at $19.97.,Facial Tissue,Household & Personal,Paper Products,claude_code,5.99,19.97,12.12,15,0.0,False,-64.8,2,2,6.99,Real Canadian Superstore,False,25.0,100,81,Skip,65% above average; #2 of 2 stores; 15 prior prices
Walmart,Your Fresh Market™ apple turnover 8-pack,5.94,5.94,each,2026-10-01T02:00:00-04:00,2026-10-07T23:59:59-04:00,8158251,0.74,$/each,8.0,True,,False,45.0,⚠️ Below Average,No historical or cross-store price data available; $5.94 ($0.74/each).,Apple Turnovers,Bakery,Pastries/Donuts,claude_code,3.99,5.94,4.96,4,12.5,False,-19.6,,1,,,False,35.2,100,70,Skip,20% above average; 4 prior prices; Unit price checked $/each
Walmart,Friskies Party Mix crunch cat treats,2.27,2.27,each,2026-10-01T02:00:00-04:00,2026-10-07T23:59:59-04:00,8158251,,,,True,,False,45.0,⚠️ Below Average,No historical or cross-store price data available; priced at $2.27.,Cat Treats (Crunch),Household & Personal,Pet Food/Supplies,claude_code,6.0,7.49,6.75,3,100.0,True,66.4,,1,,,False,85.0,100,62,Buy this week,66% below avg $6.75; Lowest seen; 3 prior prices
Walmart,Licensed greeters,32.98,32.98,each,2026-10-01T02:00:00-04:00,2026-10-07T23:59:59-04:00,8158251,,,,True,no_history,False,45.0,⚠️ Below Average,No historical or cross-store price data available; priced at $32.98.,Licensed Halloween Greeter,Other,Seasonal,claude_code,,,,0,,False,,,1,,,False,40.0,80,25,Skip,No price history
Walmart,Dove antiperspirant,7.86,7.86,each,2026-10-01T02:00:00-04:00,2026-10-07T23:59:59-04:00,8158251,,,,True,,False,40.0,⚠️ Below Average,Standard pricing (no historical data),Antiperspirant,Household & Personal,nan,cached,4.88,8.96,7.26,8,12.5,False,-8.2,,1,,,False,35.9,100,66,Skip,8% above average; 8 prior prices
Walmart,One Paw dog Halloween costumes,16.97,16.97,each,2026-10-01T02:00:00-04:00,2026-10-07T23:59:59-04:00,8158251,,,,True,,False,45.0,⚠️ Below Average,No historical or cross-store price data available; priced at $16.97.,Dog Halloween Costume,Household & Personal,Pet Food/Supplies,claude_code,9.98,79.98,29.14,12,58.3,False,41.8,,1,,,False,69.3,100,70,Only if needed,42% below avg $29.14; 12 prior prices
Walmart,Whiskas Paté wet cat food variety pack,13.98,13.98,each,2026-10-01T02:00:00-04:00,2026-10-07T23:59:59-04:00,8158251,,,,True,,False,45.0,⚠️ Below Average,No historical or cross-store price data available; priced at $13.98.,"Wet Cat Food (Pâté, Variety Pack)",Household & Personal,Pet Food/Supplies,claude_code,9.44,24.98,17.16,11,72.7,False,18.5,,1,,,False,53.0,100,70,Only if needed,18% below avg $17.16; 11 prior prices
Walmart,Kids' licensed winter hat set,14.0,14.0,each,2026-10-01T02:00:00-04:00,2026-10-07T23:59:59-04:00,8158251,,,,True,no_history,False,45.0,⚠️ Below Average,No historical or cross-store price data available; priced at $14.00.,Kids' Winter Hat Set,Other,General,claude_code,,,,0,,False,,,1,,,False,40.0,80,25,Skip,No price history
Walmart,Raspberries,2.84,2.84,each,2026-10-01T02:00:00-04:00,2026-10-07T23:59:59-04:00,8158251,,,,True,,False,90.0,🔥 Hot Deal,43% below avg of $5.02 and the best price among 4 stores at $2.84 (n=59).,Raspberries,Produce,Fruit,claude_code,2.49,8.99,5.19,38,86.8,False,45.3,1,3,2.84,Walmart,False,91.7,100,88,Stock up,45% below avg $5.19; Cheapest of 3 stores; 38 prior prices
Walmart,McCafé K-Cup 30s,22.86,22.86,each,2026-10-01T02:00:00-04:00,2026-10-07T23:59:59-04:00,8158251,,,,True,,False,40.0,⚠️ Below Average,Standard pricing (no historical data),K-Cup Coffee Pods,Beverages,Coffee,cached,22.86,25.99,23.96,5,80.0,True,4.6,,1,,,False,53.2,100,66,Only if needed,Lowest seen; 5 prior prices
Walmart,Furlani garlic toast,4.48,4.48,each,2026-10-01T02:00:00-04:00,2026-10-07T23:59:59-04:00,8158251,,,,True,,False,79.0,✅ Good Buy,LOWEST PRICE in 6 months (usually $5.19). Best price across 2 stores,Garlic Toast,Frozen,nan,cached,3.5,5.49,4.66,3,66.7,False,3.9,1,2,4.48,Walmart,False,62.7,100,73,Only if needed,Cheapest of 2 stores; 3 prior prices
Walmart,"Ziploc snack, sandwich or freezer bags",4.48,4.48,each,2026-10-01T02:00:00-04:00,2026-10-07T23:59:59-04:00,8158251,,,,True,,False,50.0,😐 Fair,LOWEST PRICE in 6 months (usually $4.48),Storage Bags,Household & Personal,nan,cached,2.0,12.96,7.14,5,40.0,False,37.3,1,2,4.48,Walmart,False,86.1,100,77,Buy this week,37% below avg $7.14; Cheapest of 2 stores; 5 prior prices
Walmart,L'Oréal Paris Hair Expertise shampoo or conditioner,5.98,5.98,each,2026-10-01T02:00:00-04:00,2026-10-07T23:59:59-04:00,8158251,,,,True,,False,76.0,✅ Good Buy,LOWEST PRICE in 6 months (usually $9.57),Shampoo,Household & Personal,Personal Care,cached,2.75,23.99,8.13,81,67.9,False,26.4,,1,,,False,58.5,100,73,Only if needed,26% below avg $8.13; 81 prior prices
Walmart,4-qt. triple slow cooker,69.97,69.97,each,2026-10-01T02:00:00-04:00,2026-10-07T23:59:59-04:00,8158251,,,,True,no_history,False,45.0,⚠️ Below Average,No historical or cross-store price data available; priced at $69.97.,Slow Cooker (4-qt Triple),Other,General,claude_code,,,,0,,False,,,1,,,False,40.0,80,25,Skip,No price history
Walmart,Set of 3 6ft animated witches,299.0,299.0,each,2026-10-01T02:00:00-04:00,2026-10-07T23:59:59-04:00,8158251,,,,True,no_history,False,45.0,⚠️ Below Average,No historical or cross-store price data available; priced at $299.00.,"Animated Witches Decoration (Set of 3, 6ft)",Other,Seasonal,claude_code,,,,0,,False,,,1,,,False,40.0,80,25,Skip,No price history
Walmart,Method all purpose cleaner,4.97,4.97,each,2026-10-01T02:00:00-04:00,2026-10-07T23:59:59-04:00,8158251,,,,True,,False,40.0,⚠️ Below Average,Standard pricing (no historical data),All Purpose Cleaner,Household & Personal,Cleaning Supplies,cached,4.0,11.0,6.59,5,40.0,False,24.6,,1,,,False,57.2,100,66,Only if needed,25% below avg $6.59; 5 prior prices
Walmart,"Your Fresh Market™ 9"" – 10"" pies",5.94,5.94,each,2026-10-01T02:00:00-04:00,2026-10-07T23:59:59-04:00,8158251,,,,True,no_history,False,45.0,⚠️ Below Average,No historical or cross-store price data available; priced at $5.94.,Pie (9-10 inch),Bakery,Desserts/Cakes,claude_code,,,,0,,False,,,1,,,False,40.0,80,25,Skip,No price history
Walmart,Green Giant canned vegetables,1.67,1.67,each,2026-10-01T02:00:00-04:00,2026-10-07T23:59:59-04:00,8158251,,,,True,,False,95.0,🔥 Hot Deal,73% below 6-month avg of $6.09. Best price across 2 stores,Canned Vegetables,Pantry,Canned Goods,cached,1.37,17.99,6.17,8,87.5,False,72.9,1,3,1.67,Walmart,False,95.0,100,81,Stock up,73% below avg $6.17; Cheapest of 3 stores; 8 prior prices
Walmart,Your Fresh Market™ russet potatoes or yellow onions,4.24,4.24,each,2026-10-01T02:00:00-04:00,2026-10-07T23:59:59-04:00,8158251,,,,True,,False,45.0,⚠️ Below Average,No historical or cross-store price data available; priced at $4.24.,Potatoes (Russet),Produce,Vegetables,claude_code,3.99,8.48,5.41,10,60.0,False,21.7,1,2,4.24,Walmart,True,80.2,100,81,Buy this week,22% below avg $5.41; Cheapest of 2 stores; 10 prior prices
Walmart,Great Value whipped topping 1 L,2.97,2.97,each,2026-10-01T02:00:00-04:00,2026-10-07T23:59:59-04:00,8158251,2.97,$/L,1000.0,True,low_history,False,40.0,⚠️ Below Average,Standard pricing (no historical data),Whipped Topping,Dairy & Eggs,nan,cached,2.97,2.97,2.97,2,25.0,True,0.0,1,5,2.97,Walmart,False,75.0,90,79,Compare first,Lowest seen; Cheapest of 5 stores; Only 2 prior prices
Walmart,Farm Girl cake mixes,11.47,11.47,each,2026-10-01T02:00:00-04:00,2026-10-07T23:59:59-04:00,8158251,,,,True,,False,45.0,⚠️ Below Average,No historical or cross-store price data available; priced at $11.47.,Cake Mix,Pantry,Baking Supplies,claude_code,1.89,5.0,3.29,8,0.0,False,-248.4,3,3,1.87,Walmart,False,20.0,100,81,Skip,248% above average; #3 of 3 stores; 8 prior prices
Walmart,Campbell's broth,1.47,1.47,each,2026-10-01T02:00:00-04:00,2026-10-07T23:59:59-04:00,8158251,,,,True,,False,95.0,🔥 Hot Deal,54% below 6-month avg of $3.17. Best price across 2 stores,Broth,Pantry,Soups & Broths,cached,1.25,9.99,3.8,24,91.7,False,61.3,1,7,1.47,Walmart,False,95.0,100,88,Stock up,61% below avg $3.80; Cheapest of 7 stores; 24 prior prices
Walmart,Halloween decor,12.98,12.98,each,2026-10-01T02:00:00-04:00,2026-10-07T23:59:59-04:00,8158251,,,,True,,False,88.0,🔥 Hot Deal,"68% below avg of $40.99 (n=2), though sample size is small.",Halloween Decor,Other,Seasonal,claude_code,2.0,79.98,21.74,4,25.0,False,40.3,2,2,2.5,Real Canadian Superstore,False,78.2,100,73,Buy this week,40% below avg $21.74; #2 of 2 stores; 4 prior prices
Walmart,Kotex ultra thin pads and liners,10.97,10.97,each,2026-10-01T02:00:00-04:00,2026-10-07T23:59:59-04:00,8158251,,,,True,low_history,False,45.0,⚠️ Below Average,No historical or cross-store price data available; priced at $10.97.,Pads and Liners (Ultra Thin),Household & Personal,Personal Care,claude_code,10.97,17.97,14.47,2,50.0,True,24.2,,1,,,False,66.9,90,56,Only if needed,24% below avg $14.47; Lowest seen; Only 2 prior prices
Walmart,Halloween plush,26.98,26.98,each,2026-10-01T02:00:00-04:00,2026-10-07T23:59:59-04:00,8158251,,,,True,no_history,False,45.0,⚠️ Below Average,No historical or cross-store price data available; priced at $26.98.,Halloween Plush,Other,Seasonal,claude_code,,,,0,,False,,,1,,,False,40.0,80,25,Skip,No price history
Walmart,Your Fresh Market™ deli salads,3.27,3.27,each,2026-10-01T02:00:00-04:00,2026-10-07T23:59:59-04:00,8158251,,,,True,,False,64.0,😐 Fair,21% below avg of $4.12 and matches the historical low of $3.27 (n=2).,Deli Salad,Other,Deli (Prepared),claude_code,2.98,4.96,3.76,7,50.0,False,13.1,,1,,,False,49.2,100,66,Skip,13% below avg $3.76; 7 prior prices
Walmart,Pampers value pack Swaddlers or Cruisers 360° diapers,44.94,44.94,each,2026-10-01T02:00:00-04:00,2026-10-07T23:59:59-04:00,8158251,,,,True,,False,45.0,⚠️ Below Average,No historical or cross-store price data available; priced at $44.94.,Diapers (Value Pack),Household & Personal,Baby,claude_code,27.0,49.0,39.13,29,44.8,False,-14.8,,1,,,False,32.6,100,73,Skip,15% above average; 29 prior prices
Walmart,Listerine Total Care mouthwash,10.48,10.48,each,2026-10-01T02:00:00-04:00,2026-10-07T23:59:59-04:00,8158251,,,,True,,False,25.0,❌ Poor Value,Above average (usually $8.16),Mouthwash,Household & Personal,nan,cached,3.98,10.99,6.83,39,5.1,False,-53.4,3,3,6.5,Real Canadian Superstore,False,20.0,100,88,Skip,53% above average; #3 of 3 stores; 39 prior prices
Walmart,Senso instant cardamom chai latte mix,5.47,5.47,each,2026-10-01T02:00:00-04:00,2026-10-07T23:59:59-04:00,8158251,,,,True,no_history,False,45.0,⚠️ Below Average,No historical or cross-store price data available; priced at $5.47.,"Chai Latte Mix (Instant, Cardamom)",Beverages,Tea,claude_code,,,,0,,False,,,1,,,False,40.0,80,25,Skip,No price history
Walmart,MAXX car battery,189.0,189.0,each,2026-10-01T02:00:00-04:00,2026-10-07T23:59:59-04:00,8158251,,,,True,no_history,False,45.0,⚠️ Below Average,No historical or cross-store price data available; priced at $189.00.,Car Battery,Other,Automotive,claude_code,,,,0,,False,,,1,,,False,40.0,80,25,Skip,No price history
Walmart,Equate high protein meal replacement shakes,10.97,10.97,each,2026-10-01T02:00:00-04:00,2026-10-07T23:59:59-04:00,8158251,,,,True,,False,66.0,😐 Fair,LOWEST PRICE in 6 months (usually $14.47),High Protein Shakes,Household & Personal,Health/Pharmacy,cached,10.97,24.97,14.47,4,50.0,True,24.2,,1,,,False,66.9,100,62,Only if needed,24% below avg $14.47; Lowest seen; 4 prior prices
Walmart,Vileda H2prO flat mop and bucket system for multi-surface floor cleaning,49.96,49.96,each,2026-10-01T02:00:00-04:00,2026-10-07T23:59:59-04:00,8158251,,,,True,low_history,False,40.0,⚠️ Below Average,Standard pricing (no historical data),Flat Mop and Bucket System,Household & Personal,Cleaning Supplies,cached,49.96,54.97,52.46,2,50.0,True,4.8,,1,,,False,53.4,90,56,Only if needed,Lowest seen; Only 2 prior prices
Walmart,Halloween lighting,12.88,12.88,each,2026-10-01T02:00:00-04:00,2026-10-07T23:59:59-04:00,8158251,,,,True,no_history,False,45.0,⚠️ Below Average,No historical or cross-store price data available; priced at $12.88.,Halloween Lighting,Other,Seasonal,claude_code,,,,0,,False,,,1,,,False,40.0,80,25,Skip,No price history
Walmart,Lijjat jeera papad,2.24,2.24,each,2026-10-01T02:00:00-04:00,2026-10-07T23:59:59-04:00,8158251,,,,True,no_history,False,45.0,⚠️ Below Average,No historical or cross-store price data available; priced at $2.24.,Papad (Jeera),Snacks,Crackers,claude_code,,,,0,,False,,,1,,,False,40.0,80,25,Skip,No price history
Walmart,Tim Hortons ground coffee 30s,22.86,22.86,each,2026-10-01T02:00:00-04:00,2026-10-07T23:59:59-04:00,8158251,,,,True,,False,45.0,⚠️ Below Average,No historical or cross-store price data available; priced at $22.86.,Ground Coffee,Beverages,Coffee,claude_code,4.99,30.99,16.93,41,25.6,False,-35.0,,1,,,True,27.5,100,73,Skip,35% above average; 41 prior prices
Walmart,Your Fresh Market™ whole white,2.44,2.44,each,2026-10-01T02:00:00-04:00,2026-10-07T23:59:59-04:00,8158251,,,,True,,False,50.0,😐 Fair,LOWEST PRICE in 6 months (usually $2.44),Whole White,Bakery,Bread,cached,1.94,27.16,6.15,195,94.6,False,60.4,,1,,,False,75.0,100,73,Compare first,60% below avg $6.15; 195 prior prices
Walmart,Swiss Chalet pie,8.98,8.98,each,2026-10-01T02:00:00-04:00,2026-10-07T23:59:59-04:00,8158251,,,,True,,False,36.0,⚠️ Below Average,"6% above avg of $8.48, at the historical high of $8.98 (n=2).",Pie (Swiss Chalet),Bakery,Desserts/Cakes,claude_code,1.0,10.99,8.73,12,50.0,False,-2.9,,1,,,False,38.5,100,70,Skip,12 prior prices
Walmart,Pillsbury cinnamon rolls,2.78,2.78,each,2026-10-01T02:00:00-04:00,2026-10-07T23:59:59-04:00,8158251,,,,True,,False,45.0,⚠️ Below Average,No historical or cross-store price data available; priced at $2.78.,Cinnamon Rolls,Bakery,Pastries/Donuts,claude_code,1.74,8.99,5.18,19,73.7,False,46.3,1,2,2.78,Walmart,False,92.4,100,81,Stock up,46% below avg $5.18; Cheapest of 2 stores; 19 prior prices
Walmart,Colgate Optic White Advanced 133 mL or Sensitive Pro-Relief 120 mL toothpaste or kids' or SlimSoft 2-pack or Extra Clean 6-pack toothbrushes,6.97,6.97,each,2026-10-01T02:00:00-04:00,2026-10-07T23:59:59-04:00,8158251,52.41,$/L,133.0,True,no_history,False,45.0,⚠️ Below Average,No historical or cross-store price data available; $6.97 ($52.41/L).,Toothpaste (Optic White Advanced),Household & Personal,Personal Care,claude_code,,,,0,,False,,,1,,,False,45.0,80,33,Skip,No price history; Unit price checked $/L
Walmart,Bulk Ambrosia apples,1.28,1.28,each,2026-10-01T02:00:00-04:00,2026-10-07T23:59:59-04:00,8158251,,,,True,,False,40.0,⚠️ Below Average,Standard pricing (no historical data),Apples (Ambrosia),Produce,Fruit,cached,1.29,7.99,4.16,14,100.0,True,69.2,,1,,,True,90.0,100,70,Buy this week,69% below avg $4.16; Lowest seen; 14 prior prices
Walmart,Women's cozy knit hat,14.0,14.0,each,2026-10-01T02:00:00-04:00,2026-10-07T23:59:59-04:00,8158251,,,,True,no_history,False,45.0,⚠️ Below Average,No historical or cross-store price data available; priced at $14.00.,Women's Knit Hat,Other,General,claude_code,,,,0,,False,,,1,,,False,40.0,80,25,Skip,No price history
Walmart,Adults' leather Chelsea boots,59.0,59.0,each,2026-10-01T02:00:00-04:00,2026-10-07T23:59:59-04:00,8158251,,,,True,no_history,False,45.0,⚠️ Below Average,No historical or cross-store price data available; priced at $59.00.,Leather Chelsea Boots,Other,General,claude_code,,,,0,,False,,,1,,,False,40.0,80,25,Skip,No price history
Walmart,Amul gulab jamun,6.24,6.24,each,2026-10-01T02:00:00-04:00,2026-10-07T23:59:59-04:00,8158251,,,,True,,False,45.0,⚠️ Below Average,No historical or cross-store price data available; priced at $6.24.,Gulab Jamun,Bakery,Desserts/Cakes,claude_code,4.24,7.47,5.9,3,33.3,False,-5.7,,1,,,False,37.1,100,62,Skip,6% above average; 3 prior prices
Walmart,7' Reaper with Lantern animatronic,236.0,236.0,each,2026-10-01T02:00:00-04:00,2026-10-07T23:59:59-04:00,8158251,,,,True,no_history,False,45.0,⚠️ Below Average,No historical or cross-store price data available; priced at $236.00.,Animatronic Reaper with Lantern (7ft),Other,Seasonal,claude_code,,,,0,,False,,,1,,,False,40.0,80,25,Skip,No price history
Walmart,Tata tea,7.98,7.98,each,2026-10-01T02:00:00-04:00,2026-10-07T23:59:59-04:00,8158251,,,,True,,False,35.0,⚠️ Below Average,"7% above avg of $7.49, near the historical high of $7.99 (n=2).",Tea,Beverages,Tea,claude_code,3.0,8.0,5.29,30,13.3,False,-50.9,,1,,,False,15.0,100,73,Skip,51% above average; 30 prior prices
Walmart,Guava,4.28,4.28,each,2026-10-01T02:00:00-04:00,2026-10-07T23:59:59-04:00,8158251,,,,True,,False,42.0,⚠️ Below Average,3% below avg of $4.40 based on 27 historical price points.,Guava,Produce,Fruit,claude_code,3.99,4.88,4.19,6,16.7,False,-2.1,,1,,,False,39.0,100,66,Skip,6 prior prices
Walmart,Sitara white roti,3.77,3.77,each,2026-10-01T02:00:00-04:00,2026-10-07T23:59:59-04:00,8158251,,,,True,no_history,False,45.0,⚠️ Below Average,No historical or cross-store price data available; priced at $3.77.,White Roti,Bakery,Bread,claude_code,,,,0,,False,,,1,,,False,40.0,80,25,Skip,No price history
Walmart,Sitara beans or peas,5.38,5.38,each,2026-10-01T02:00:00-04:00,2026-10-07T23:59:59-04:00,8158251,,,,True,,False,40.0,⚠️ Below Average,Standard pricing (no historical data),Beans,Pantry,Pasta/Grains,cached,1.27,17.99,4.22,20,25.0,False,-27.6,4,4,1.27,No Frills,False,16.2,100,88,Skip,28% above average; 20 prior prices
Walmart,Your Fresh Market™ butter croissants,5.94,5.94,each,2026-10-01T02:00:00-04:00,2026-10-07T23:59:59-04:00,8158251,,,,True,,False,45.0,⚠️ Below Average,No historical or cross-store price data available; priced at $5.94.,Butter Croissants,Bakery,Pastries/Donuts,claude_code,5.0,7.0,6.0,6,50.0,False,1.0,,1,,,True,45.7,100,66,Skip,6 prior prices
Walmart,Your Fresh Market™ mandarins,4.44,4.44,each,2026-10-01T02:00:00-04:00,2026-10-07T23:59:59-04:00,8158251,,,,True,,False,45.0,⚠️ Below Average,No historical or cross-store price data available; priced at $4.44.,Mandarins,Produce,Fruit,claude_code,2.49,7.99,5.99,11,81.8,False,25.9,3,4,1.69,Sobeys,False,63.1,100,85,Only if needed,26% below avg $5.99; #3 of 4 stores; 11 prior prices
Walmart,Poseable skeleton decoration,19.98,19.98,each,2026-10-01T02:00:00-04:00,2026-10-07T23:59:59-04:00,8158251,,,,True,no_history,False,45.0,⚠️ Below Average,No historical or cross-store price data available; priced at $19.98.,Poseable Skeleton Decoration,Other,Seasonal,claude_code,,,,0,,False,,,1,,,False,40.0,80,25,Skip,No price history
Walmart,Mitchell's thick-sliced or maple flavoured bacon,9.97,9.97,each,2026-10-01T02:00:00-04:00,2026-10-07T23:59:59-04:00,8158251,,,,True,no_history,False,45.0,⚠️ Below Average,No price history available for comparison; priced at $9.97.,Bacon (Thick-Sliced),Pork,Bacon,claude_code,,,,0,,False,,,1,,,True,45.0,80,25,Skip,No price history
Walmart,Cheez-It crackers,1.97,1.97,each,2026-10-01T02:00:00-04:00,2026-10-07T23:59:59-04:00,8158251,,,,True,,False,75.0,✅ Good Buy,LOWEST PRICE in 6 months (usually $3.13),Crackers,Snacks,Crackers,cached,1.97,12.0,4.35,83,95.8,True,54.7,,1,,,False,85.0,100,73,Buy this week,55% below avg $4.35; Lowest seen; 83 prior prices
Walmart,White cauliflower,3.44,3.44,each,2026-10-01T02:00:00-04:00,2026-10-07T23:59:59-04:00,8158251,,,,True,,False,56.0,😐 Fair,LOWEST PRICE in 6 months (usually $3.77),Cauliflower (White),Produce,Vegetables,cached,3.44,4.44,3.77,4,62.5,True,8.8,,1,,,False,56.2,100,62,Only if needed,9% below avg $3.77; Lowest seen; 4 prior prices
Walmart,Bakeware,7.97,7.97,each,2026-10-01T02:00:00-04:00,2026-10-07T23:59:59-04:00,8158251,,,,True,,False,52.0,😐 Fair,"16.6% below avg of $9.56 across 16 observations ($5.00-$18.00 range), though not at the historic low.",Bakeware,Other,General,claude_code,5.0,18.0,9.56,16,50.0,False,16.7,,1,,,False,51.7,100,70,Only if needed,17% below avg $9.56; 16 prior prices
Walmart,Kid's costumes,19.98,19.98,each,2026-10-01T02:00:00-04:00,2026-10-07T23:59:59-04:00,8158251,,,,True,no_history,False,45.0,⚠️ Below Average,No price history available for comparison; priced at $19.98.,Costumes (Kids),Other,Seasonal,claude_code,,,,0,,False,,,1,,,False,40.0,80,25,Skip,No price history
Walmart,60W A19 LED bulbs,8.98,8.98,each,2026-10-01T02:00:00-04:00,2026-10-07T23:59:59-04:00,8158251,,,,True,low_history,False,45.0,⚠️ Below Average,No price history available for comparison; priced at $8.98.,LED Bulbs (60W A19),Other,General,claude_code,4.0,9.99,7.0,2,50.0,False,-28.4,,1,,,False,25.8,90,56,Skip,28% above average; Only 2 prior prices
Walmart,Air Wick scented oil refills,10.97,10.97,each,2026-10-01T02:00:00-04:00,2026-10-07T23:59:59-04:00,8158251,,,,True,,False,54.0,😐 Fair,LOWEST PRICE in 6 months (usually $11.72),Scented Oil Refills,Household & Personal,Cleaning Supplies,cached,10.97,12.47,11.97,3,66.7,True,8.4,,1,,,False,55.9,100,62,Only if needed,8% below avg $11.97; Lowest seen; 3 prior prices
Walmart,Bounce sheets,5.97,5.97,each,2026-10-01T02:00:00-04:00,2026-10-07T23:59:59-04:00,8158251,,,,True,,False,62.0,😐 Fair,32% below 6-month avg of $8.79,Dryer Sheets,Household & Personal,Laundry,cached,4.97,9.99,7.31,6,58.3,False,18.3,,1,,,False,52.8,100,66,Only if needed,18% below avg $7.31; 6 prior prices
Walmart,Glade scented 3-wick candle or PlugIns Scented Oil Plus air freshener starter kit,8.97,8.97,each,2026-10-01T02:00:00-04:00,2026-10-07T23:59:59-04:00,8158251,,,,True,,False,40.0,⚠️ Below Average,Standard pricing (no historical data),Scented Candle (3-Wick),Household & Personal,Cleaning Supplies,cached,3.97,8.97,6.47,4,12.5,False,-38.6,,1,,,False,20.7,100,62,Skip,39% above average; 4 prior prices
Walmart,Heavy duty deep tray car floor mats,30.98,30.98,each,2026-10-01T02:00:00-04:00,2026-10-07T23:59:59-04:00,8158251,,,,True,no_history,False,45.0,⚠️ Below Average,No price history available for comparison; priced at $30.98.,Car Floor Mats (Deep Tray),Other,Automotive,claude_code,,,,0,,False,,,1,,,False,40.0,80,25,Skip,No price history
Walmart,Guillotine trimmer,30.0,30.0,each,2026-10-01T02:00:00-04:00,2026-10-07T23:59:59-04:00,8158251,,,,True,no_history,False,45.0,⚠️ Below Average,No price history available for comparison; priced at $30.00.,Guillotine Trimmer,Other,General,claude_code,,,,0,,False,,,1,,,False,40.0,80,25,Skip,No price history
Walmart,Dawn dish soap,11.97,11.97,each,2026-10-01T02:00:00-04:00,2026-10-07T23:59:59-04:00,8158251,,,,True,,False,15.0,❌ Poor Value,Above average (usually $7.11),Dish Soap,Household & Personal,nan,cached,1.97,11.97,5.18,17,0.0,False,-131.3,2,2,5.99,Save-On-Foods,False,25.0,100,81,Skip,131% above average; #2 of 2 stores; 17 prior prices
Walmart,Advil Liqui-Gels,13.83,13.83,each,2026-10-01T02:00:00-04:00,2026-10-07T23:59:59-04:00,8158251,,,,True,,False,55.0,😐 Fair,22% below 6-month avg of $17.72,Liqui-Gels,Health/Pharmacy,Health/Pharmacy,cached,10.37,23.99,16.67,11,68.2,False,17.0,,1,,,False,51.9,100,70,Only if needed,17% below avg $16.67; 11 prior prices
Walmart,Cantaloupes,4.97,4.97,each,2026-10-01T02:00:00-04:00,2026-10-07T23:59:59-04:00,8158251,,,,True,,False,28.0,❌ Poor Value,17% above avg of $4.24 and sitting at the historic max of $4.97 over 7 observations.,Cantaloupe,Produce,Fruit,claude_code,1.49,4.99,4.05,11,54.5,False,-22.8,2,2,4.44,Real Canadian Superstore,False,38.6,100,81,Skip,23% above average; #2 of 2 stores; 11 prior prices
Walmart,Coca-Cola Pop,6.94,6.94,each,2026-10-01T02:00:00-04:00,2026-10-07T23:59:59-04:00,8158251,,,,True,,False,37.0,⚠️ Below Average,Near average ($6.62),Pop,Beverages,Soda/Pop,cached,2.48,13.97,6.73,17,58.8,False,-3.0,,1,,,False,38.5,100,70,Skip,17 prior prices
Walmart,Natural Bakery rye bread,2.78,2.78,each,2026-10-01T02:00:00-04:00,2026-10-07T23:59:59-04:00,8158251,,,,True,,False,89.0,🔥 Hot Deal,LOWEST PRICE in 6 months (usually $3.86). Best price across 2 stores,Rye Bread,Bakery,Bread,cached,2.98,5.0,3.46,8,100.0,True,19.8,1,2,2.78,Walmart,True,88.9,100,77,Stock up,20% below avg $3.46; Lowest seen; Cheapest of 2 stores
Walmart,Alcan bakeware foil pan,3.98,3.98,each,2026-10-01T02:00:00-04:00,2026-10-07T23:59:59-04:00,8158251,,,,True,,False,40.0,⚠️ Below Average,Standard pricing (no historical data),Bakeware Foil Pan,Household & Personal,nan,cached,2.99,18.0,6.56,30,80.0,False,39.4,,1,,,False,67.6,100,73,Only if needed,39% below avg $6.56; 30 prior prices
Walmart,Your Fresh Market™ buns or rolls,3.97,3.97,each,2026-10-01T02:00:00-04:00,2026-10-07T23:59:59-04:00,8158251,,,,True,,False,45.0,⚠️ Below Average,No price history available for comparison; priced at $3.97.,Buns/Rolls,Bakery,Buns/Rolls,claude_code,3.97,5.94,4.63,3,50.0,True,14.2,,1,,,False,59.9,100,62,Only if needed,14% below avg $4.63; Lowest seen; 3 prior prices
Walmart,M&M's family size chocolate,6.98,6.98,each,2026-10-01T02:00:00-04:00,2026-10-07T23:59:59-04:00,8158251,,,,True,,False,40.0,⚠️ Below Average,Standard pricing (no historical data),Chocolate,Snacks,nan,cached,2.67,13.99,6.59,20,25.0,False,-5.9,3,5,4.29,Sobeys,False,42.0,100,88,Skip,6% above average; #3 of 5 stores; 20 prior prices
Walmart,DualSense wireless controller,109.96,109.96,each,2026-10-01T02:00:00-04:00,2026-10-07T23:59:59-04:00,8158251,,,,True,,False,45.0,⚠️ Below Average,No price history available for comparison; priced at $109.96.,Wireless Controller,Other,General,claude_code,84.96,229.96,157.46,4,50.0,False,30.2,,1,,,False,61.1,100,62,Only if needed,30% below avg $157.46; 4 prior prices
Walmart,Halloween 3.5 - 4' inflatables,22.98,22.98,each,2026-10-01T02:00:00-04:00,2026-10-07T23:59:59-04:00,8158251,,,,True,,False,45.0,⚠️ Below Average,No price history available for comparison; priced at $22.98.,Halloween Inflatable (3.5-4ft),Other,Seasonal,claude_code,29.0,59.98,44.66,3,100.0,True,48.5,,1,,,False,83.9,100,62,Buy this week,48% below avg $44.66; Lowest seen; 3 prior prices
Walmart,"43"" Animated skeletons in cauldron bath",199.0,199.0,each,2026-10-01T02:00:00-04:00,2026-10-07T23:59:59-04:00,8158251,,,,True,no_history,False,45.0,⚠️ Below Average,No price history available for comparison; priced at $199.00.,Animated Skeleton Decoration (43in),Other,Seasonal,claude_code,,,,0,,False,,,1,,,False,40.0,80,25,Skip,No price history
Walmart,Ceramic decor,7.98,7.98,each,2026-10-01T02:00:00-04:00,2026-10-07T23:59:59-04:00,8158251,,,,True,no_history,False,45.0,⚠️ Below Average,No price history available for comparison; priced at $7.98.,Ceramic Decor,Other,Seasonal,claude_code,,,,0,,False,,,1,,,False,40.0,80,25,Skip,No price history
Walmart,Our Promise medium ground beef,4.98,4.98,each,2026-10-01T02:00:00-04:00,2026-10-07T23:59:59-04:00,8158251,,,,True,,False,45.0,⚠️ Below Average,No price history available for comparison; priced at $4.98.,Ground Beef (Medium),Beef,Ground Beef,claude_code,5.88,9.0,7.11,7,100.0,True,29.9,,1,,,True,75.9,100,66,Compare first,30% below avg $7.11; Lowest seen; 7 prior prices
Walmart,"Your Fresh Market™ 9"" - 10"" pies",5.94,5.94,each,2026-10-01T02:00:00-04:00,2026-10-07T23:59:59-04:00,8158251,,,,True,,False,45.0,⚠️ Below Average,No price history available for comparison; priced at $5.94.,Pie (9-10in),Bakery,Desserts/Cakes,claude_code,5.5,16.77,8.36,9,72.2,False,29.0,,1,,,False,60.3,100,66,Only if needed,29% below avg $8.36; 9 prior prices
Walmart,Boursin cheese,4.98,4.98,each,2026-10-01T02:00:00-04:00,2026-10-07T23:59:59-04:00,8158251,,,,True,,False,61.0,😐 Fair,LOWEST PRICE in 6 months (usually $5.93),Spreadable Cheese (Boursin),Dairy & Eggs,Cheese (Block),cached,3.68,7.49,5.64,18,88.9,False,11.7,,1,,,True,53.2,100,70,Only if needed,12% below avg $5.64; 18 prior prices
Walmart,Maple Leaf Prime raised without antibiotics boneless skinless chicken breasts,6.79,6.79,each,2026-10-01T02:00:00-04:00,2026-10-07T23:59:59-04:00,8158251,,,,True,,False,56.0,😐 Fair,"23.5% below avg of $8.88 across 10 observations, though above the historic low of $4.61.",Chicken Breasts (Boneless Skinless),Poultry,Chicken Breast,claude_code,4.61,23.0,10.64,17,64.7,False,36.2,,1,,,True,70.3,100,70,Compare first,36% below avg $10.64; 17 prior prices
Walmart,Your Fresh Market™ double cream brie,6.67,6.67,each,2026-10-01T02:00:00-04:00,2026-10-07T23:59:59-04:00,8158251,,,,True,no_history,False,45.0,⚠️ Below Average,No price history available for comparison; priced at $6.67.,Brie (Double Cream),Dairy & Eggs,Cheese (Block),claude_code,,,,0,,False,,,1,,,False,40.0,80,25,Skip,No price history
Walmart,Milk-Bone Dipped peanut butter crunchy biscuit dog treats,9.97,9.97,each,2026-10-01T02:00:00-04:00,2026-10-07T23:59:59-04:00,8158251,,,,True,no_history,False,45.0,⚠️ Below Average,No price history available for comparison; priced at $9.97.,Dog Treats (Peanut Butter Biscuit),Household & Personal,Pet Food/Supplies,claude_code,,,,0,,False,,,1,,,True,45.0,80,25,Skip,No price history
Walmart,Goldfish crackers Halloween 24-pack,9.98,9.98,each,2026-10-01T02:00:00-04:00,2026-10-07T23:59:59-04:00,8158251,0.42,$/each,24.0,True,no_history,False,45.0,⚠️ Below Average,No price history available for comparison; priced at $9.98 ($0.42/each).,Crackers (Halloween Pack),Snacks,Crackers,claude_code,,,,0,,False,,,1,,,False,45.0,80,33,Skip,No price history; Unit price checked $/each
Walmart,Adults' costumes,19.98,19.98,each,2026-10-01T02:00:00-04:00,2026-10-07T23:59:59-04:00,8158251,,,,True,no_history,False,45.0,⚠️ Below Average,No price history available for comparison; priced at $19.98.,Costumes (Adults),Other,Seasonal,claude_code,,,,0,,False,,,1,,,False,40.0,80,25,Skip,No price history
Walmart,Pringles,2.47,2.47,each,2026-10-01T02:00:00-04:00,2026-10-07T23:59:59-04:00,8158251,,,,True,,False,100.0,🔥 Hot Deal,LOWEST PRICE in 6 months (usually $5.01). Best price across 3 stores,Potato Crisps,Snacks,Chips/Pretzels,cached,2.0,3.0,2.62,4,50.0,False,5.6,,1,,,False,43.9,100,62,Skip,6% below avg $2.62; 4 prior prices
Walmart,Pooja coconut,2.28,2.28,each,2026-10-01T02:00:00-04:00,2026-10-07T23:59:59-04:00,8158251,,,,True,,False,40.0,⚠️ Below Average,Standard pricing (no historical data),Coconut,Produce,Fruit,cached,2.28,4.99,3.46,7,85.7,True,34.1,1,2,2.28,Walmart,False,93.9,100,77,Stock up,34% below avg $3.46; Lowest seen; Cheapest of 2 stores
Walmart,Verka pure desi ghee,9.97,9.97,each,2026-10-01T02:00:00-04:00,2026-10-07T23:59:59-04:00,8158251,,,,True,,False,40.0,⚠️ Below Average,Standard pricing (no historical data),Ghee,Dairy & Eggs,Butter/Margarine,cached,9.97,36.99,20.79,4,75.0,True,52.1,2,4,8.0,Real Canadian Superstore,False,95.0,100,77,Stock up,52% below avg $20.79; Lowest seen; #2 of 4 stores
Walmart,Long squash,1.77,1.77,each,2026-10-01T02:00:00-04:00,2026-10-07T23:59:59-04:00,8158251,,,,True,,False,67.0,😐 Fair,Slightly below avg ($1.98). Best price across 3 stores,Squash (Long),Produce,Vegetables,cached,1.47,2.29,1.94,8,75.0,False,8.5,,1,,,False,46.0,100,66,Skip,8% below avg $1.94; 8 prior prices
Walmart,Your Fresh Market™ AAA Angus beef inside round sandwich steak,15.19,15.19,each,2026-10-01T02:00:00-04:00,2026-10-07T23:59:59-04:00,8158251,,,,True,no_history,False,45.0,⚠️ Below Average,No price history available for comparison; priced at $15.19.,"Beef Sandwich Steak (Inside Round, AAA Angus)",Beef,Steak,claude_code,,,,0,,False,,,1,,,False,40.0,80,25,Skip,No price history
Walmart,Green cabbage,0.78,0.78,each,2026-10-01T02:00:00-04:00,2026-10-07T23:59:59-04:00,8158251,,,,True,,False,91.0,🔥 Hot Deal,LOWEST PRICE in 6 months (usually $1.13). Best price across 5 stores,Cabbage (Green),Produce,nan,cached,0.78,1.27,1.0,5,80.0,True,22.3,2,4,0.78,Real Canadian Superstore,False,75.6,100,81,Compare first,22% below avg $1.00; Lowest seen; #2 of 4 stores
Walmart,Cavendish Farms fries or onion rings,2.97,2.97,each,2026-10-01T02:00:00-04:00,2026-10-07T23:59:59-04:00,8158251,,,,True,,False,40.0,⚠️ Below Average,Standard pricing (no historical data),French Fries (Frozen),Frozen,Fruit/Vegetables,cached,2.25,3.99,3.07,3,33.3,False,3.3,,1,,,False,42.3,100,62,Skip,3 prior prices
Walmart,Your Fresh Market™ Royal Gala apples or McIntosh apples,4.98,4.98,each,2026-10-01T02:00:00-04:00,2026-10-07T23:59:59-04:00,8158251,,,,True,,False,45.0,⚠️ Below Average,No price history available for comparison; priced at $4.98.,Apples (Royal Gala),Produce,Fruit,claude_code,5.99,7.99,6.99,7,100.0,True,28.8,,1,,,True,75.2,100,66,Compare first,29% below avg $6.99; Lowest seen; 7 prior prices
Walmart,Our Finest appetizers or meatballs,12.84,12.84,each,2026-10-01T02:00:00-04:00,2026-10-07T23:59:59-04:00,8158251,,,,True,,False,50.0,😐 Fair,LOWEST PRICE in 6 months (usually $12.84),Appetizers (Frozen),Frozen,Meals/Entrees,cached,9.96,12.84,11.88,3,16.7,False,-8.1,,1,,,False,36.0,100,62,Skip,8% above average; 3 prior prices
Walmart,Glad blue recycling or clear garbage bags,10.67,10.67,each,2026-10-01T02:00:00-04:00,2026-10-07T23:59:59-04:00,8158251,,,,True,,False,45.0,⚠️ Below Average,No price history available for comparison; priced at $10.67.,Garbage Bags,Household & Personal,Cleaning Supplies,claude_code,2.97,17.0,10.11,26,46.2,False,-5.6,2,2,8.0,No Frills,False,47.2,100,84,Skip,6% above average; #2 of 2 stores; 26 prior prices
Walmart,Purina Tidy Cats Lightweight clumping cat litter,19.88,19.88,each,2026-10-01T02:00:00-04:00,2026-10-07T23:59:59-04:00,8158251,,,,True,,False,33.0,⚠️ Below Average,17.1% above avg of $16.97 across 6 observations; not the best price - Real Canadian Superstore has it for $11.99 (2 stores compared).,"Cat Litter (Clumping, Lightweight)",Household & Personal,Pet Food/Supplies,claude_code,10.99,28.88,16.79,21,33.3,False,-18.4,,1,,,False,30.8,100,73,Skip,18% above average; 21 prior prices
Walmart,Valvoline Advanced full synthetic motor oil,46.88,46.88,each,2026-10-01T02:00:00-04:00,2026-10-07T23:59:59-04:00,8158251,,,,True,,False,45.0,⚠️ Below Average,No price history available for comparison; priced at $46.88.,Motor Oil (Full Synthetic),Other,Automotive,claude_code,28.88,54.88,41.24,3,33.3,False,-13.7,,1,,,False,33.1,100,62,Skip,14% above average; 3 prior prices
Walmart,Similac Pro-Advance step 1 ready to feed infant formula bottles,59.98,59.98,each,2026-10-01T02:00:00-04:00,2026-10-07T23:59:59-04:00,8158251,,,,True,,False,45.0,⚠️ Below Average,No price history available for comparison; priced at $59.98.,Infant Formula (Ready to Feed),Household & Personal,Baby,claude_code,55.99,78.99,64.19,10,60.0,False,6.6,,1,,,False,44.6,100,70,Skip,7% below avg $64.19; 10 prior prices
Walmart,Cake styling products,11.94,11.94,each,2026-10-01T02:00:00-04:00,2026-10-07T23:59:59-04:00,8158251,,,,True,,False,45.0,⚠️ Below Average,No price history available for comparison; priced at $11.94.,Cake Styling Products,Pantry,Baking Supplies,claude_code,2.75,14.42,7.71,39,15.4,False,-54.8,,1,,,False,15.0,100,73,Skip,55% above average; 39 prior prices
Walmart,Nintendo Switch 2 console,679.96,679.96,each,2026-10-01T02:00:00-04:00,2026-10-07T23:59:59-04:00,8158251,,,,True,,False,37.0,⚠️ Below Average,"3.8% above avg of $654.96 and at the historic max price, across only 2 observations ($629.96-$679.96).",Nintendo Switch 2 Console,Other,General,claude_code,54.96,679.96,309.96,5,0.0,False,-119.4,,1,,,False,15.0,100,66,Skip,119% above average; 5 prior prices
Walmart,Frito-Lay Halloween chips or treat bags,12.97,12.97,each,2026-10-01T02:00:00-04:00,2026-10-07T23:59:59-04:00,8158251,,,,True,no_history,False,45.0,⚠️ Below Average,No price history available for comparison; priced at $12.97.,Chips/Treat Bags (Halloween),Snacks,Chips/Pretzels,claude_code,,,,0,,False,,,1,,,False,40.0,80,25,Skip,No price history
Walmart,Gay Lea butter,4.97,4.97,each,2026-10-01T02:00:00-04:00,2026-10-07T23:59:59-04:00,8158251,,,,True,,False,50.0,😐 Fair,LOWEST PRICE in 6 months (usually $4.98),Butter,Dairy & Eggs,nan,cached,1.97,7.99,5.88,18,75.0,False,15.4,1,4,4.97,Walmart,True,75.8,100,85,Compare first,15% below avg $5.88; Cheapest of 4 stores; 18 prior prices
Walmart,Stove Top stuffing mix,1.27,1.27,each,2026-10-01T02:00:00-04:00,2026-10-07T23:59:59-04:00,8158251,,,,True,no_history,False,50.0,😐 Fair,$1.25 at Real Canadian Superstore,Stuffing Mix,Pantry,nan,cached,,,,0,,False,,,1,,,False,40.0,80,25,Skip,No price history
Walmart,Purina Tidy Cats LightWeight clumping cat litter,19.88,19.88,each,2026-10-01T02:00:00-04:00,2026-10-07T23:59:59-04:00,8158251,,,,True,,False,33.0,⚠️ Below Average,17.1% above avg of $16.97 across 6 observations; not the best price - Real Canadian Superstore has it for $11.99 (2 stores compared).,"Cat Litter (Clumping, Lightweight)",Household & Personal,Pet Food/Supplies,claude_code,10.99,28.88,16.79,21,33.3,False,-18.4,,1,,,False,30.8,100,73,Skip,18% above average; 21 prior prices
Walmart,Alcan aluminum foil 60',6.98,6.98,each,2026-10-01T02:00:00-04:00,2026-10-07T23:59:59-04:00,8158251,,,,True,,False,50.0,😐 Fair,"Matches the avg/min/max price of $6.98 across 2 observations - stable price, at the historic low.",Aluminum Foil (60ft),Household & Personal,Paper Products,claude_code,2.99,10.96,6.75,16,53.1,False,-3.4,,1,,,False,38.3,100,70,Skip,16 prior prices
Walmart,Tenderflake deep pie shells,2.97,2.97,each,2026-10-01T02:00:00-04:00,2026-10-07T23:59:59-04:00,8158251,,,,True,,False,40.0,⚠️ Below Average,Standard pricing (no historical data),Deep Pie Shells,Baking,nan,cached,2.49,4.99,3.43,12,75.0,False,13.5,,1,,,False,49.5,100,70,Skip,14% below avg $3.43; 12 prior prices
Walmart,Boys' or girls' costumes,19.98,19.98,each,2026-10-01T02:00:00-04:00,2026-10-07T23:59:59-04:00,8158251,,,,True,no_history,False,45.0,⚠️ Below Average,No price history available for comparison; priced at $19.98.,Costumes (Boys/Girls),Other,Seasonal,claude_code,,,,0,,False,,,1,,,False,40.0,80,25,Skip,No price history
Walmart,Lawn stake lights,14.98,14.98,each,2026-10-01T02:00:00-04:00,2026-10-07T23:59:59-04:00,8158251,,,,True,low_history,False,45.0,⚠️ Below Average,No price history available for comparison; priced at $14.98.,Lawn Stake Lights,Other,Seasonal,claude_code,1.5,1.5,1.5,2,0.0,False,-898.7,,1,,,False,15.0,90,56,Skip,899% above average; Only 2 prior prices
Walmart,Reser's side dishes,6.24,6.24,each,2026-10-01T02:00:00-04:00,2026-10-07T23:59:59-04:00,8158251,,,,True,,False,22.0,❌ Poor Value,"25% above avg of $4.99 across 2 observations, well above the historic price of $4.99.",Prepared Side Dishes,Other,Deli (Prepared),claude_code,1.89,10.0,5.14,10,20.0,False,-21.3,,1,,,False,29.4,100,70,Skip,21% above average; 10 prior prices
Walmart,LED mini string lights,7.88,7.88,each,2026-10-01T02:00:00-04:00,2026-10-07T23:59:59-04:00,8158251,,,,True,,False,45.0,⚠️ Below Average,No price history available for comparison; priced at $7.88.,LED Mini String Lights,Other,Seasonal,claude_code,1.5,16.99,6.07,21,19.0,False,-29.9,,1,,,False,25.1,100,73,Skip,30% above average; 21 prior prices
Walmart,Kitchen gadgets,10.97,10.97,each,2026-10-01T02:00:00-04:00,2026-10-07T23:59:59-04:00,8158251,,,,True,,False,0.0,❌ Poor Value,"114% above avg of $5.13 and at the historic max, across 14 observations ($2.00-$10.97 range).",Kitchen Gadgets,Other,General,claude_code,2.0,10.97,5.25,15,3.3,False,-109.1,2,2,7.0,Real Canadian Superstore,False,25.0,100,81,Skip,109% above average; #2 of 2 stores; 15 prior prices
Walmart,6'-long lighted inflatable,66.99,66.99,each,2026-10-01T02:00:00-04:00,2026-10-07T23:59:59-04:00,8158251,,,,True,no_history,False,45.0,⚠️ Below Average,No price history available for comparison; priced at $66.99.,Lighted Inflatable (6ft),Other,Seasonal,claude_code,,,,0,,False,,,1,,,False,40.0,80,25,Skip,No price history
Walmart,Girls' costume,19.98,19.98,each,2026-10-01T02:00:00-04:00,2026-10-07T23:59:59-04:00,8158251,,,,True,no_history,False,45.0,⚠️ Below Average,No price history available for comparison; priced at $19.98.,Costume (Girls),Other,Seasonal,claude_code,,,,0,,False,,,1,,,False,40.0,80,25,Skip,No price history
Walmart,Girl's costume,29.98,29.98,each,2026-10-01T02:00:00-04:00,2026-10-07T23:59:59-04:00,8158251,,,,True,no_history,False,45.0,⚠️ Below Average,No price history available for comparison; priced at $29.98.,Costume (Girls),Other,Seasonal,claude_code,,,,0,,False,,,1,,,False,40.0,80,25,Skip,No price history
Walmart,4-qt. Air fryer or triple slow cooker,69.97,69.97,each,2026-10-01T02:00:00-04:00,2026-10-07T23:59:59-04:00,8158251,,,,True,no_history,False,45.0,⚠️ Below Average,No price history available for comparison; priced at $69.97.,Air Fryer (4-qt) / Slow Cooker,Other,General,claude_code,,,,0,,False,,,1,,,False,40.0,80,25,Skip,No price history
Walmart,Dweep Sara green rayon fit & flare gown,39.99,39.99,each,2026-10-01T02:00:00-04:00,2026-10-07T23:59:59-04:00,8158251,,,,True,no_history,False,45.0,⚠️ Below Average,No price history available for comparison; priced at $39.99.,Gown (Fit & Flare),Other,General,claude_code,,,,0,,False,,,1,,,False,40.0,80,25,Skip,No price history
Walmart,Indian red carrot,1.98,1.98,each,2026-10-01T02:00:00-04:00,2026-10-07T23:59:59-04:00,8158251,,,,True,,False,45.0,⚠️ Below Average,No historical price data available for comparison; scored neutral.,Carrots (Red),Produce,Vegetables,claude_code,1.79,2.29,2.04,4,50.0,False,2.9,1,3,1.98,Walmart,False,62.0,100,77,Only if needed,Cheapest of 3 stores; 4 prior prices
Walmart,Canvas or Impact work gloves,14.98,14.98,each,2026-10-01T02:00:00-04:00,2026-10-07T23:59:59-04:00,8158251,,,,True,no_history,False,45.0,⚠️ Below Average,No historical price data available for comparison; scored neutral.,Work Gloves (Canvas),Other,General,claude_code,,,,0,,False,,,1,,,False,40.0,80,25,Skip,No price history
Walmart,Purple sweet potato,2.27,2.27,each,2026-10-01T02:00:00-04:00,2026-10-07T23:59:59-04:00,8158251,,,,True,,False,32.0,⚠️ Below Average,Above average (usually $1.98),Sweet Potato (Purple),Produce,nan,cached,1.88,15.88,4.02,29,36.2,False,43.5,,1,,,False,70.5,100,73,Compare first,44% below avg $4.02; 29 prior prices
Walmart,HOMCOM inflatable haunted tree,64.99,64.99,each,2026-10-01T02:00:00-04:00,2026-10-07T23:59:59-04:00,8158251,,,,True,no_history,False,45.0,⚠️ Below Average,No historical price data available for comparison; scored neutral.,Inflatable Haunted Tree,Other,Seasonal,claude_code,,,,0,,False,,,1,,,False,40.0,80,25,Skip,No price history
Walmart,"Men's costume, Kid's costume",19.98,19.98,each,2026-10-01T02:00:00-04:00,2026-10-07T23:59:59-04:00,8158251,,,,True,no_history,False,45.0,⚠️ Below Average,No historical price data available for comparison; scored neutral.,Costume (Men's),Other,Seasonal,claude_code,,,,0,,False,,,1,,,False,40.0,80,25,Skip,No price history
Walmart,Universal tractor fluid,109.0,109.0,each,2026-10-01T02:00:00-04:00,2026-10-07T23:59:59-04:00,8158251,,,,True,,False,22.0,❌ Poor Value,"Priced $109.00, 25.9% above avg of $86.55 (range $79.88-$90.88, n=3); no cross-store data.",Tractor Fluid (Universal),Other,Automotive,claude_code,79.88,90.88,86.55,3,0.0,False,-25.9,,1,,,False,27.1,100,62,Skip,26% above average; 3 prior prices
Walmart,Packing tape,9.98,9.98,each,2026-10-01T02:00:00-04:00,2026-10-07T23:59:59-04:00,8158251,,,,True,no_history,False,45.0,⚠️ Below Average,No historical price data available for comparison; scored neutral.,Packing Tape,Other,General,claude_code,,,,0,,False,,,1,,,False,40.0,80,25,Skip,No price history
Walmart,Terracotta pumpkin,26.98,26.98,each,2026-10-01T02:00:00-04:00,2026-10-07T23:59:59-04:00,8158251,,,,True,no_history,False,45.0,⚠️ Below Average,No historical price data available for comparison; scored neutral.,Pumpkin (Terracotta Decor),Other,Seasonal,claude_code,,,,0,,False,,,1,,,False,40.0,80,25,Skip,No price history
Walmart,Boys' costume,19.98,19.98,each,2026-10-01T02:00:00-04:00,2026-10-07T23:59:59-04:00,8158251,,,,True,no_history,False,45.0,⚠️ Below Average,No historical price data available for comparison; scored neutral.,Costume (Boys'),Other,Seasonal,claude_code,,,,0,,False,,,1,,,False,40.0,80,25,Skip,No price history
Walmart,Swiffer Refills & Sweep + Mop Starter Kit,15.97,15.97,each,2026-10-01T02:00:00-04:00,2026-10-07T23:59:59-04:00,8158251,,,,True,,False,40.0,⚠️ Below Average,Standard pricing (no historical data),Sweep + Mop Starter Kit,Household & Personal,Cleaning Supplies,cached,6.97,19.99,12.53,35,21.4,False,-27.4,,1,,,False,26.3,100,73,Skip,27% above average; 35 prior prices
Walmart,Downy or Gain fabric softener 138 - 190 loads,15.97,15.97,each,2026-10-01T02:00:00-04:00,2026-10-07T23:59:59-04:00,8158251,,,,True,,False,36.0,⚠️ Below Average,Near average ($14.97),Fabric Softener,Household & Personal,Laundry,cached,4.97,15.99,11.61,27,9.3,False,-37.5,5,5,10.97,Walmart,False,11.2,100,88,Skip,38% above average; 27 prior prices
Walmart,Cesar wet dog food,8.48,8.48,each,2026-10-01T02:00:00-04:00,2026-10-07T23:59:59-04:00,8158251,,,,True,,False,85.0,🔥 Hot Deal,LOWEST PRICE in 6 months (usually $17.48),Wet Dog Food,Household & Personal,nan,cached,1.64,14.97,3.82,7,14.3,False,-122.1,,1,,,False,15.0,100,66,Skip,122% above average; 7 prior prices
Walmart,De Cecco high protein pasta,5.47,5.47,each,2026-10-01T02:00:00-04:00,2026-10-07T23:59:59-04:00,8158251,,,,True,,False,45.0,⚠️ Below Average,No historical price data available for comparison; scored neutral.,Pasta (High Protein),Pantry,Pasta/Grains,claude_code,2.68,8.0,5.28,11,63.6,False,-3.6,,1,,,True,43.2,100,70,Skip,11 prior prices
Walmart,Quaker Oatmeal protein,6.98,6.98,each,2026-10-01T02:00:00-04:00,2026-10-07T23:59:59-04:00,8158251,,,,True,,False,45.0,⚠️ Below Average,No historical price data available for comparison; scored neutral.,Oatmeal (Protein),Pantry,Breakfast/Cereal,claude_code,2.47,12.49,5.46,44,27.3,False,-27.8,,1,,,False,26.1,100,73,Skip,28% above average; 44 prior prices
Walmart,Caledon Farms dog treats,7.98,7.98,each,2026-10-01T02:00:00-04:00,2026-10-07T23:59:59-04:00,8158251,,,,True,,False,70.0,✅ Good Buy,LOWEST PRICE in 6 months (usually $11.20),Dog Treats,Household & Personal,Pet Food/Supplies,cached,3.97,21.97,8.75,35,50.0,False,8.7,1,3,7.98,Walmart,False,66.1,100,88,Only if needed,9% below avg $8.75; Cheapest of 3 stores; 35 prior prices
Walmart,Special Kitty pate single can cat food,0.8,0.8,each,2026-10-01T02:00:00-04:00,2026-10-07T23:59:59-04:00,8158251,,,,True,low_history,False,45.0,⚠️ Below Average,No historical price data available for comparison; scored neutral.,"Cat Food (Pate, Single Can)",Household & Personal,Pet Food/Supplies,claude_code,0.8,0.8,0.8,2,25.0,True,0.0,,1,,,False,50.0,90,56,Only if needed,Lowest seen; Only 2 prior prices
Walmart,Purina Fancy Feast Gems mouse wet cat food variety pack,15.93,15.93,each,2026-10-01T02:00:00-04:00,2026-10-07T23:59:59-04:00,8158251,,,,True,,False,45.0,⚠️ Below Average,No historical price data available for comparison; scored neutral.,"Cat Food (Wet, Variety Pack)",Household & Personal,Pet Food/Supplies,claude_code,2.0,20.0,13.88,10,45.0,False,-14.8,,1,,,False,32.6,100,70,Skip,15% above average; 10 prior prices
Walmart,Dempster's Protein bread or bagels,3.98,3.98,each,2026-10-01T02:00:00-04:00,2026-10-07T23:59:59-04:00,8158251,,,,True,,False,45.0,⚠️ Below Average,No historical price data available for comparison; scored neutral.,Bread (Protein),Bakery,Bread,claude_code,3.49,5.49,4.41,13,69.2,False,9.8,,1,,,True,51.9,100,70,Only if needed,10% below avg $4.41; 13 prior prices
Walmart,Premier protein muffin mix,7.47,7.47,each,2026-10-01T02:00:00-04:00,2026-10-07T23:59:59-04:00,8158251,,,,True,no_history,False,45.0,⚠️ Below Average,No historical price data available for comparison; scored neutral.,Muffin Mix (Protein),Pantry,Baking Supplies,claude_code,,,,0,,False,,,1,,,False,40.0,80,25,Skip,No price history
Walmart,Sheba Bistro Perfect Portions wet cat food variety pack,15.98,15.98,each,2026-10-01T02:00:00-04:00,2026-10-07T23:59:59-04:00,8158251,,,,True,,False,45.0,⚠️ Below Average,No historical price data available for comparison; scored neutral.,"Cat Food (Wet, Variety Pack)",Household & Personal,Pet Food/Supplies,claude_code,1.38,24.98,14.73,8,50.0,False,-8.5,,1,,,False,35.8,100,66,Skip,8% above average; 8 prior prices
Walmart,Revolution Nutrition Iso Whey protein powder,40.47,40.47,each,2026-10-01T02:00:00-04:00,2026-10-07T23:59:59-04:00,8158251,,,,True,,False,50.0,😐 Fair,LOWEST PRICE in 6 months (usually $40.47),Whey Protein Powder,Household & Personal,Health/Pharmacy,cached,38.99,40.47,39.98,6,8.3,False,-1.2,2,2,39.99,Save-On-Foods,False,49.4,100,77,Skip,#2 of 2 stores; 6 prior prices
Walmart,Ocean plush,4.97,4.97,each,2026-10-01T02:00:00-04:00,2026-10-07T23:59:59-04:00,8158251,,,,True,,False,45.0,⚠️ Below Average,No historical price data available for comparison; scored neutral.,Plush Toy (Ocean),Other,General,claude_code,8.0,14.97,12.15,6,100.0,True,59.1,,1,,,False,85.0,100,66,Buy this week,59% below avg $12.15; Lowest seen; 6 prior prices
Walmart,Promise gluten free bread,7.98,7.98,each,2026-10-01T02:00:00-04:00,2026-10-07T23:59:59-04:00,8158251,,,,True,,False,40.0,⚠️ Below Average,Slightly below avg ($8.00),Gluten Free Bread,Bakery,Bread,cached,2.49,15.57,7.48,109,40.4,False,-6.7,,1,,,True,41.6,100,73,Skip,7% above average; 109 prior prices
Walmart,Vibrant Life enclosed cat litter pan,29.94,29.94,each,2026-10-01T02:00:00-04:00,2026-10-07T23:59:59-04:00,8158251,,,,True,,False,60.0,😐 Fair,LOWEST PRICE in 6 months (usually $34.94),Enclosed Cat Litter Pan,Household & Personal,nan,cached,34.94,63.97,44.62,3,100.0,True,32.9,,1,,,False,73.0,100,62,Compare first,33% below avg $44.62; Lowest seen; 3 prior prices
Walmart,Special Kitty dry cat food,18.97,18.97,each,2026-10-01T02:00:00-04:00,2026-10-07T23:59:59-04:00,8158251,,,,True,,False,50.0,😐 Fair,LOWEST PRICE in 6 months (usually $18.97),Cat Food (Dry),Household & Personal,nan,cached,6.99,18.97,12.65,3,0.0,False,-50.0,,1,,,False,15.0,100,62,Skip,50% above average; 3 prior prices
Walmart,Arm & Hammer Double Duty cat litter deodorizer,4.48,4.48,each,2026-10-01T02:00:00-04:00,2026-10-07T23:59:59-04:00,8158251,,,,True,,False,40.0,⚠️ Below Average,Standard pricing (no historical data),Cat litter deodorizer,Household & Personal,nan,cached,4.98,24.67,18.61,10,100.0,True,75.9,,1,,,False,85.0,100,70,Buy this week,76% below avg $18.61; Lowest seen; 10 prior prices
Walmart,Special Kitty clumping cat litter,12.97,12.97,each,2026-10-01T02:00:00-04:00,2026-10-07T23:59:59-04:00,8158251,,,,True,,False,30.0,⚠️ Below Average,Above average (usually $10.97),Special Kitty Cat Litter,Household & Personal,Pet Food/Supplies,cached,0.8,28.88,14.52,37,51.4,False,10.6,,1,,,False,47.4,100,73,Skip,11% below avg $14.52; 37 prior prices
Walmart,Your Fresh Market™ cinnamon buns or fruit-filled danishes,4.98,4.98,each,2026-10-01T02:00:00-04:00,2026-10-07T23:59:59-04:00,8158251,,,,True,,False,45.0,⚠️ Below Average,No historical price data available for comparison; scored neutral.,Cinnamon Buns,Bakery,Pastries/Donuts,claude_code,4.0,7.99,6.35,11,72.7,False,21.6,1,4,4.98,Walmart,False,75.1,100,85,Compare first,22% below avg $6.35; Cheapest of 4 stores; 11 prior prices
Walmart,Listerine Clinical Solutions Sensitivity Relief mouthwash,9.27,9.27,each,2026-10-01T02:00:00-04:00,2026-10-07T23:59:59-04:00,8158251,,,,True,,False,45.0,⚠️ Below Average,No historical price data available for comparison; scored neutral.,Mouthwash (Sensitivity Relief),Household & Personal,Health/Pharmacy,claude_code,9.27,10.97,9.84,3,50.0,True,5.8,,1,,,False,54.1,100,62,Only if needed,6% below avg $9.84; Lowest seen; 3 prior prices
Walmart,Toddlers' ride-on costume,32.98,32.98,each,2026-10-01T02:00:00-04:00,2026-10-07T23:59:59-04:00,8158251,,,,True,no_history,False,45.0,⚠️ Below Average,No historical price data available for comparison; scored neutral.,Costume (Toddlers' Ride-On),Other,Seasonal,claude_code,,,,0,,False,,,1,,,False,40.0,80,25,Skip,No price history
Walmart,5-Gallon stainless steel wet/dry vacuum,62.88,62.88,each,2026-10-01T02:00:00-04:00,2026-10-07T23:59:59-04:00,8158251,,,,True,no_history,False,45.0,⚠️ Below Average,No historical price data available for comparison; scored neutral.,Wet/Dry Vacuum (5-Gallon),Other,General,claude_code,,,,0,,False,,,1,,,False,40.0,80,25,Skip,No price history
Walmart,Whiskas wet cat food pouch singles,0.77,0.77,each,2026-10-01T02:00:00-04:00,2026-10-07T23:59:59-04:00,8158251,,,,True,,False,45.0,⚠️ Below Average,No historical price data available for comparison; scored neutral.,"Cat Food (Wet, Pouch Single)",Household & Personal,Pet Food/Supplies,claude_code,0.77,26.0,9.31,26,96.2,True,91.7,,1,,,False,85.0,100,73,Buy this week,92% below avg $9.31; Lowest seen; 26 prior prices
Walmart,Light-up candles,12.88,12.88,each,2026-10-01T02:00:00-04:00,2026-10-07T23:59:59-04:00,8158251,,,,True,no_history,False,45.0,⚠️ Below Average,No historical price data available for comparison; scored neutral.,Candles (Light-Up),Other,Seasonal,claude_code,,,,0,,False,,,1,,,False,40.0,80,25,Skip,No price history
Walmart,"Armstrong cheese blocks 400 g, shreds 320 g or slices 220 g - 240 g",4.98,4.98,each,2026-10-01T02:00:00-04:00,2026-10-07T23:59:59-04:00,8158251,12.45,$/kg,400.0,True,,False,40.0,⚠️ Below Average,Standard pricing (no historical data),Cheese Block,Dairy & Eggs,Cheese (Block),cached,12.45,13.3,12.73,3,50.0,True,2.2,1,2,12.45,Walmart,True,81.5,100,81,Buy this week,Lowest seen; Cheapest of 2 stores; 3 prior prices
Walmart,Halloween inflatables,22.98,22.98,each,2026-10-01T02:00:00-04:00,2026-10-07T23:59:59-04:00,8158251,,,,True,,False,84.0,✅ Good Buy,"Priced $22.98, 48.5% below avg of $44.66 and at/below historical min of $29.00 (n=3).",Inflatable Decoration (Halloween),Other,Seasonal,claude_code,29.0,59.98,44.66,3,100.0,True,48.5,,1,,,False,83.9,100,62,Buy this week,48% below avg $44.66; Lowest seen; 3 prior prices
Walmart,Glade scented 3-wick candle or PluginS Scented Oil Plus starter kit or refills 2-pack,8.97,8.97,each,2026-10-01T02:00:00-04:00,2026-10-07T23:59:59-04:00,8158251,4.49,$/each,2.0,True,,False,45.0,⚠️ Below Average,No historical price data available for comparison; scored neutral.,Scented Candle (3-Wick),Other,General,claude_code,3.97,8.97,6.47,4,12.5,False,-38.6,,1,,,False,25.7,100,70,Skip,39% above average; 4 prior prices; Unit price checked $/each
Walmart,Club House sauce or gravy mixes,0.98,0.98,each,2026-10-01T02:00:00-04:00,2026-10-07T23:59:59-04:00,8158251,,,,True,,False,45.0,⚠️ Below Average,No historical price data available for comparison; scored neutral.,Gravy Mix,Pantry,Sauces/Condiments,claude_code,0.98,5.0,2.35,12,87.5,True,58.3,,1,,,False,85.0,100,70,Buy this week,58% below avg $2.35; Lowest seen; 12 prior prices
Walmart,Frito-Lay value size chips,5.47,5.47,each,2026-10-01T02:00:00-04:00,2026-10-07T23:59:59-04:00,8158251,,,,True,,False,50.0,😐 Fair,LOWEST PRICE in 6 months (usually $5.47),Frito-Lay Potato Chips,Snacks,Chips/Pretzels,cached,1.43,15.99,4.77,223,33.0,False,-14.7,,1,,,False,32.6,100,73,Skip,15% above average; 223 prior prices
Walmart,Hungry-Man frozen entrees or POGO 4-pack,4.47,4.47,each,2026-10-01T02:00:00-04:00,2026-10-07T23:59:59-04:00,8158251,1.12,$/each,4.0,True,,False,45.0,⚠️ Below Average,No historical price data available for comparison; scored neutral.,Frozen Entree,Frozen,Meals/Entrees,claude_code,1.0,7.99,4.53,65,53.8,False,1.3,,1,,,False,45.9,100,81,Skip,65 prior prices; Unit price checked $/each
Walmart,Canada Grade A turkey,1.74,1.74,each,2026-10-01T02:00:00-04:00,2026-10-07T23:59:59-04:00,8158251,,,,True,,False,65.0,😐 Fair,"Priced $1.74, matches best price across 2 stores; no historical average available.",Turkey (Whole),Poultry,Turkey,claude_code,2.47,12.99,7.82,3,100.0,True,77.7,,1,,,False,85.0,100,62,Buy this week,78% below avg $7.82; Lowest seen; 3 prior prices
Walmart,Nestlé Parlour frozen dessert tubs,2.94,2.94,each,2026-10-01T02:00:00-04:00,2026-10-07T23:59:59-04:00,8158251,,,,True,,False,40.0,⚠️ Below Average,Standard pricing (no historical data),Frozen dessert tubs,Frozen,nan,cached,2.99,6.0,4.87,36,100.0,True,39.6,,1,,,False,77.7,100,73,Buy this week,40% below avg $4.87; Lowest seen; 36 prior prices
Walmart,Oîkos high protein drinkable Greek yogurt,1.46,1.46,each,2026-10-01T02:00:00-04:00,2026-10-07T23:59:59-04:00,8158251,,,,True,,False,40.0,⚠️ Below Average,Standard pricing (no historical data),"Greek Yogurt (Drinkable, High Protein)",Dairy & Eggs,nan,cached,2.68,10.49,6.7,5,100.0,True,78.2,,1,,,True,90.0,100,66,Buy this week,78% below avg $6.70; Lowest seen; 5 prior prices
Walmart,Verka paneer,5.17,5.17,each,2026-10-01T02:00:00-04:00,2026-10-07T23:59:59-04:00,8158251,,,,True,,False,35.0,⚠️ Below Average,Near average ($4.72),Paneer,Dairy & Eggs,Cheese (Block),cached,2.79,5.17,4.22,15,0.0,False,-22.6,,1,,,False,28.7,100,70,Skip,23% above average; 15 prior prices
Walmart,General Mills Halloween Gushers,7.97,7.97,each,2026-10-01T02:00:00-04:00,2026-10-07T23:59:59-04:00,8158251,,,,True,,False,45.0,⚠️ Below Average,No historical price data available for comparison; scored neutral.,Fruit Snacks (Halloween),Snacks,Candy/Chocolate,claude_code,1.97,9.0,5.53,10,35.0,False,-44.0,,1,,,False,18.0,100,70,Skip,44% above average; 10 prior prices
Walmart,Begum basmati rice,9.94,9.94,each,2026-10-01T02:00:00-04:00,2026-10-07T23:59:59-04:00,8158251,,,,True,,False,40.0,⚠️ Below Average,Standard pricing (no historical data),Basmati Rice,Pantry,Rice,cached,5.79,14.99,10.82,46,58.7,False,8.2,,1,,,True,50.7,100,73,Only if needed,8% below avg $10.82; 46 prior prices
Walmart,Huggies Pull-Ups superpack training pants,28.78,28.78,each,2026-10-01T02:00:00-04:00,2026-10-07T23:59:59-04:00,8158251,,,,True,,False,40.0,⚠️ Below Average,Standard pricing (no historical data),Huggies Pull-Ups,Household & Personal,Baby,cached,26.97,37.0,30.7,41,42.7,False,6.3,,1,,,False,44.4,100,73,Skip,6% below avg $30.70; 41 prior prices
Walmart,Tropicana Pure Premium orange juice 1.36 L or Lactantia traditional spread 850 g,4.97,4.97,each,2026-10-01T02:00:00-04:00,2026-10-07T23:59:59-04:00,8158251,5.85,$/kg,850.0,True,,False,50.0,😐 Fair,"Priced $4.97, exactly matches avg and historical min of $4.97 (n=3), 0% variance.",Orange Juice,Beverages,Juice,claude_code,3.99,9.99,5.86,66,82.6,False,15.2,1,7,4.97,Walmart,True,80.6,100,96,Buy this week,15% below avg $5.86; Cheapest of 7 stores; 66 prior prices
Walmart,Pantene Pro-V Miracle Rescue deep repair conditioner,15.96,15.96,each,2026-10-01T02:00:00-04:00,2026-10-07T23:59:59-04:00,8158251,,,,True,no_history,False,45.0,⚠️ Below Average,No historical price data available for comparison; scored neutral.,Conditioner (Deep Repair),Household & Personal,Personal Care,claude_code,,,,0,,False,,,1,,,False,40.0,80,25,Skip,No price history
Walmart,Verka dahi yogurt,3.98,3.98,each,2026-10-01T02:00:00-04:00,2026-10-07T23:59:59-04:00,8158251,,,,True,,False,50.0,😐 Fair,LOWEST PRICE in 6 months (usually $3.98),Dahi Yogurt,Dairy & Eggs,nan,cached,1.99,3.98,3.01,5,10.0,False,-32.4,,1,,,True,28.8,100,66,Skip,32% above average; 5 prior prices
Walmart,Hormel pepperoni and Genoa salami deli tray,20.97,20.97,each,2026-10-01T02:00:00-04:00,2026-10-07T23:59:59-04:00,8158251,,,,True,low_history,False,45.0,⚠️ Below Average,No historical price data available for comparison; scored neutral.,Deli Meat Tray (Pepperoni/Salami),Other,Deli (Prepared),claude_code,12.0,22.0,17.0,2,50.0,False,-23.4,,1,,,False,28.3,90,56,Skip,23% above average; Only 2 prior prices
Walmart,Whiskas Perfect Portions,13.98,13.98,each,2026-10-01T02:00:00-04:00,2026-10-07T23:59:59-04:00,8158251,,,,True,,False,26.0,❌ Poor Value,"Priced $13.98, 20.6% above avg of $11.59 (range $1.19-$26.00, n=13); above historical min.","Cat Food (Wet, Perfect Portions)",Household & Personal,Pet Food/Supplies,claude_code,1.19,26.0,13.11,17,50.0,False,-6.6,,1,,,False,36.7,100,70,Skip,7% above average; 17 prior prices
Walmart,Fruitopia drinks,1.88,1.88,each,2026-10-01T02:00:00-04:00,2026-10-07T23:59:59-04:00,8158251,,,,True,,False,65.0,😐 Fair,"Priced $1.88, 22.0% below avg of $2.41 and below historical min of $2.24 (n=3).",Fruit Drink,Beverages,Juice,claude_code,0.4,31.99,6.3,343,89.5,False,70.2,,1,,,False,75.0,100,73,Compare first,70% below avg $6.30; 343 prior prices
Walmart,Sitara Atta whole wheat flour,9.94,9.94,each,2026-10-01T02:00:00-04:00,2026-10-07T23:59:59-04:00,8158251,,,,True,,False,64.0,😐 Fair,LOWEST PRICE in 6 months (usually $12.45),Whole Wheat Flour (Atta),Pantry,Baking Supplies,cached,3.77,19.99,14.36,14,78.6,False,30.8,,1,,,True,66.6,100,70,Only if needed,31% below avg $14.36; 14 prior prices
Walmart,Live Clean holiday hand soap,4.96,4.96,each,2026-10-01T02:00:00-04:00,2026-10-07T23:59:59-04:00,8158251,,,,True,,False,45.0,⚠️ Below Average,No historical price data available for comparison; scored neutral.,Hand Soap (Holiday),Household & Personal,Personal Care,claude_code,1.97,5.99,4.36,4,50.0,False,-13.8,,1,,,False,33.1,100,62,Skip,14% above average; 4 prior prices
Walmart,HOMCOM 5'-long inflatable spider,37.99,37.99,each,2026-10-01T02:00:00-04:00,2026-10-07T23:59:59-04:00,8158251,,,,True,no_history,False,45.0,⚠️ Below Average,No historical price data available for comparison; scored neutral.,Inflatable Spider (5-Foot),Other,Seasonal,claude_code,,,,0,,False,,,1,,,False,40.0,80,25,Skip,No price history
Walmart,Adults' thermal socks,12.0,12.0,each,2026-10-01T02:00:00-04:00,2026-10-07T23:59:59-04:00,8158251,,,,True,low_history,False,45.0,⚠️ Below Average,No historical price data available for comparison; scored neutral.,Thermal Socks (Adults'),Other,General,claude_code,25.0,29.97,27.48,2,100.0,True,56.3,,1,,,False,85.0,90,56,Compare first,56% below avg $27.48; Lowest seen; Only 2 prior prices
Walmart,Britannia milk rusk,4.74,4.74,each,2026-10-01T02:00:00-04:00,2026-10-07T23:59:59-04:00,8158251,,,,True,no_history,False,45.0,⚠️ Below Average,No historical price data available for comparison; scored neutral.,Milk Rusk,Snacks,Cookies,claude_code,,,,0,,False,,,1,,,True,45.0,80,25,Skip,No price history
Walmart,Fleecy fabric softener,10.97,10.97,each,2026-10-01T02:00:00-04:00,2026-10-07T23:59:59-04:00,8158251,,,,True,,False,37.0,⚠️ Below Average,Near average ($10.46),Fabric Softener,Household & Personal,Laundry,cached,4.97,15.99,11.61,27,59.3,False,5.5,1,5,10.97,Walmart,False,63.9,100,88,Only if needed,6% below avg $11.61; Cheapest of 5 stores; 27 prior prices
Walmart,Pedigree dry dog food,22.48,22.48,each,2026-10-01T02:00:00-04:00,2026-10-07T23:59:59-04:00,8158251,,,,True,,False,39.0,⚠️ Below Average,Near average ($22.20),Dry Dog Food,Household & Personal,Pet Food/Supplies,cached,6.98,56.99,26.29,66,59.1,False,14.5,2,5,11.0,No Frills,False,60.1,100,88,Only if needed,14% below avg $26.29; #2 of 5 stores; 66 prior prices
Walmart,OL' Roy Munchy Bone dog treats,29.98,29.98,each,2026-10-01T02:00:00-04:00,2026-10-07T23:59:59-04:00,8158251,,,,True,no_history,False,45.0,⚠️ Below Average,No historical price data available for comparison; scored neutral.,Dog Treats (Munchy Bone),Household & Personal,Pet Food/Supplies,claude_code,,,,0,,False,,,1,,,False,40.0,80,25,Skip,No price history
Walmart,Webber Naturals magnesium,11.97,11.97,each,2026-10-01T02:00:00-04:00,2026-10-07T23:59:59-04:00,8158251,,,,True,,False,66.0,😐 Fair,LOWEST PRICE in 6 months (usually $15.72),Magnesium,Household & Personal,nan,cached,5.94,21.97,13.4,20,55.0,False,10.7,,1,,,False,47.5,100,73,Skip,11% below avg $13.40; 20 prior prices
Walmart,Vega Essentials protein powder,25.97,25.97,each,2026-10-01T02:00:00-04:00,2026-10-07T23:59:59-04:00,8158251,,,,True,,False,45.0,⚠️ Below Average,No historical price data available for comparison; scored neutral.,Protein Powder,Household & Personal,Health/Pharmacy,claude_code,3.99,56.99,33.1,43,72.1,False,21.5,,1,,,False,55.0,100,73,Only if needed,22% below avg $33.10; 43 prior prices
Walmart,Prana overnight chia,5.97,5.97,each,2026-10-01T02:00:00-04:00,2026-10-07T23:59:59-04:00,8158251,,,,True,,False,45.0,⚠️ Below Average,No historical price data available for comparison; scored neutral.,Chia (Overnight),Pantry,Breakfast/Cereal,claude_code,5.99,9.99,6.99,4,100.0,True,14.6,,1,,,False,60.2,100,62,Only if needed,15% below avg $6.99; Lowest seen; 4 prior prices
Walmart,BFit vanilla or chocolate protein shake,2.97,2.97,each,2026-10-01T02:00:00-04:00,2026-10-07T23:59:59-04:00,8158251,,,,True,,False,50.0,😐 Fair,No historical or cross-store data available; price shown at face value ($2.97).,Protein Shake,Beverages,Energy/Sports Drinks,claude_code,3.0,30.99,13.66,6,100.0,True,78.3,1,2,2.97,Walmart,False,100.0,100,77,Stock up,78% below avg $13.66; Lowest seen; Cheapest of 2 stores
Walmart,Mane'n Tail shampoo or conditioner,10.77,10.77,each,2026-10-01T02:00:00-04:00,2026-10-07T23:59:59-04:00,8158251,,,,True,,False,50.0,😐 Fair,No historical or cross-store data available; price shown at face value ($10.77).,Shampoo,Household & Personal,Personal Care,claude_code,2.75,23.99,8.13,81,17.3,False,-32.5,,1,,,False,23.8,100,73,Skip,32% above average; 81 prior prices
Walmart,Clif Bars,7.47,7.47,each,2026-10-01T02:00:00-04:00,2026-10-07T23:59:59-04:00,8158251,,,,True,,False,48.0,⚠️ Below Average,Above average (usually $6.09). Best price across 2 stores,Bars,Snacks,nan,cached,2.29,20.0,8.48,24,58.3,False,11.9,3,5,4.0,Sobeys,False,53.3,100,88,Only if needed,12% below avg $8.48; #3 of 5 stores; 24 prior prices
Walmart,Your Fresh Market™ carrots,2.74,2.74,each,2026-10-01T02:00:00-04:00,2026-10-07T23:59:59-04:00,8158251,,,,True,,False,52.0,😐 Fair,LOWEST PRICE in 6 months (usually $2.84),Carrots,Produce,Vegetables,cached,1.28,6.99,3.49,16,87.5,False,21.4,1,3,2.74,Walmart,False,75.0,100,85,Compare first,21% below avg $3.49; Cheapest of 3 stores; 16 prior prices
Walmart,Dairyland 10% cream,2.97,2.97,each,2026-10-01T02:00:00-04:00,2026-10-07T23:59:59-04:00,8158251,,,,True,,False,77.0,✅ Good Buy,"9.5% below avg of $3.28, matches historic min $2.97, tied for best price across 2 stores.",Cream (10%),Dairy & Eggs,Cream,claude_code,2.49,4.29,3.47,35,91.4,False,14.4,,1,,,False,50.1,100,73,Only if needed,14% below avg $3.47; 35 prior prices
Walmart,Multi-purpose paper 500-pack,8.98,8.98,each,2026-10-01T02:00:00-04:00,2026-10-07T23:59:59-04:00,8158251,0.02,$/each,500.0,True,no_history,False,50.0,😐 Fair,No historical or cross-store data available; unit price $0.02/each.,Multi-Purpose Paper (500-pack),Household & Personal,Paper Products,claude_code,,,,0,,False,,,1,,,False,45.0,80,33,Skip,No price history; Unit price checked $/each
Walmart,Your Fresh Market™ yellow onions,4.24,4.24,each,2026-10-01T02:00:00-04:00,2026-10-07T23:59:59-04:00,8158251,,,,True,,False,25.0,❌ Poor Value,Above average (usually $3.31),Onions (Yellow),Produce,Vegetables,cached,2.74,5.99,3.75,11,18.2,False,-13.1,1,2,4.24,Walmart,True,58.5,100,81,Only if needed,13% above average; Cheapest of 2 stores; 11 prior prices
Walmart,Pampers superpack diapers,28.98,28.98,each,2026-10-01T02:00:00-04:00,2026-10-07T23:59:59-04:00,8158251,,,,True,,False,40.0,⚠️ Below Average,Standard pricing (no historical data),Diapers (Superpack),Household & Personal,nan,cached,11.0,49.0,32.43,89,69.1,False,10.6,,1,,,False,47.4,100,73,Skip,11% below avg $32.43; 89 prior prices
Walmart,Toddlers' or infants' costume,24.98,24.98,each,2026-10-01T02:00:00-04:00,2026-10-07T23:59:59-04:00,8158251,,,,True,,False,50.0,😐 Fair,No historical or cross-store data available; price shown at face value ($24.98).,Toddler Costume,Other,Seasonal,claude_code,4.0,35.0,18.73,30,20.0,False,-33.4,,1,,,False,23.3,100,73,Skip,33% above average; 30 prior prices
Walmart,Tylenol Cold 20s Each,8.77,8.77,each,2026-10-01T02:00:00-04:00,2026-10-07T23:59:59-04:00,8158251,,,,True,,False,50.0,😐 Fair,No historical or cross-store data available; price shown at face value ($8.77).,Tylenol Cold Tablets (20ct),Household & Personal,Health/Pharmacy,claude_code,9.77,13.99,11.18,3,100.0,True,21.5,,1,,,False,65.0,100,62,Only if needed,22% below avg $11.18; Lowest seen; 3 prior prices
Walmart,20V Brushless Drill or Impact Driver,64.98,64.98,each,2026-10-01T02:00:00-04:00,2026-10-07T23:59:59-04:00,8158251,,,,True,no_history,False,50.0,😐 Fair,No historical or cross-store data available; price shown at face value ($64.98).,20V Brushless Drill,Other,General,claude_code,,,,0,,False,,,1,,,False,40.0,80,25,Skip,No price history
Walmart,Good Protein plant-based shake mixes,26.97,26.97,each,2026-10-01T02:00:00-04:00,2026-10-07T23:59:59-04:00,8158251,,,,True,,False,50.0,😐 Fair,No historical or cross-store data available; price shown at face value ($26.97).,Plant-Based Protein Shake Mix,Beverages,Energy/Sports Drinks,claude_code,9.99,48.99,28.14,13,69.2,False,4.2,,1,,,False,42.9,100,70,Skip,13 prior prices
Walmart,Prana Grano Love,3.97,3.97,each,2026-10-01T02:00:00-04:00,2026-10-07T23:59:59-04:00,8158251,,,,True,,False,50.0,😐 Fair,No historical or cross-store data available; price shown at face value ($3.97).,Granola Bar,Snacks,Bars/Granola,claude_code,2.0,14.49,5.7,166,55.4,False,30.3,,1,,,False,61.2,100,73,Only if needed,30% below avg $5.70; 166 prior prices
Walmart,IAMS Proactive Health dry dog food for large breeds,64.98,64.98,each,2026-10-01T02:00:00-04:00,2026-10-07T23:59:59-04:00,8158251,,,,True,,False,0.0,❌ Poor Value,114.9% above avg of $30.24; priced at the historic max of $64.98 vs. seen low of $17.99.,Dry Dog Food (Large Breed),Household & Personal,Pet Food/Supplies,claude_code,17.99,64.98,29.58,5,0.0,False,-119.6,,1,,,False,15.0,100,66,Skip,120% above average; 5 prior prices
Walmart,HOMCOM 9' inflatable LED pumpkin,62.99,62.99,each,2026-10-01T02:00:00-04:00,2026-10-07T23:59:59-04:00,8158251,,,,True,no_history,False,50.0,😐 Fair,No historical or cross-store data available; price shown at face value ($62.99).,Inflatable LED Pumpkin (9ft),Other,Seasonal,claude_code,,,,0,,False,,,1,,,False,40.0,80,25,Skip,No price history
Walmart,8' LED ghost tree inflatable,62.99,62.99,each,2026-10-01T02:00:00-04:00,2026-10-07T23:59:59-04:00,8158251,,,,True,no_history,False,50.0,😐 Fair,No historical or cross-store data available; price shown at face value ($62.99).,Inflatable LED Ghost Tree (8ft),Other,Seasonal,claude_code,,,,0,,False,,,1,,,False,40.0,80,25,Skip,No price history
Walmart,Milk-Bone dog biscuits,3.97,3.97,each,2026-10-01T02:00:00-04:00,2026-10-07T23:59:59-04:00,8158251,,,,True,,False,56.0,😐 Fair,"8.3% below avg of $4.33, new low of $3.97 vs. previous min $4.00.",Dog Biscuits,Household & Personal,Pet Food/Supplies,claude_code,1.99,10.99,5.89,20,82.5,False,32.6,,1,,,True,67.8,100,73,Only if needed,33% below avg $5.89; 20 prior prices
Walmart,Jamieson vitamins,9.97,9.97,each,2026-10-01T02:00:00-04:00,2026-10-07T23:59:59-04:00,8158251,,,,True,,False,15.0,❌ Poor Value,Above average (usually $6.28),Vitamins,Household & Personal,Health/Pharmacy,cached,4.76,20.82,14.04,5,80.0,False,29.0,2,3,8.81,Real Canadian Superstore,False,70.3,100,81,Compare first,29% below avg $14.04; #2 of 3 stores; 5 prior prices
Walmart,Philadelphia cream cheese,3.97,3.97,each,2026-10-01T02:00:00-04:00,2026-10-07T23:59:59-04:00,8158251,,,,True,,False,83.0,✅ Good Buy,LOWEST PRICE in 6 months (usually $4.92). Best price across 4 stores,Cream Cheese,Dairy & Eggs,Cheese (Block),cached,2.99,6.99,4.21,55,55.5,False,5.8,,1,,,True,49.1,100,73,Skip,6% below avg $4.21; 55 prior prices
Walmart,6-Sheet strip-cut shredder,29.88,29.88,each,2026-10-01T02:00:00-04:00,2026-10-07T23:59:59-04:00,8158251,,,,True,no_history,False,50.0,😐 Fair,No historical or cross-store data available; price shown at face value ($29.88).,Strip-Cut Paper Shredder (6-Sheet),Other,General,claude_code,,,,0,,False,,,1,,,False,40.0,80,25,Skip,No price history
Walmart,Swiffer refills & Sweep + Mop starter kit,15.97,15.97,each,2026-10-01T02:00:00-04:00,2026-10-07T23:59:59-04:00,8158251,,,,True,,False,40.0,⚠️ Below Average,Standard pricing (no historical data),Sweep + Mop Starter Kit,Household & Personal,Cleaning Supplies,cached,6.97,19.99,12.53,35,21.4,False,-27.4,,1,,,False,26.3,100,73,Skip,27% above average; 35 prior prices
Walmart,Dabur mustard oil,7.98,7.98,each,2026-10-01T02:00:00-04:00,2026-10-07T23:59:59-04:00,8158251,,,,True,,False,28.0,❌ Poor Value,Above average (usually $6.48),Mustard Oil,Pantry,Spices/Oils,cached,4.99,7.98,6.62,4,0.0,False,-20.6,,1,,,False,29.7,100,62,Skip,21% above average; 4 prior prices
Walmart,Pure Balance dry dog food,49.98,49.98,each,2026-10-01T02:00:00-04:00,2026-10-07T23:59:59-04:00,8158251,,,,True,,False,23.0,❌ Poor Value,Above average (usually $37.64),Dry Dog Food,Household & Personal,Pet Food/Supplies,cached,6.98,56.99,26.29,66,9.1,False,-90.1,5,5,11.0,No Frills,False,5.0,100,88,Skip,90% above average; 66 prior prices
Walmart,AA24 or AAA16 batteries,14.97,14.97,each,2026-10-01T02:00:00-04:00,2026-10-07T23:59:59-04:00,8158251,,,,True,,False,50.0,😐 Fair,No historical or cross-store data available; price shown at face value ($14.97).,Batteries (AA/AAA),Other,General,claude_code,17.0,22.0,18.42,7,100.0,True,18.7,,1,,,False,63.1,100,66,Only if needed,19% below avg $18.42; Lowest seen; 7 prior prices
Walmart,Novelty drinkware or trick-or-treat buckets,3.0,3.0,each,2026-10-01T02:00:00-04:00,2026-10-07T23:59:59-04:00,8158251,,,,True,no_history,False,50.0,😐 Fair,No historical or cross-store data available; price shown at face value ($3.00).,Trick-or-Treat Bucket,Other,Seasonal,claude_code,,,,0,,False,,,1,,,False,40.0,80,25,Skip,No price history
Walmart,Infants' costume,24.98,24.98,each,2026-10-01T02:00:00-04:00,2026-10-07T23:59:59-04:00,8158251,,,,True,,False,50.0,😐 Fair,No historical or cross-store data available; price shown at face value ($24.98).,Infant Costume,Other,Seasonal,claude_code,5.0,49.97,15.4,10,20.0,False,-62.2,,1,,,False,15.0,100,70,Skip,62% above average; 10 prior prices
Walmart,Licensed Halloween inflatables,39.98,39.98,each,2026-10-01T02:00:00-04:00,2026-10-07T23:59:59-04:00,8158251,,,,True,,False,50.0,😐 Fair,No historical or cross-store data available; price shown at face value ($39.98).,Licensed Halloween Inflatable,Other,Seasonal,claude_code,29.0,59.98,40.99,4,50.0,False,2.5,,1,,,False,41.8,100,62,Skip,4 prior prices
Walmart,HOMCOM 6' jack-o'-lantern ghosts,44.99,44.99,each,2026-10-01T02:00:00-04:00,2026-10-07T23:59:59-04:00,8158251,,,,True,no_history,False,50.0,😐 Fair,No historical or cross-store data available; price shown at face value ($44.99).,Jack-O'-Lantern Ghost Inflatable (6ft),Other,Seasonal,claude_code,,,,0,,False,,,1,,,False,40.0,80,25,Skip,No price history
Walmart,Your Fresh Market™ McIntosh apples,4.98,4.98,each,2026-10-01T02:00:00-04:00,2026-10-07T23:59:59-04:00,8158251,,,,True,,False,50.0,😐 Fair,No historical or cross-store data available; price shown at face value ($4.98).,Apples (McIntosh),Produce,Fruit,claude_code,1.77,6.99,5.14,3,66.7,False,3.0,5,6,1.99,Sobeys,True,37.1,100,77,Skip,3 prior prices
Walmart,Biba Rangriti Indian ethnic suit set for women - Chandrima Set,81.74,81.74,each,2026-10-01T02:00:00-04:00,2026-10-07T23:59:59-04:00,8158251,,,,True,no_history,False,50.0,😐 Fair,No historical or cross-store data available; price shown at face value ($81.74).,Women's Ethnic Suit Set,Other,General,claude_code,,,,0,,False,,,1,,,False,40.0,80,25,Skip,No price history
Walmart,Biba Rangriti Indian ethnic kurta pants set for women - Festive Glam Set,58.19,58.19,each,2026-10-01T02:00:00-04:00,2026-10-07T23:59:59-04:00,8158251,,,,True,no_history,False,50.0,😐 Fair,No historical or cross-store data available; price shown at face value ($58.19).,Women's Kurta Pants Set,Other,General,claude_code,,,,0,,False,,,1,,,False,40.0,80,25,Skip,No price history
Walmart,Benylin 100 mL or Tylenol Cold 20s Each.,8.77,8.77,each,2026-10-01T02:00:00-04:00,2026-10-07T23:59:59-04:00,8158251,87.7,$/L,100.0,True,no_history,False,50.0,😐 Fair,No historical or cross-store data available; unit price $87.70/L.,"Cold Medicine (Benylin, 100mL)",Household & Personal,Health/Pharmacy,claude_code,,,,0,,False,,,1,,,False,45.0,80,33,Skip,No price history; Unit price checked $/L
Walmart,Laminator,24.97,24.97,each,2026-10-01T02:00:00-04:00,2026-10-07T23:59:59-04:00,8158251,,,,True,low_history,False,50.0,😐 Fair,"0.04% below avg of $24.98, matches historic low of $24.97.",Laminator,Other,General,claude_code,24.97,24.98,24.98,2,50.0,True,0.0,,1,,,False,50.0,90,56,Only if needed,Lowest seen; Only 2 prior prices
Walmart,OPI RapiDry Quick-Dry nail lacquer,9.97,9.97,each,2026-10-01T02:00:00-04:00,2026-10-07T23:59:59-04:00,8158251,,,,True,no_history,False,50.0,😐 Fair,No historical or cross-store data available; price shown at face value ($9.97).,Nail Polish (Quick-Dry),Household & Personal,Personal Care,claude_code,,,,0,,False,,,1,,,False,40.0,80,25,Skip,No price history
Walmart,Microfibre cleaning towels,14.98,14.98,each,2026-10-01T02:00:00-04:00,2026-10-07T23:59:59-04:00,8158251,,,,True,,False,29.0,❌ Poor Value,Above average (usually $12.31),Cleaning Towels (Microfibre),Household & Personal,nan,cached,10.98,19.88,15.34,5,40.0,False,2.3,,1,,,False,41.6,100,66,Skip,5 prior prices
Walmart,Water line antifreeze -50°C,16.82,16.82,each,2026-10-01T02:00:00-04:00,2026-10-07T23:59:59-04:00,8158251,,,,True,no_history,False,50.0,😐 Fair,No historical or cross-store data available; price shown at face value ($16.82).,Water Line Antifreeze (-50°C),Other,Automotive,claude_code,,,,0,,False,,,1,,,False,40.0,80,25,Skip,No price history
Walmart,Bulk Honeycrisp apples,2.98,2.98,each,2026-10-01T02:00:00-04:00,2026-10-07T23:59:59-04:00,8158251,,,,True,,False,40.0,⚠️ Below Average,Standard pricing (no historical data),Apples (Honeycrisp),Produce,Fruit,cached,2.98,7.0,5.66,3,66.7,True,47.3,,1,,,True,88.1,100,62,Buy this week,47% below avg $5.66; Lowest seen; 3 prior prices
Walmart,Garnier Nutrisse hair colour,10.22,10.22,each,2026-10-01T02:00:00-04:00,2026-10-07T23:59:59-04:00,8158251,,,,True,,False,49.0,⚠️ Below Average,Near average ($10.16). $10.00 at Real Canadian Superstore,Hair Colour,Household & Personal,nan,cached,6.0,16.99,11.51,21,61.9,False,11.2,4,5,6.5,Real Canadian Superstore,False,37.8,100,88,Skip,11% below avg $11.51; 21 prior prices
Walmart,"5"" Orbital Sander",36.97,36.97,each,2026-10-01T02:00:00-04:00,2026-10-07T23:59:59-04:00,8158251,,,,True,no_history,False,50.0,😐 Fair,No historical or cross-store data available; price shown at face value ($36.97).,Orbital Sander (5-inch),Other,General,claude_code,,,,0,,False,,,1,,,False,40.0,80,25,Skip,No price history
Walmart,Lawn stake lights set,14.98,14.98,each,2026-10-01T02:00:00-04:00,2026-10-07T23:59:59-04:00,8158251,,,,True,low_history,False,50.0,😐 Fair,No historical or cross-store data available; price shown at face value ($14.98).,Lawn Stake Lights Set,Other,Seasonal,claude_code,1.5,1.5,1.5,2,0.0,False,-898.7,,1,,,False,15.0,90,56,Skip,899% above average; Only 2 prior prices
Walmart,"16"" Hanging retro decor",22.98,22.98,each,2026-10-01T02:00:00-04:00,2026-10-07T23:59:59-04:00,8158251,,,,True,no_history,False,50.0,😐 Fair,No historical or cross-store data available; price shown at face value ($22.98).,Hanging Retro Decor (16-inch),Other,Seasonal,claude_code,,,,0,,False,,,1,,,False,40.0,80,25,Skip,No price history
Walmart,Your Fresh Market™ apple cider,5.47,5.47,each,2026-10-01T02:00:00-04:00,2026-10-07T23:59:59-04:00,8158251,,,,True,,False,50.0,😐 Fair,No historical or cross-store data available; price shown at face value ($5.47).,Apple Cider,Beverages,Juice,claude_code,1.94,27.16,7.7,133,62.4,False,28.9,1,3,5.47,Walmart,False,80.2,100,88,Buy this week,29% below avg $7.70; Cheapest of 3 stores; 133 prior prices
Walmart,Verka gurkhpur jaggery,2.24,2.24,each,2026-10-01T02:00:00-04:00,2026-10-07T23:59:59-04:00,8158251,,,,True,no_history,False,50.0,😐 Fair,No historical or cross-store data available; price shown at face value ($2.24).,Jaggery,Pantry,Baking Supplies,claude_code,,,,0,,False,,,1,,,False,40.0,80,25,Skip,No price history
Walmart,Ceramic decor,22.98,22.98,each,2026-10-01T02:00:00-04:00,2026-10-07T23:59:59-04:00,8158251,,,,True,no_history,False,50.0,😐 Fair,No historical or cross-store data available; price shown at face value ($22.98).,Ceramic Decor,Other,Seasonal,claude_code,,,,0,,False,,,1,,,False,40.0,80,25,Skip,No price history
Walmart,Halloween inflatables,59.98,59.98,each,2026-10-01T02:00:00-04:00,2026-10-07T23:59:59-04:00,8158251,,,,True,,False,16.0,❌ Poor Value,34.3% above avg of $44.66; priced at historic max $59.98 vs. seen low of $29.00.,Halloween Inflatable,Other,Seasonal,claude_code,29.0,59.98,44.66,3,0.0,False,-34.3,3,3,32.0,Real Canadian Superstore,False,27.9,100,77,Skip,34% above average; #3 of 3 stores; 3 prior prices
Walmart,Sitara sliced okra,1.17,1.17,each,2026-10-01T02:00:00-04:00,2026-10-07T23:59:59-04:00,8158251,,,,True,no_history,False,40.0,⚠️ Below Average,Standard pricing (no historical data),"Okra (Sliced, Frozen)",Frozen,Fruit/Vegetables,cached,,,,0,,False,,,1,,,False,40.0,80,25,Skip,No price history
Walmart,Dole canned pineapples,1.97,1.97,each,2026-10-01T02:00:00-04:00,2026-10-07T23:59:59-04:00,8158251,,,,True,,False,50.0,😐 Fair,No historical or cross-store data available; price shown at face value ($1.97).,Canned Pineapple,Pantry,Canned Goods,claude_code,2.99,5.99,4.35,9,100.0,True,54.7,,1,,,True,90.0,100,66,Buy this week,55% below avg $4.35; Lowest seen; 9 prior prices
Walmart,Dove shampoo or conditioner,8.47,8.47,each,2026-10-01T02:00:00-04:00,2026-10-07T23:59:59-04:00,8158251,,,,True,,False,31.0,⚠️ Below Average,Above average (usually $7.21),Shampoo or Conditioner,Household & Personal,Personal Care,cached,3.49,10.47,7.7,7,57.1,False,-10.0,,1,,,False,35.0,100,66,Skip,10% above average; 7 prior prices
Walmart,Colgate Optic White Advanced 133 mL,6.97,6.97,each,2026-10-01T02:00:00-04:00,2026-10-07T23:59:59-04:00,8158251,52.41,$/L,133.0,True,,False,50.0,😐 Fair,No historical or cross-store data available; unit price $52.41/L.,Toothpaste (Whitening),Household & Personal,Personal Care,claude_code,4.94,9.27,6.53,6,33.3,False,-6.8,1,3,6.97,Walmart,False,61.6,100,89,Only if needed,7% above average; Cheapest of 3 stores; 6 prior prices
Walmart,MAINSTAYS 6' Folding plastic table,59.97,59.97,each,2026-10-01T02:00:00-04:00,2026-10-07T23:59:59-04:00,8158251,,,,True,low_history,False,50.0,😐 Fair,No historical or cross-store data available; price shown at face value ($59.97).,"Folding Table (6ft, Plastic)",Other,General,claude_code,53.97,59.97,56.97,2,0.0,False,-5.3,,1,,,False,37.4,90,56,Skip,5% above average; Only 2 prior prices
Walmart,Energizer MAX batteries,14.97,14.97,each,2026-10-01T02:00:00-04:00,2026-10-07T23:59:59-04:00,8158251,,,,True,,False,15.0,❌ Poor Value,Above average (usually $9.99),Batteries,Household & Personal,Household & Personal,cached,4.99,19.99,13.19,15,46.7,False,-13.5,,1,,,False,33.2,100,70,Skip,14% above average; 15 prior prices
Walmart,Cetaphil Healthy Radiance brightening-C serum 30 mL or cream 50 g,32.97,32.97,each,2026-10-01T02:00:00-04:00,2026-10-07T23:59:59-04:00,8158251,,,,True,unit_price_outlier;no_history,False,50.0,😐 Fair,No historical or cross-store data available; price shown at face value ($32.97).,Brightening-C Serum (30mL),Household & Personal,Personal Care,claude_code,,,,0,,False,,,1,,,False,40.0,45,0,Skip,No price history
Walmart,2.2-qt. Air fryer,39.98,39.98,each,2026-10-01T02:00:00-04:00,2026-10-07T23:59:59-04:00,8158251,,,,True,,False,50.0,😐 Fair,At avg/min price of $39.98 consistently across 4 observations; no cross-store comparison.,Air Fryer (2.2qt),Other,General,claude_code,2.5,797.0,95.37,52,61.5,False,58.1,,1,,,False,75.0,100,73,Compare first,58% below avg $95.37; 52 prior prices
Walmart,Glade Plugins Scented Oil Plus air freshener starter kit,8.97,8.97,each,2026-10-01T02:00:00-04:00,2026-10-07T23:59:59-04:00,8158251,,,,True,,False,20.0,❌ Poor Value,Above average (usually $6.47),Plug-In Air Freshener Starter Kit,Household & Personal,Cleaning Supplies,cached,3.97,14.96,8.17,5,30.0,False,-9.8,,1,,,False,35.1,100,66,Skip,10% above average; 5 prior prices
Walmart,Great Value lemon scented disinfecting wipes,3.97,3.97,each,2026-10-01T02:00:00-04:00,2026-10-07T23:59:59-04:00,8158251,,,,True,no_history,False,40.0,⚠️ Below Average,Standard pricing (no historical data),Disinfecting Wipes (Lemon),Household & Personal,Cleaning Supplies,cached,,,,0,,False,,,1,,,False,40.0,80,25,Skip,No price history
Walmart,Your Fresh Market™ apple fritter 4-pack,4.78,4.78,each,2026-10-01T02:00:00-04:00,2026-10-07T23:59:59-04:00,8158251,1.2,$/each,4.0,True,low_history,False,50.0,😐 Fair,No historical or cross-store data available; unit price $1.20/each.,Apple Fritter (4-pack),Bakery,Pastries/Donuts,claude_code,5.94,5.94,5.94,2,100.0,True,19.5,,1,,,False,68.7,90,64,Only if needed,20% below avg $5.94; Lowest seen; Only 2 prior prices
Walmart,Bulk Gala apples,1.28,1.28,each,2026-10-01T02:00:00-04:00,2026-10-07T23:59:59-04:00,8158251,,,,True,,False,40.0,⚠️ Below Average,Standard pricing (no historical data),Apples (Gala),Produce,Fruit,cached,1.28,7.99,5.66,9,88.9,True,77.4,1,4,1.28,Walmart,True,100.0,100,81,Stock up,77% below avg $5.66; Lowest seen; Cheapest of 4 stores
Walmart,Light-up decor,22.98,22.98,each,2026-10-01T02:00:00-04:00,2026-10-07T23:59:59-04:00,8158251,,,,True,no_history,False,50.0,😐 Fair,No historical or cross-store data available; price shown at face value ($22.98).,Light-Up Decor,Other,Seasonal,claude_code,,,,0,,False,,,1,,,False,40.0,80,25,Skip,No price history
Walmart,Glass candle stick or Skull arrangement,14.98,14.98,each,2026-10-01T02:00:00-04:00,2026-10-07T23:59:59-04:00,8158251,,,,True,no_history,False,45.0,⚠️ Below Average,No price history available; priced at $14.98 with neutral rating.,Glass Candle Stick,Other,Seasonal,claude_code,,,,0,,False,,,1,,,False,40.0,80,25,Skip,No price history
Walmart,Listerine Clinical Solutions Gum Therapy mouthwash,9.27,9.27,each,2026-10-01T02:00:00-04:00,2026-10-07T23:59:59-04:00,8158251,,,,True,,False,45.0,⚠️ Below Average,No price history available; priced at $9.27 with neutral rating.,Gum Therapy Mouthwash,Household & Personal,Personal Care,claude_code,9.27,10.97,9.84,3,50.0,True,5.8,,1,,,False,54.1,100,62,Only if needed,6% below avg $9.84; Lowest seen; 3 prior prices
Walmart,Scotties 2-ply or 3-ply facial tissue,19.97,19.97,each,2026-10-01T02:00:00-04:00,2026-10-07T23:59:59-04:00,8158251,,,,True,,False,40.0,⚠️ Below Average,Standard pricing (no historical data),Facial Tissue (2-Ply),Household & Personal,Paper Products,cached,2.2,19.99,11.02,28,7.1,False,-81.2,,1,,,False,15.0,100,73,Skip,81% above average; 28 prior prices
Walmart,Cadbury Dairy Milk Chocolate bars,2.62,2.62,each,2026-10-01T02:00:00-04:00,2026-10-07T23:59:59-04:00,8158251,,,,True,,False,80.0,✅ Good Buy,43% below avg of $4.59 and matches the historical low of $2.62 (6 data points).,Dairy Milk Chocolate Bar,Snacks,Candy/Chocolate,claude_code,0.98,23.0,4.71,162,75.9,False,44.4,,1,,,True,76.1,100,73,Buy this week,44% below avg $4.71; 162 prior prices
Walmart,MAINSTAYS Fabric padded folding chair,21.98,21.98,each,2026-10-01T02:00:00-04:00,2026-10-07T23:59:59-04:00,8158251,,,,True,no_history,False,45.0,⚠️ Below Average,No price history available; priced at $21.98 with neutral rating.,Fabric Padded Folding Chair,Other,General,claude_code,,,,0,,False,,,1,,,False,40.0,80,25,Skip,No price history
Walmart,Bulk green peppers,1.92,1.92,each,2026-10-01T02:00:00-04:00,2026-10-07T23:59:59-04:00,8158251,,,,True,,False,70.0,✅ Good Buy,LOWEST PRICE in 6 months (usually $2.69),Green Peppers,Produce,Vegetables,cached,1.92,18.0,6.23,14,92.9,True,69.2,,1,,,False,85.0,100,70,Buy this week,69% below avg $6.23; Lowest seen; 14 prior prices
Walmart,Reynolds compostable parchment paper 75',6.98,6.98,each,2026-10-01T02:00:00-04:00,2026-10-07T23:59:59-04:00,8158251,,,,True,,False,69.0,😐 Fair,LOWEST PRICE in 6 months (usually $9.63),Compostable Parchment Paper,Pantry,nan,cached,2.99,10.96,5.39,16,25.0,False,-29.5,,1,,,False,25.2,100,70,Skip,30% above average; 16 prior prices
Walmart,Fleecy dryer sheets 200s,10.97,10.97,each,2026-10-01T02:00:00-04:00,2026-10-07T23:59:59-04:00,8158251,,,,True,,False,45.0,⚠️ Below Average,No price history available; priced at $10.97 with neutral rating.,Dryer Sheets (200ct),Household & Personal,Laundry,claude_code,7.99,10.99,9.63,13,7.7,False,-13.9,,1,,,False,33.0,100,70,Skip,14% above average; 13 prior prices
Walmart,Betty Crocker cake mix,1.87,1.87,each,2026-10-01T02:00:00-04:00,2026-10-07T23:59:59-04:00,8158251,,,,True,,False,40.0,⚠️ Below Average,Standard pricing (no historical data),Cake Mix,Pantry,nan,cached,1.89,5.0,3.29,8,100.0,True,43.2,1,3,1.87,Walmart,False,100.0,100,81,Stock up,43% below avg $3.29; Lowest seen; Cheapest of 3 stores
Walmart,Dempster's white or whole wheat bread,2.56,2.56,each,2026-10-01T02:00:00-04:00,2026-10-07T23:59:59-04:00,8158251,,,,True,,False,53.0,😐 Fair,19% below 6-month avg of $3.17,Bread (White),Bakery,nan,cached,1.99,2.99,2.69,9,55.6,False,4.9,,1,,,True,48.4,100,66,Skip,9 prior prices
Walmart,Your Fresh Market™ mini croissants,5.23,5.23,each,2026-10-01T02:00:00-04:00,2026-10-07T23:59:59-04:00,8158251,,,,True,,False,35.0,⚠️ Below Average,"7.6% above avg of $4.86 (range $4.48-$5.23, 2 data points).",Mini Croissants,Bakery,Pastries/Donuts,claude_code,1.94,27.16,6.98,169,50.6,False,25.1,1,2,5.23,Walmart,False,77.6,100,84,Buy this week,25% below avg $6.98; Cheapest of 2 stores; 169 prior prices
Walmart,TheraBreath oral rinse,13.47,13.47,each,2026-10-01T02:00:00-04:00,2026-10-07T23:59:59-04:00,8158251,,,,True,,False,12.0,❌ Poor Value,"39% above avg of $9.66 (range $8.99-$11.00, 3 data points).",Oral Rinse,Household & Personal,Personal Care,claude_code,6.49,14.98,9.21,15,20.0,False,-46.3,,1,,,False,16.9,100,70,Skip,46% above average; 15 prior prices
Walmart,Maple Leaf Natural Selections sliced deli meats,5.97,5.97,each,2026-10-01T02:00:00-04:00,2026-10-07T23:59:59-04:00,8158251,,,,True,,False,63.0,😐 Fair,33% below avg of $8.94 across 27 historical data points.,Sliced Deli Meat,Other,Deli (Prepared),claude_code,2.98,12.0,7.83,9,77.8,False,23.7,1,2,5.97,Walmart,False,76.6,100,77,Buy this week,24% below avg $7.83; Cheapest of 2 stores; 9 prior prices
Walmart,Bulk cluster tomatoes or Roma tomatoes,1.92,1.92,each,2026-10-01T02:00:00-04:00,2026-10-07T23:59:59-04:00,8158251,,,,True,,False,45.0,⚠️ Below Average,No price history available; priced at $1.92 with neutral rating.,Tomatoes,Produce,Vegetables,claude_code,1.92,15.49,4.38,42,95.2,True,56.1,1,3,1.92,Walmart,True,100.0,100,88,Stock up,56% below avg $4.38; Lowest seen; Cheapest of 3 stores
Walmart,Nestlé minis,15.97,15.97,each,2026-10-01T02:00:00-04:00,2026-10-07T23:59:59-04:00,8158251,,,,True,,False,25.0,❌ Poor Value,Above average (usually $12.38),Minis,Snacks,nan,cached,4.79,19.97,12.19,4,25.0,False,-31.0,2,2,3.49,Safeway,False,34.5,100,73,Skip,31% above average; #2 of 2 stores; 4 prior prices
Walmart,Jamieson vitamins,16.47,16.47,each,2026-10-01T02:00:00-04:00,2026-10-07T23:59:59-04:00,8158251,,,,True,,False,15.0,❌ Poor Value,Above average (usually $6.28),Vitamins,Household & Personal,Health/Pharmacy,cached,4.76,20.82,14.04,5,20.0,False,-17.3,3,3,8.81,Real Canadian Superstore,False,36.4,100,81,Skip,17% above average; #3 of 3 stores; 5 prior prices
Walmart,Bulk sweet potatoes,1.24,1.24,each,2026-10-01T02:00:00-04:00,2026-10-07T23:59:59-04:00,8158251,,,,True,,False,80.0,✅ Good Buy,LOWEST PRICE in 6 months (usually $2.20),Sweet Potatoes,Produce,Vegetables,cached,1.94,2.27,2.12,8,100.0,True,41.6,1,4,1.24,Walmart,True,100.0,100,81,Stock up,42% below avg $2.12; Lowest seen; Cheapest of 4 stores
Walmart,Halloween projection light,24.98,24.98,each,2026-10-01T02:00:00-04:00,2026-10-07T23:59:59-04:00,8158251,,,,True,no_history,False,45.0,⚠️ Below Average,No price history available; priced at $24.98 with neutral rating.,Halloween Projection Light,Other,Seasonal,claude_code,,,,0,,False,,,1,,,False,40.0,80,25,Skip,No price history
Walmart,500 mL Canning Jars,13.97,13.97,each,2026-10-01T02:00:00-04:00,2026-10-07T23:59:59-04:00,8158251,27.94,$/L,500.0,True,,False,53.0,😐 Fair,5% below avg of $14.64 and matches historical low of $13.97 (3 data points).,Canning Jars,Other,General,claude_code,2.67,59.88,33.17,7,71.4,False,15.8,,1,,,False,56.1,100,74,Only if needed,16% below avg $33.17; 7 prior prices; Unit price checked $/L
Walmart,Fleecy fabric softener 3.5 L,10.97,10.97,each,2026-10-01T02:00:00-04:00,2026-10-07T23:59:59-04:00,8158251,3.13,$/L,3500.0,True,,False,35.0,⚠️ Below Average,Near average ($10.11),Fabric Softener,Household & Personal,nan,cached,2.28,3.45,2.86,4,25.0,False,-9.5,2,5,10.97,Walmart,False,50.2,100,85,Only if needed,10% above average; #2 of 5 stores; 4 prior prices
Walmart,"Royal Chinet 10.38"" dinner plates",21.47,21.47,each,2026-10-01T02:00:00-04:00,2026-10-07T23:59:59-04:00,8158251,,,,True,,False,38.0,⚠️ Below Average,Near average ($20.72),Dinner Plates,Household & Personal,nan,cached,13.97,21.47,18.84,4,0.0,False,-13.9,,1,,,False,33.0,100,62,Skip,14% above average; 4 prior prices
Walmart,Listerine PocketMist Cool Mint oral care mist,5.77,5.77,each,2026-10-01T02:00:00-04:00,2026-10-07T23:59:59-04:00,8158251,,,,True,low_history,False,45.0,⚠️ Below Average,No price history available; priced at $5.77 with neutral rating.,Oral Care Mist,Household & Personal,Personal Care,claude_code,5.77,6.27,6.02,2,50.0,True,4.2,,1,,,False,52.9,90,56,Only if needed,Lowest seen; Only 2 prior prices
Walmart,Red cabbage,0.78,0.78,each,2026-10-01T02:00:00-04:00,2026-10-07T23:59:59-04:00,8158251,,,,True,,False,100.0,🔥 Hot Deal,"75% below avg of $3.14, matches historical low of $0.78, and is the best price among 2 stores.",Red Cabbage,Produce,Vegetables,claude_code,0.78,4.79,3.14,4,75.0,True,75.1,1,2,0.78,Walmart,False,100.0,100,73,Stock up,75% below avg $3.14; Lowest seen; Cheapest of 2 stores
Walmart,Del Monte grapefruit or peach fruit cups 4 x 190 mL,7.97,7.97,each,2026-10-01T02:00:00-04:00,2026-10-07T23:59:59-04:00,8158251,10.49,$/L,760.0,True,,False,45.0,⚠️ Below Average,No price history available; priced at $7.97 with neutral rating.,Fruit Cups,Pantry,Canned Goods,claude_code,2.99,14.99,6.53,13,23.1,False,-22.0,,1,,,False,34.0,100,78,Skip,22% above average; 13 prior prices; Unit price checked $/L
Walmart,Coffee mate liquid coffee enhancer,4.97,4.97,each,2026-10-01T02:00:00-04:00,2026-10-07T23:59:59-04:00,8158251,,,,True,,False,50.0,😐 Fair,LOWEST PRICE in 6 months (usually $4.97),Liquid Coffee Enhancer,Dairy & Eggs,nan,cached,4.97,6.98,6.3,3,66.7,True,21.2,,1,,,True,69.8,100,62,Only if needed,21% below avg $6.30; Lowest seen; 3 prior prices
Walmart,Always Flexfoam pads or Tampax tampons,10.98,10.98,each,2026-10-01T02:00:00-04:00,2026-10-07T23:59:59-04:00,8158251,,,,True,,False,59.0,😐 Fair,LOWEST PRICE in 6 months (usually $12.64),Flexfoam Pads,Household & Personal,Personal Care,cached,10.98,13.47,12.64,3,66.7,True,13.1,,1,,,False,59.2,100,62,Only if needed,13% below avg $12.64; Lowest seen; 3 prior prices
Walmart,Arctic King 3-cu. ft. Upright freezer or 5.1-cu. ft. chest freezer,189.98,189.98,each,2026-10-01T02:00:00-04:00,2026-10-07T23:59:59-04:00,8158251,,,,True,,False,45.0,⚠️ Below Average,No price history available; priced at $189.98 with neutral rating.,Upright Freezer,Other,General,claude_code,149.98,189.98,176.65,3,16.7,False,-7.5,,1,,,False,36.2,100,62,Skip,8% above average; 3 prior prices
Walmart,Pure Balance dog treats,19.97,19.97,each,2026-10-01T02:00:00-04:00,2026-10-07T23:59:59-04:00,8158251,,,,True,,False,40.0,⚠️ Below Average,Standard pricing (no historical data),Dog Treats,Household & Personal,Pet Food/Supplies,cached,3.97,21.97,8.75,35,5.7,False,-128.4,3,3,7.98,Walmart,False,20.0,100,88,Skip,128% above average; #3 of 3 stores; 35 prior prices
Walmart,Downy Beads 680 g or Rinse 90 loads or softener 190 loads,15.97,15.97,each,2026-10-01T02:00:00-04:00,2026-10-07T23:59:59-04:00,8158251,23.49,$/kg,680.0,True,,False,45.0,⚠️ Below Average,No price history available; priced at $15.97 with neutral rating.,Laundry Scent Beads,Household & Personal,Laundry,claude_code,23.49,35.25,24.83,11,90.9,True,5.4,,1,,,False,58.8,100,78,Only if needed,5% below avg $24.83; Lowest seen; 11 prior prices
Walmart,Dove antiperspirant or deodorant,7.86,7.86,each,2026-10-01T02:00:00-04:00,2026-10-07T23:59:59-04:00,8158251,,,,True,,False,45.0,⚠️ Below Average,No price history available; priced at $7.86 with neutral rating.,Antiperspirant/Deodorant,Household & Personal,Personal Care,claude_code,3.29,14.0,6.84,51,31.4,False,-15.0,,1,,,False,32.5,100,73,Skip,15% above average; 51 prior prices
Walmart,Robin Hood flour,4.97,4.97,each,2026-10-01T02:00:00-04:00,2026-10-07T23:59:59-04:00,8158251,,,,True,,False,82.0,✅ Good Buy,LOWEST PRICE in 6 months (usually $7.37). $4.50 at No Frills,Flour,Pantry,Baking Supplies,cached,3.0,11.99,7.55,32,93.8,False,34.2,,1,,,True,68.9,100,73,Only if needed,34% below avg $7.55; 32 prior prices
Walmart,Activia probiotic yogurt,5.96,5.96,each,2026-10-01T02:00:00-04:00,2026-10-07T23:59:59-04:00,8158251,,,,True,,False,38.0,⚠️ Below Average,Above average (usually $4.84). $3.50 at No Frills,Activia Yogurt,Dairy & Eggs,Yogurt,cached,3.33,8.0,5.22,111,45.0,False,-14.2,,1,,,True,37.9,100,73,Skip,14% above average; 111 prior prices
Walmart,Crest Gum Detoxify 63 mL or Clean Breath 55 mL toothpaste or Scope mouthwash 1 L,4.97,4.97,each,2026-10-01T02:00:00-04:00,2026-10-07T23:59:59-04:00,8158251,4.97,$/L,1000.0,True,,False,45.0,⚠️ Below Average,No price history available; priced at $4.97 with neutral rating.,Gum Detoxify Toothpaste,Household & Personal,Personal Care,claude_code,5.0,63.36,10.49,13,100.0,True,52.6,,1,,,False,90.0,100,78,Stock up,53% below avg $10.49; Lowest seen; 13 prior prices
Walmart,Redpath sugar,2.77,2.77,each,2026-10-01T02:00:00-04:00,2026-10-07T23:59:59-04:00,8158251,,,,True,,False,31.0,⚠️ Below Average,Above average (usually $2.38),Sugar,Pantry,nan,cached,2.77,3.49,3.3,6,83.3,True,16.1,2,2,2.49,Real Canadian Superstore,True,76.3,100,77,Buy this week,16% below avg $3.30; Lowest seen; #2 of 2 stores
Walmart,Bonkers PurrPops Halloween cat treats,1.98,1.98,each,2026-10-01T02:00:00-04:00,2026-10-07T23:59:59-04:00,8158251,,,,True,,False,45.0,⚠️ Below Average,No price history available; priced at $1.98 with neutral rating.,Cat Treats,Household & Personal,Pet Food/Supplies,claude_code,0.94,37.98,7.07,35,97.1,False,72.0,,1,,,False,75.0,100,73,Compare first,72% below avg $7.07; 35 prior prices
Walmart,Huggies wipes,23.94,23.94,each,2026-10-01T02:00:00-04:00,2026-10-07T23:59:59-04:00,8158251,,,,True,,False,21.0,❌ Poor Value,"28% above avg of $18.74 (range $12.49-$25.00, 2 data points).",Baby Wipes,Household & Personal,Baby,claude_code,2.0,26.0,13.49,70,11.4,False,-77.4,,1,,,False,15.0,100,73,Skip,77% above average; 70 prior prices
Walmart,Tim Hortons soup,2.24,2.24,each,2026-10-01T02:00:00-04:00,2026-10-07T23:59:59-04:00,8158251,,,,True,,False,67.0,😐 Fair,LOWEST PRICE in 6 months (usually $2.98),Soup,Pantry,nan,cached,0.99,11.99,5.06,35,68.6,False,55.7,1,5,2.24,Walmart,False,95.0,100,88,Stock up,56% below avg $5.06; Cheapest of 5 stores; 35 prior prices
Walmart,Dove body wash 591 mL or beauty bar soap 6 x 106 g,8.86,8.86,each,2026-10-01T02:00:00-04:00,2026-10-07T23:59:59-04:00,8158251,13.93,$/kg,636.0,True,,False,40.0,⚠️ Below Average,Standard pricing (no historical data),Body Wash,Household & Personal,Personal Care,cached,5.56,86.54,32.81,17,58.8,False,57.5,2,6,3.97,Walmart,False,90.0,100,93,Stock up,58% below avg $32.81; #2 of 6 stores; 17 prior prices
Walmart,Bear Paws cookies,2.28,2.28,each,2026-10-01T02:00:00-04:00,2026-10-07T23:59:59-04:00,8158251,,,,True,,False,81.0,✅ Good Buy,LOWEST PRICE in 6 months (usually $4.13),Cookies,Snacks,nan,cached,1.0,15.0,4.91,94,97.9,False,53.6,1,7,2.28,Walmart,False,95.0,100,88,Stock up,54% below avg $4.91; Cheapest of 7 stores; 94 prior prices
Walmart,Sitara naan bites,3.67,3.67,each,2026-10-01T02:00:00-04:00,2026-10-07T23:59:59-04:00,8158251,,,,True,,False,40.0,⚠️ Below Average,Standard pricing (no historical data),Naan Bites,Bakery,Bread,cached,3.67,5.99,4.81,7,85.7,True,23.7,,1,,,False,66.6,100,66,Only if needed,24% below avg $4.81; Lowest seen; 7 prior prices
Walmart,Golden pineapple,4.97,4.97,each,2026-10-01T02:00:00-04:00,2026-10-07T23:59:59-04:00,8158251,,,,True,,False,50.0,😐 Fair,LOWEST PRICE in 6 months (usually $4.97),Pineapple,Produce,nan,cached,3.86,12.99,5.86,16,84.4,False,15.1,,1,,,False,50.6,100,70,Only if needed,15% below avg $5.86; 16 prior prices
Walmart,Kids' Halloween costume,19.98,19.98,each,2026-10-01T02:00:00-04:00,2026-10-07T23:59:59-04:00,8158251,,,,True,,False,45.0,⚠️ Below Average,No price history available; priced at $19.98 with neutral rating.,Kids' Halloween Costume,Other,Seasonal,claude_code,16.97,29.98,25.48,4,75.0,False,21.6,,1,,,False,55.1,100,62,Only if needed,22% below avg $25.48; 4 prior prices
Walmart,Purex bathroom tissue,10.97,10.97,each,2026-10-01T02:00:00-04:00,2026-10-07T23:59:59-04:00,8158251,,,,True,,False,52.0,😐 Fair,Slightly below avg ($11.35). $6.99 at Save-On-Foods,Bathroom Tissue,Household & Personal,Paper Products,cached,3.49,699.0,18.69,134,56.7,False,41.3,2,7,6.99,Save-On-Foods,False,78.9,100,88,Buy this week,41% below avg $18.69; #2 of 7 stores; 134 prior prices
Walmart,Barebells protein bars,12.47,12.47,each,2026-10-01T02:00:00-04:00,2026-10-07T23:59:59-04:00,8158251,,,,True,,False,21.0,❌ Poor Value,Above average (usually $9.05),Protein Bars,Snacks,Bars/Granola,cached,3.99,13.99,8.6,14,21.4,False,-45.0,,1,,,False,17.5,100,70,Skip,45% above average; 14 prior prices
Walmart,Couples' costume Set,39.98,39.98,each,2026-10-01T02:00:00-04:00,2026-10-07T23:59:59-04:00,8158251,,,,True,no_history,False,45.0,⚠️ Below Average,No price history available; priced at $39.98 with neutral rating.,Couples' Costume Set,Other,Seasonal,claude_code,,,,0,,False,,,1,,,False,40.0,80,25,Skip,No price history
Walmart,Takis rolled tortilla chips 40-pack.,16.97,16.97,each,2026-10-01T02:00:00-04:00,2026-10-07T23:59:59-04:00,8158251,0.42,$/each,40.0,True,,False,45.0,⚠️ Below Average,No price history available; priced at $16.97 ($0.42/each) with neutral rating.,Rolled Tortilla Chips,Snacks,Chips/Pretzels,claude_code,2.96,10.0,4.86,5,0.0,False,-249.3,,1,,,False,20.0,100,74,Skip,249% above average; 5 prior prices; Unit price checked $/each
Walmart,Halloween candy variety pack 40s,12.88,12.88,each,2026-10-01T02:00:00-04:00,2026-10-07T23:59:59-04:00,8158251,,,,True,no_history,False,45.0,⚠️ Below Average,No price history available; priced at $12.88 with neutral rating.,Halloween Candy Variety Pack,Snacks,Candy/Chocolate,claude_code,,,,0,,False,,,1,,,False,40.0,80,25,Skip,No price history
Walmart,Cadbury Dairy Milk chocolate bars,2.62,2.62,each,2026-10-01T02:00:00-04:00,2026-10-07T23:59:59-04:00,8158251,,,,True,,False,80.0,✅ Good Buy,43% below avg of $4.59 and matches the historical low of $2.62 (6 data points).,Dairy Milk Chocolate Bar,Snacks,Candy/Chocolate,claude_code,0.98,23.0,4.71,162,75.9,False,44.4,,1,,,True,76.1,100,73,Buy this week,44% below avg $4.71; 162 prior prices
Walmart,Glade scented 3-wick candle,8.97,8.97,each,2026-10-01T02:00:00-04:00,2026-10-07T23:59:59-04:00,8158251,,,,True,,False,45.0,⚠️ Below Average,No price history available; priced at $8.97 with neutral rating.,3-Wick Scented Candle,Other,General,claude_code,3.97,14.97,8.58,16,40.6,False,-4.6,,1,,,False,37.7,100,70,Skip,16 prior prices
Walmart,Kidde fire extinguisher,32.77,32.77,each,2026-10-01T02:00:00-04:00,2026-10-07T23:59:59-04:00,8158251,,,,True,no_history,False,45.0,⚠️ Below Average,No price history available; priced at $32.77 with neutral rating.,Fire Extinguisher,Other,General,claude_code,,,,0,,False,,,1,,,False,40.0,80,25,Skip,No price history
Walmart,Great Value Sparkling Water,5.24,5.24,each,2026-10-01T02:00:00-04:00,2026-10-07T23:59:59-04:00,8158251,,,,True,,False,40.0,⚠️ Below Average,Standard pricing (no historical data),Sparkling Water,Beverages,Water,cached,0.87,13.99,6.24,89,68.5,False,16.0,,1,,,False,51.2,100,73,Only if needed,16% below avg $6.24; 89 prior prices
Walmart,Minute Maid juice,1.88,1.88,each,2026-10-01T02:00:00-04:00,2026-10-07T23:59:59-04:00,8158251,,,,True,,False,75.0,✅ Good Buy,65% below 6-month avg of $5.34,Juice,Beverages,Juice,cached,1.0,10.99,4.45,65,90.0,False,57.7,1,2,1.88,Walmart,False,95.0,100,84,Stock up,58% below avg $4.45; Cheapest of 2 stores; 65 prior prices
Walmart,Sitara white or whole wheat roti,3.77,3.77,each,2026-10-01T02:00:00-04:00,2026-10-07T23:59:59-04:00,8158251,,,,True,,False,40.0,⚠️ Below Average,Standard pricing (no historical data),Roti (White),Bakery,Tortillas/Wraps,cached,1.99,18.99,4.01,46,23.9,False,6.0,,1,,,False,44.2,100,73,Skip,6% below avg $4.01; 46 prior prices
Walmart,Balderson cheddar,6.67,6.67,each,2026-10-01T02:00:00-04:00,2026-10-07T23:59:59-04:00,8158251,,,,True,,False,58.0,😐 Fair,26% below avg of $8.99 across 10 historical data points.,Cheddar Cheese,Dairy & Eggs,Cheese (Block),claude_code,6.0,13.99,10.44,10,90.0,False,36.1,1,5,6.67,Walmart,False,85.3,100,85,Buy this week,36% below avg $10.44; Cheapest of 5 stores; 10 prior prices
Walmart,Canada Grade A Turkey,1.74,1.74,each,2026-10-01T02:00:00-04:00,2026-10-07T23:59:59-04:00,8158251,,,,True,,False,65.0,😐 Fair,Best price among 2 stores compared at $1.74; no historical average on file.,Turkey,Poultry,Turkey,claude_code,2.47,12.99,7.82,3,100.0,True,77.7,1,2,1.74,Walmart,False,100.0,100,73,Stock up,78% below avg $7.82; Lowest seen; Cheapest of 2 stores
Walmart,Pillsbury ready-to-bake country biscuits or cinnamon rolls,2.78,2.78,each,2026-10-01T02:00:00-04:00,2026-10-07T23:59:59-04:00,8158251,,,,True,low_history,False,45.0,⚠️ Below Average,No price history available; priced at $2.78 with neutral rating.,Ready-to-Bake Biscuits,Bakery,Pastries/Donuts,claude_code,2.97,3.49,3.23,2,100.0,True,13.9,,1,,,False,59.7,90,56,Only if needed,14% below avg $3.23; Lowest seen; Only 2 prior prices
Walmart,Verka brown cane sugar,5.24,5.24,each,2026-10-01T02:00:00-04:00,2026-10-07T23:59:59-04:00,8158251,,,,True,,False,40.0,⚠️ Below Average,Standard pricing (no historical data),Brown Cane Sugar,Pantry,Baking Supplies,cached,3.29,11.99,7.16,9,55.6,False,26.8,,1,,,True,63.8,100,66,Only if needed,27% below avg $7.16; 9 prior prices
Walmart,Licensed Halloween Inflatables,39.98,39.98,each,2026-10-01T02:00:00-04:00,2026-10-07T23:59:59-04:00,8158251,,,,True,,False,45.0,⚠️ Below Average,No price history available; priced at $39.98 with neutral rating.,Halloween Inflatable,Other,Seasonal,claude_code,29.0,59.98,40.99,4,50.0,False,2.5,2,3,32.0,Real Canadian Superstore,False,51.8,100,77,Only if needed,#2 of 3 stores; 4 prior prices
Walmart,Kidde carbon monoxide alarm,32.77,32.77,each,2026-10-01T02:00:00-04:00,2026-10-07T23:59:59-04:00,8158251,,,,True,no_history,False,45.0,⚠️ Below Average,No price history available; priced at $32.77 with neutral rating.,Carbon Monoxide Alarm,Other,General,claude_code,,,,0,,False,,,1,,,False,40.0,80,25,Skip,No price history
Walmart,Broccoli stalks,3.44,3.44,each,2026-10-01T02:00:00-04:00,2026-10-07T23:59:59-04:00,8158251,,,,True,,False,32.0,⚠️ Below Average,"11% above avg of $3.09 (range $2.74-$3.44, 2 data points).",Broccoli,Produce,Vegetables,claude_code,1.99,3.44,2.65,6,0.0,False,-29.9,4,5,2.49,Sobeys,False,15.1,100,81,Skip,30% above average; 6 prior prices
Walmart,Danone Danino drinkable yogurt,7.97,7.97,each,2026-10-01T02:00:00-04:00,2026-10-07T23:59:59-04:00,8158251,,,,True,,False,15.0,❌ Poor Value,Above average (usually $5.24),Drinkable Yogurt,Dairy & Eggs,Yogurt,cached,0.88,13.47,4.37,31,9.7,False,-82.4,1,2,7.97,Walmart,True,40.0,100,84,Skip,82% above average; Cheapest of 2 stores; 31 prior prices
Walmart,Maple Leaf fresh split chicken wings,6.43,6.43,each,2026-10-01T02:00:00-04:00,2026-10-07T23:59:59-04:00,8158251,,,,True,,False,45.0,⚠️ Below Average,No price history available; priced at $6.43 with neutral rating.,Chicken Wings (Split),Poultry,Wings,claude_code,4.99,17.0,7.08,11,45.5,False,9.2,1,3,6.43,Walmart,False,66.4,100,85,Only if needed,9% below avg $7.08; Cheapest of 3 stores; 11 prior prices
Walmart,Keurig K-Café Essentials single-serve coffee maker,119.98,119.98,each,2026-10-01T02:00:00-04:00,2026-10-07T23:59:59-04:00,8158251,,,,True,,False,45.0,⚠️ Below Average,No price history available; priced at $119.98 with neutral rating.,Single-Serve Coffee Maker,Other,General,claude_code,59.98,119.98,94.42,9,16.7,False,-27.1,,1,,,True,31.4,100,66,Skip,27% above average; 9 prior prices
Walmart,Nestlé minis variety pack,15.97,15.97,each,2026-10-01T02:00:00-04:00,2026-10-07T23:59:59-04:00,8158251,,,,True,,False,40.0,⚠️ Below Average,Standard pricing (no historical data),Chocolate Minis (Variety Pack),Snacks,Candy/Chocolate,cached,9.44,19.97,13.89,5,40.0,False,-15.0,,1,,,False,32.5,100,66,Skip,15% above average; 5 prior prices
Walmart,Boys' costumes,19.98,19.98,each,2026-10-01T02:00:00-04:00,2026-10-07T23:59:59-04:00,8158251,,,,True,low_history,False,45.0,⚠️ Below Average,No price history available; priced at $19.98 with neutral rating.,Boys' Costume,Other,Seasonal,claude_code,25.0,29.98,27.49,2,100.0,True,27.3,,1,,,False,69.1,90,56,Only if needed,27% below avg $27.49; Lowest seen; Only 2 prior prices
Walmart,Verka besan gram flour,4.88,4.88,each,2026-10-01T02:00:00-04:00,2026-10-07T23:59:59-04:00,8158251,,,,True,,False,50.0,😐 Fair,LOWEST PRICE in 6 months (usually $4.92),Gram Flour,Pantry,nan,cached,4.88,6.5,5.83,7,85.7,True,16.3,,1,,,True,66.4,100,66,Only if needed,16% below avg $5.83; Lowest seen; 7 prior prices
Walmart,Takis rolled tortilla chips,2.96,2.96,each,2026-10-01T02:00:00-04:00,2026-10-07T23:59:59-04:00,8158251,,,,True,,False,60.0,😐 Fair,15% below avg of $3.48 and matches historical low of $2.96 (2 data points).,Rolled Tortilla Chips,Snacks,Chips/Pretzels,claude_code,2.49,12.0,5.34,149,91.3,False,44.5,,1,,,False,71.2,100,73,Compare first,44% below avg $5.34; 149 prior prices
Walmart,Pampers value pack Swaddlers diapers,44.94,44.94,each,2026-10-01T02:00:00-04:00,2026-10-07T23:59:59-04:00,8158251,,,,True,,False,45.0,⚠️ Below Average,No price history available; priced at $44.94 with neutral rating.,Diapers (Swaddlers),Household & Personal,Baby,claude_code,26.99,49.0,35.02,71,23.2,False,-28.3,,1,,,False,25.9,100,73,Skip,28% above average; 71 prior prices
Walmart,Orville Redenbacher 492 g,3.97,3.97,each,2026-10-01T02:00:00-04:00,2026-10-07T23:59:59-04:00,8158251,8.07,$/kg,492.0,True,,False,40.0,⚠️ Below Average,Standard pricing (no historical data),Microwave Popcorn,Snacks,Chips/Pretzels,cached,8.07,8.33,8.17,4,75.0,True,1.2,1,2,3.97,Walmart,False,75.8,100,81,Compare first,Lowest seen; Cheapest of 2 stores; 4 prior prices
Walmart,Dove conditioner,8.47,8.47,each,2026-10-01T02:00:00-04:00,2026-10-07T23:59:59-04:00,8158251,,,,True,,False,50.0,😐 Fair,LOWEST PRICE in 6 months (usually $8.47),Conditioner,Household & Personal,nan,cached,3.97,8.88,6.54,6,16.7,False,-29.5,,1,,,False,25.2,100,66,Skip,30% above average; 6 prior prices
Calgary Co-op,Red Onions,7.99,7.99,each,2026-10-01T00:00:00-04:00,2026-10-07T23:59:59-04:00,8155424,,,,True,,False,0.0,❌ Poor Value,"71% above avg of $4.67, and $4.00 higher than the best price of $3.99 at No Frills (2 stores compared).",Red Onions,Produce,Vegetables,claude_code,3.99,8.99,7.32,3,66.7,False,-9.1,2,2,3.99,No Frills,True,50.5,100,73,Only if needed,9% above average; #2 of 2 stores; 3 prior prices
Calgary Co-op,Nabob Coffee,10.99,10.99,each,2026-10-01T00:00:00-04:00,2026-10-07T23:59:59-04:00,8155424,,,,True,,False,71.0,✅ Good Buy,45% below 6-month avg of $19.99,Coffee,Beverages,Coffee,cached,7.49,25.99,15.83,56,82.1,False,30.6,1,5,10.99,Calgary Co-op,True,86.4,100,88,Buy this week,31% below avg $15.83; Cheapest of 5 stores; 56 prior prices
Calgary Co-op,RWA Boneless Skinless Chicken Breast,25.0,25.0,each,2026-10-01T00:00:00-04:00,2026-10-07T23:59:59-04:00,8155424,,,,True,,False,26.0,❌ Poor Value,Above average (usually $19.65),"Chicken Breast (Boneless, Skinless)",Poultry,Chicken Breast,cached,6.79,23.0,11.27,19,0.0,False,-121.8,,1,,,True,20.0,100,70,Skip,122% above average; 19 prior prices
Calgary Co-op,Orange Juice,4.99,4.99,each,2026-10-01T00:00:00-04:00,2026-10-07T23:59:59-04:00,8155424,,,,True,,False,55.0,😐 Fair,"11% below avg of $5.58, but slightly above the best price of $4.97 at Walmart (6 stores compared).",Orange Juice,Beverages,Juice,claude_code,3.99,9.99,5.86,66,68.2,False,14.8,4,7,4.97,Walmart,True,45.4,100,88,Skip,15% below avg $5.86; 66 prior prices
Calgary Co-op,Rutabagas,7.99,7.99,each,2026-10-01T00:00:00-04:00,2026-10-07T23:59:59-04:00,8155424,,,,True,no_history,False,50.0,😐 Fair,"$7.99 vs best price $4.99 at No Frills (2 stores checked), 60% higher, no price history available",Rutabagas,Produce,Vegetables,claude_code,,,,0,,False,,,1,,,False,40.0,80,25,Skip,No price history
Calgary Co-op,Bone-in Pork Shoulder Blade Steaks or Roast,3.99,3.99,each,2026-10-01T00:00:00-04:00,2026-10-07T23:59:59-04:00,8155424,,,,True,,False,45.0,⚠️ Below Average,No price history or cross-store comparison available at $3.99,Pork Shoulder Blade Steak,Pork,Chops,claude_code,2.99,12.99,5.74,35,68.6,False,30.5,,1,,,False,61.3,100,73,Only if needed,30% below avg $5.74; 35 prior prices
Calgary Co-op,"Ritz, Triscuit, Carr's or Goldfish Crackers",6.0,6.0,each,2026-10-01T00:00:00-04:00,2026-10-07T23:59:59-04:00,8155424,,,,True,,False,45.0,⚠️ Below Average,No price history or cross-store comparison available at $6.00,Crackers,Snacks,Crackers,claude_code,1.97,12.0,4.35,83,27.7,False,-37.9,,1,,,False,21.1,100,73,Skip,38% above average; 83 prior prices
Calgary Co-op,Woolwich Goat Cheese,11.99,11.99,each,2026-10-01T00:00:00-04:00,2026-10-07T23:59:59-04:00,8155424,,,,True,,False,50.0,😐 Fair,LOWEST PRICE in 6 months (usually $11.99),Goat Cheese,Dairy & Eggs,nan,cached,5.99,11.99,8.66,9,0.0,False,-38.5,,1,,,True,25.8,100,66,Skip,38% above average; 9 prior prices
Calgary Co-op,Deli Meats,7.99,7.99,each,2026-10-01T00:00:00-04:00,2026-10-07T23:59:59-04:00,8155424,,,,True,,False,55.0,😐 Fair,"13% below avg of $9.15 (35 data points), but 34% above best price $5.97 at Walmart",Deli Meats,Other,Deli (Prepared),claude_code,1.79,13.99,8.12,54,50.0,False,1.5,,1,,,False,41.0,100,73,Skip,54 prior prices
Calgary Co-op,Frozen Canada Grade A Turkeys,2.29,2.29,each,2026-10-01T00:00:00-04:00,2026-10-07T23:59:59-04:00,8155424,,,,True,no_history,False,45.0,⚠️ Below Average,No price history or cross-store comparison available at $2.29,"Turkey (Whole, Frozen)",Poultry,Turkey,claude_code,,,,0,,False,,,1,,,False,40.0,80,25,Skip,No price history
Calgary Co-op,Tri Coloured Peppers,3.99,3.99,each,2026-10-01T00:00:00-04:00,2026-10-07T23:59:59-04:00,8155424,,,,True,,False,57.0,😐 Fair,LOWEST PRICE in 6 months (usually $4.49),Peppers (Tri Coloured),Produce,nan,cached,3.99,4.99,4.24,4,50.0,True,5.9,,1,,,False,54.1,100,62,Only if needed,6% below avg $4.24; Lowest seen; 4 prior prices
Calgary Co-op,Long English Cucumbers,1.29,1.29,each,2026-10-01T00:00:00-04:00,2026-10-07T23:59:59-04:00,8155424,,,,True,,False,89.0,🔥 Hot Deal,43% below 6-month avg of $2.25. Best price across 3 stores,Cucumbers (Long English),Produce,Vegetables,cached,0.99,5.0,2.35,12,66.7,False,45.1,1,3,1.29,Calgary Co-op,False,91.6,100,85,Stock up,45% below avg $2.35; Cheapest of 3 stores; 12 prior prices
Calgary Co-op,Chicken Drumsticks,2.99,2.99,each,2026-10-01T00:00:00-04:00,2026-10-07T23:59:59-04:00,8155424,,,,True,,False,86.0,🔥 Hot Deal,"55% below avg of $6.70 (40 data points), though $0.50 above best price $2.49 at Real Canadian Superstore",Chicken Drumsticks,Poultry,Chicken Thighs/Legs,claude_code,1.51,20.0,6.08,19,68.4,False,50.8,2,2,2.49,Real Canadian Superstore,False,85.0,100,81,Buy this week,51% below avg $6.08; #2 of 2 stores; 19 prior prices
Calgary Co-op,Cranberry Sauce,5.0,5.0,each,2026-10-01T00:00:00-04:00,2026-10-07T23:59:59-04:00,8155424,,,,True,no_history,False,50.0,😐 Fair,"$5.00 vs best price $1.57 at No Frills across 4 stores (219% higher), no price history",Cranberry Sauce,Pantry,Canned Goods,claude_code,,,,0,,False,,,1,,,False,40.0,80,25,Skip,No price history
Calgary Co-op,Mini Marshmallows,6.0,6.0,each,2026-10-01T00:00:00-04:00,2026-10-07T23:59:59-04:00,8155424,,,,True,,False,45.0,⚠️ Below Average,No price history or cross-store comparison available at $6.00,Marshmallows (Mini),Pantry,Baking Supplies,claude_code,1.74,18.99,6.04,53,32.1,False,0.7,,1,,,False,40.5,100,73,Skip,53 prior prices
Calgary Co-op,Idahoan Mashed or Scalloped Potatoes,5.0,5.0,each,2026-10-01T00:00:00-04:00,2026-10-07T23:59:59-04:00,8155424,,,,True,,False,45.0,⚠️ Below Average,No price history or cross-store comparison available at $5.00,Mashed Potatoes (Instant),Pantry,Pasta/Grains,claude_code,1.5,20.0,5.55,5,20.0,False,10.0,,1,,,True,52.0,100,66,Only if needed,10% below avg $5.55; 5 prior prices
Calgary Co-op,Cal & Gary's Mini Brioche Buns,4.99,4.99,each,2026-10-01T00:00:00-04:00,2026-10-07T23:59:59-04:00,8155424,,,,True,,False,45.0,⚠️ Below Average,No price history or cross-store comparison available at $4.99,Brioche Buns (Mini),Bakery,Buns/Rolls,claude_code,1.99,6.99,4.62,15,36.7,False,-7.9,,1,,,False,36.0,100,70,Skip,8% above average; 15 prior prices
Calgary Co-op,Founders & Farmers Frozen Vegetables,2.49,2.49,each,2026-10-01T00:00:00-04:00,2026-10-07T23:59:59-04:00,8155424,,,,True,,False,85.0,🔥 Hot Deal,LOWEST PRICE in 6 months (usually $5.00),Vegetables (Frozen),Frozen,Fruit/Vegetables,cached,2.99,10.49,6.09,5,100.0,True,59.1,,1,,,False,85.0,100,66,Buy this week,59% below avg $6.09; Lowest seen; 5 prior prices
Calgary Co-op,Turkey Roast,23.99,23.99,each,2026-10-01T00:00:00-04:00,2026-10-07T23:59:59-04:00,8155424,,,,True,,False,51.0,😐 Fair,"$23.99 vs best price $17.97 at Walmart (2 stores), 33% higher, no price history",Turkey Roast,Poultry,Turkey,claude_code,2.99,17.97,4.89,29,0.0,False,-391.0,,1,,,False,15.0,100,73,Skip,391% above average; 29 prior prices
Calgary Co-op,Cal & Gary's Traditional Baguette,3.49,3.49,each,2026-10-01T00:00:00-04:00,2026-10-07T23:59:59-04:00,8155424,,,,True,,False,45.0,⚠️ Below Average,No price history or cross-store comparison available at $3.49,Baguette,Bakery,Bread,claude_code,1.99,19.99,8.1,69,92.8,False,56.9,2,2,3.0,Real Canadian Superstore,False,85.0,100,84,Buy this week,57% below avg $8.10; #2 of 2 stores; 69 prior prices
Calgary Co-op,Kraft Philadelphia Cream Cheese,4.49,4.49,each,2026-10-01T00:00:00-04:00,2026-10-07T23:59:59-04:00,8155424,,,,True,,False,58.0,😐 Fair,LOWEST PRICE in 6 months (usually $5.15),Cream Cheese,Dairy,Cheese,cached,2.99,6.99,4.21,55,29.1,False,-6.6,,1,,,True,41.7,100,73,Skip,7% above average; 55 prior prices
Calgary Co-op,Cal & Gary's Quiche,6.99,6.99,each,2026-10-01T00:00:00-04:00,2026-10-07T23:59:59-04:00,8155424,,,,True,,False,45.0,⚠️ Below Average,No price history or cross-store comparison available at $6.99,Quiche,Other,Deli (Prepared),claude_code,1.99,19.99,8.1,69,44.9,False,13.7,,1,,,False,49.6,100,73,Skip,14% below avg $8.10; 69 prior prices
Calgary Co-op,"5"" Gem Infused Orchid",39.99,39.99,each,2026-10-01T00:00:00-04:00,2026-10-07T23:59:59-04:00,8155424,,,,True,low_history,False,45.0,⚠️ Below Average,No price history or cross-store comparison available at $39.99,Orchid (5 inch),Other,Floral,claude_code,36.99,36.99,36.99,2,0.0,False,-8.1,,1,,,False,36.0,90,56,Skip,8% above average; Only 2 prior prices
Calgary Co-op,Non-Alcoholic Beer,10.99,10.99,each,2026-10-01T00:00:00-04:00,2026-10-07T23:59:59-04:00,8155424,,,,True,,False,56.0,😐 Fair,"11% below avg $12.37 (62 data points), but 10% above best price $9.99 at Real Canadian Superstore",Non-Alcoholic Beer,Beverages,Soda/Pop,claude_code,6.99,19.99,11.74,34,55.9,False,6.4,,1,,,False,44.5,100,73,Skip,6% below avg $11.74; 34 prior prices
Calgary Co-op,Romaine Hearts,3.99,3.99,each,2026-10-01T00:00:00-04:00,2026-10-07T23:59:59-04:00,8155424,,,,True,,False,86.0,🔥 Hot Deal,"23% below avg $5.16 (23 data points), matches historic low of $3.99, and is the best price among 2 stores",Romaine Hearts,Produce,Vegetables,claude_code,3.99,5.99,4.85,14,82.1,True,17.7,1,2,3.99,Calgary Co-op,False,82.4,100,81,Buy this week,18% below avg $4.85; Lowest seen; Cheapest of 2 stores
Calgary Co-op,Avocados,4.99,4.99,each,2026-10-01T00:00:00-04:00,2026-10-07T23:59:59-04:00,8155424,,,,True,,False,35.0,⚠️ Below Average,"16% above avg $4.32 (72 data points), and 25% above best price $3.99 at Safeway",Avocados,Produce,Fruit,claude_code,1.24,7.0,4.36,47,39.4,False,-14.6,3,3,3.99,Sobeys,False,37.7,100,88,Skip,15% above average; #3 of 3 stores; 47 prior prices
Calgary Co-op,Beets,8.99,8.99,each,2026-10-01T00:00:00-04:00,2026-10-07T23:59:59-04:00,8155424,,,,True,,False,5.0,❌ Poor Value,144% above avg $3.69 (10 data points) and 80% above best price $4.99 at No Frills,Beets,Produce,Vegetables,claude_code,1.69,3.99,3.16,4,0.0,False,-184.0,2,2,4.99,No Frills,False,25.0,100,73,Skip,184% above average; #2 of 2 stores; 4 prior prices
Calgary Co-op,Yellow Onions,7.99,7.99,each,2026-10-01T00:00:00-04:00,2026-10-07T23:59:59-04:00,8155424,,,,True,,False,20.0,❌ Poor Value,Above average (usually $3.62). $4.24 at Walmart,Onions (Yellow),Produce,Vegetables,cached,2.74,5.99,3.75,11,-0.0,False,-113.1,2,2,4.24,Walmart,True,30.0,100,81,Skip,113% above average; #2 of 2 stores; 11 prior prices
Calgary Co-op,Fall Scripted Pot,15.99,15.99,each,2026-10-01T00:00:00-04:00,2026-10-07T23:59:59-04:00,8155424,,,,True,no_history,False,45.0,⚠️ Below Average,No price history or cross-store comparison available at $15.99,Fall Scripted Pot,Other,Floral,claude_code,,,,0,,False,,,1,,,False,40.0,80,25,Skip,No price history
Calgary Co-op,Red Cabbage,7.99,7.99,each,2026-10-01T00:00:00-04:00,2026-10-07T23:59:59-04:00,8155424,,,,True,,False,5.0,❌ Poor Value,155% above avg $3.14 (4 data points) and over 9x the best price $0.78 at Walmart,Red Cabbage,Produce,Vegetables,claude_code,0.78,4.79,3.14,4,0.0,False,-154.7,2,2,0.78,Walmart,False,25.0,100,73,Skip,155% above average; #2 of 2 stores; 4 prior prices
Calgary Co-op,Russet Potatoes,6.99,6.99,each,2026-10-01T00:00:00-04:00,2026-10-07T23:59:59-04:00,8155424,,,,True,,False,38.0,⚠️ Below Average,Above average (usually $5.64). $4.24 at Walmart,Potatoes (Russet),Produce,Vegetables,cached,3.99,8.48,5.41,10,15.0,False,-29.1,2,2,4.24,Walmart,True,40.5,100,81,Skip,29% above average; #2 of 2 stores; 10 prior prices
Calgary Co-op,"Maple Leaf Natural Bacon, Ready Crisp Bacon or Natural Selection Sliced Meats",6.99,6.99,each,2026-10-01T00:00:00-04:00,2026-10-07T23:59:59-04:00,8155424,,,,True,,False,45.0,⚠️ Below Average,No price history or cross-store comparison available at $6.99,Bacon (Natural),Pork,Bacon,claude_code,3.95,13.99,7.63,24,33.3,False,8.4,,1,,,True,50.9,100,73,Only if needed,8% below avg $7.63; 24 prior prices
Calgary Co-op,Grimm's Smokies or Pepperoni Bites,7.99,7.99,each,2026-10-01T00:00:00-04:00,2026-10-07T23:59:59-04:00,8155424,,,,True,,False,45.0,⚠️ Below Average,No price history or cross-store comparison available at $7.99,Smokies,Pork,Sausage (Fresh),claude_code,6.99,16.99,11.95,11,90.9,False,33.1,,1,,,False,63.2,100,70,Only if needed,33% below avg $11.95; 11 prior prices
Calgary Co-op,Founders & Farmers Butter Top Dinner Buns,3.99,3.99,each,2026-10-01T00:00:00-04:00,2026-10-07T23:59:59-04:00,8155424,,,,True,no_history,False,45.0,⚠️ Below Average,No price history or cross-store comparison available at $3.99,Dinner Buns (Butter Top),Bakery,Buns/Rolls,claude_code,,,,0,,False,,,1,,,True,45.0,80,25,Skip,No price history
Calgary Co-op,Tampax or Always Tampons,9.99,9.99,each,2026-10-01T00:00:00-04:00,2026-10-07T23:59:59-04:00,8155424,,,,True,,False,45.0,⚠️ Below Average,No price history or cross-store comparison available at $9.99,Tampons,Household & Personal,Personal Care,claude_code,5.99,10.98,8.61,8,18.8,False,-16.0,,1,,,False,32.0,100,66,Skip,16% above average; 8 prior prices
Calgary Co-op,Soup,5.0,5.0,each,2026-10-01T00:00:00-04:00,2026-10-07T23:59:59-04:00,8155424,,,,True,,False,41.0,⚠️ Below Average,6% above avg $4.71 (208 data points) and over 5x the best price $0.95 at No Frills (7 stores),Soup,Pantry,Soups,claude_code,0.99,11.99,5.06,35,37.1,False,1.1,4,5,2.24,Walmart,False,30.8,100,88,Skip,35 prior prices
Calgary Co-op,Nudefruit Frozen Fruit,5.99,5.99,each,2026-10-01T00:00:00-04:00,2026-10-07T23:59:59-04:00,8155424,,,,True,,False,45.0,⚠️ Below Average,No price history or cross-store comparison available at $5.99,Frozen Fruit,Frozen,Fruit/Vegetables,claude_code,3.0,10.99,6.07,21,23.8,False,1.2,2,2,5.5,No Frills,False,50.8,100,84,Only if needed,#2 of 2 stores; 21 prior prices
Calgary Co-op,Annex Soda,9.99,9.99,each,2026-10-01T00:00:00-04:00,2026-10-07T23:59:59-04:00,8155424,,,,True,,False,45.0,⚠️ Below Average,No price history or cross-store comparison available at $9.99,Soda,Beverages,Soda/Pop,claude_code,2.78,9.99,5.44,32,1.6,False,-83.6,,1,,,False,15.0,100,73,Skip,84% above average; 32 prior prices
Calgary Co-op,Purex Triple 24 Rolls,19.99,19.99,each,2026-10-01T00:00:00-04:00,2026-10-07T23:59:59-04:00,8155424,,,,True,no_history,False,45.0,⚠️ Below Average,No price history or cross-store comparison available at $19.99,Toilet Paper (24 Rolls),Household & Personal,Paper Products,claude_code,,,,0,,False,,,1,,,False,40.0,80,25,Skip,No price history
Calgary Co-op,Lay's Potato Chips or Oven Baked Chips,11.0,11.0,each,2026-10-01T00:00:00-04:00,2026-10-07T23:59:59-04:00,8155424,,,,True,,False,45.0,⚠️ Below Average,No price history or cross-store comparison available at $11.00,Potato Chips,Snacks,Chips/Pretzels,claude_code,1.43,12.99,4.91,130,2.7,False,-123.9,12,12,2.5,Real Canadian Superstore,False,5.0,100,88,Skip,124% above average; 130 prior prices
Calgary Co-op,Doritos or Doritos Roll'd,9.0,9.0,each,2026-10-01T00:00:00-04:00,2026-10-07T23:59:59-04:00,8155424,,,,True,,False,45.0,⚠️ Below Average,No price history or cross-store comparison available at $9.00,Tortilla Chips,Snacks,Chips/Pretzels,claude_code,2.5,12.0,5.44,82,9.8,False,-65.3,,1,,,False,15.0,100,73,Skip,65% above average; 82 prior prices
Calgary Co-op,Strawberries,4.49,4.49,each,2026-10-01T00:00:00-04:00,2026-10-07T23:59:59-04:00,8155424,,,,True,,False,72.0,✅ Good Buy,17% below avg $5.38 (62 data points) and the best price among 3 stores at $4.49,Strawberries,Produce,Fruit,claude_code,2.0,10.0,4.87,27,59.3,False,7.8,1,2,4.49,Calgary Co-op,False,65.5,100,84,Only if needed,8% below avg $4.87; Cheapest of 2 stores; 27 prior prices
Calgary Co-op,Founders & Farmers Double Cream Brie,10.99,10.99,each,2026-10-01T00:00:00-04:00,2026-10-07T23:59:59-04:00,8155424,,,,True,,False,45.0,⚠️ Below Average,No price history or cross-store comparison available at $10.99,Brie Cheese (Double Cream),Dairy & Eggs,Cheese (Block),claude_code,3.99,10.99,6.92,7,0.0,False,-58.7,,1,,,False,15.0,100,66,Skip,59% above average; 7 prior prices
Calgary Co-op,Stuffing,1.27,1.27,each,2026-10-01T00:00:00-04:00,2026-10-07T23:59:59-04:00,8155424,,,,True,,False,95.0,🔥 Hot Deal,LOWEST PRICE in 6 months (usually $7.49). $1.25 at Real Canadian Superstore,Stuffing Mix,Pantry,nan,cached,2.49,15.0,7.49,4,100.0,True,83.0,,1,,,False,85.0,100,62,Buy this week,83% below avg $7.49; Lowest seen; 4 prior prices
Calgary Co-op,Salad Dressing,7.0,7.0,each,2026-10-01T00:00:00-04:00,2026-10-07T23:59:59-04:00,8155424,,,,True,,False,5.0,❌ Poor Value,72% above avg $4.08 (87 data points) and 136% above best price $2.97 at Safeway (6 stores),Salad Dressing,Pantry,Sauces/Condiments,claude_code,1.97,7.49,4.01,55,2.7,False,-74.4,8,8,2.97,Sobeys,False,5.0,100,88,Skip,74% above average; 55 prior prices
Calgary Co-op,Ruffles Potato Chips,8.0,8.0,each,2026-10-01T00:00:00-04:00,2026-10-07T23:59:59-04:00,8155424,,,,True,,False,23.0,❌ Poor Value,Above average (usually $6.00),Potato Chips,Snacks,nan,cached,1.43,12.99,4.91,130,11.5,False,-62.8,7,12,2.5,Real Canadian Superstore,False,5.0,100,88,Skip,63% above average; 130 prior prices
Calgary Co-op,Founders & Farmers Muffins,6.99,6.99,each,2026-10-01T00:00:00-04:00,2026-10-07T23:59:59-04:00,8155424,,,,True,,False,50.0,😐 Fair,"Matches average and historic low of $6.99 (2 data points), no cross-store comparison available",Muffins,Bakery,Bagels/Muffins,claude_code,5.5,9.99,6.71,17,32.4,False,-4.2,3,3,5.78,Walmart,False,42.9,100,85,Skip,#3 of 3 stores; 17 prior prices
Calgary Co-op,Cough Syrup,13.99,13.99,each,2026-10-01T00:00:00-04:00,2026-10-07T23:59:59-04:00,8155424,,,,True,,False,39.0,⚠️ Below Average,14% above avg $12.22 (7 data points) and $1.20 above best price $12.79 at Real Canadian Superstore,Cough Syrup,Household & Personal,Health/Pharmacy,claude_code,10.49,17.99,14.24,4,50.0,False,1.8,1,2,13.99,Calgary Co-op,False,61.3,100,73,Only if needed,Cheapest of 2 stores; 4 prior prices
Calgary Co-op,Fancy Feast or Friskies Wet Cat Food or Beneful Incredibites Wet Dog Food,0.99,0.99,each,2026-10-01T00:00:00-04:00,2026-10-07T23:59:59-04:00,8155424,,,,True,,False,45.0,⚠️ Below Average,No price history or cross-store comparison available at $0.99,Wet Cat Food,Household & Personal,Pet Food/Supplies,claude_code,0.9,15.99,4.92,28,67.9,False,79.9,1,2,0.99,Calgary Co-op,False,95.0,100,84,Stock up,80% below avg $4.92; Cheapest of 2 stores; 28 prior prices
Calgary Co-op,Danone Oikos and Oikos Pro Yogurt Tubs,6.47,6.47,each,2026-10-01T00:00:00-04:00,2026-10-07T23:59:59-04:00,8155424,,,,True,,False,45.0,⚠️ Below Average,No price history or cross-store comparison available at $6.47,Yogurt Tubs,Dairy & Eggs,Yogurt,claude_code,2.97,6.97,4.52,6,16.7,False,-43.0,,1,,,True,23.5,100,66,Skip,43% above average; 6 prior prices
Calgary Co-op,Potato Chips,8.0,8.0,each,2026-10-01T00:00:00-04:00,2026-10-07T23:59:59-04:00,8155424,,,,True,,False,5.0,❌ Poor Value,68% above avg $4.78 (212 data points) and over 3x the best price $2.50 at Real Canadian Superstore (5 stores),Potato Chips,Snacks,Chips/Pretzels,claude_code,1.43,12.99,4.91,130,11.5,False,-62.8,8,12,2.5,Real Canadian Superstore,False,5.0,100,88,Skip,63% above average; 130 prior prices
Calgary Co-op,Boost Nutritional Shakes or Pudding,11.99,11.99,each,2026-10-01T00:00:00-04:00,2026-10-07T23:59:59-04:00,8155424,,,,True,,False,53.0,😐 Fair,"Slightly below avg $12.49 (2 data points) and matches historic low of $11.99, no cross-store data",Nutritional Shakes,Household & Personal,Health/Pharmacy,claude_code,11.67,33.49,14.29,20,85.0,False,16.1,,1,,,False,51.3,100,73,Only if needed,16% below avg $14.29; 20 prior prices
Calgary Co-op,Squash,1.49,1.49,each,2026-10-01T00:00:00-04:00,2026-10-07T23:59:59-04:00,8155424,,,,True,,False,52.0,😐 Fair,8% below avg $1.62 (31 data points) but 54% above best price $0.97 at Real Canadian Superstore (6 stores),Squash,Produce,Vegetables,claude_code,0.97,2.29,1.68,4,50.0,False,11.4,,1,,,False,48.0,100,62,Skip,11% below avg $1.68; 4 prior prices
Calgary Co-op,Kalanchoe,4.99,4.99,each,2026-10-01T00:00:00-04:00,2026-10-07T23:59:59-04:00,8155424,,,,True,,False,92.0,🔥 Hot Deal,"60% below avg of $12.43, priced below historical min of $6.00",Kalanchoe,Other,Floral,claude_code,6.0,18.99,12.43,16,100.0,True,59.9,,1,,,False,85.0,100,70,Buy this week,60% below avg $12.43; Lowest seen; 16 prior prices
Calgary Co-op,Pineapple,6.49,6.49,each,2026-10-01T00:00:00-04:00,2026-10-07T23:59:59-04:00,8155424,,,,True,,False,33.0,⚠️ Below Average,"17% above avg of $5.57, far from best price of $1.97 at No Frills (6 stores)",Pineapple,Produce,Fruit,claude_code,3.86,12.99,5.86,16,9.4,False,-10.8,,1,,,False,34.6,100,70,Skip,11% above average; 16 prior prices
Calgary Co-op,Yellowfin Tuna Steaks,2.79,2.79,per_100g,2026-10-01T00:00:00-04:00,2026-10-07T23:59:59-04:00,8155424,27.9,$/kg,,True,,True,85.0,🔥 Hot Deal,LOWEST PRICE in 6 months (usually $7.05),Tuna Steaks (Yellowfin),Seafood,Fish Fillets,cached,34.9,89.9,71.57,3,100.0,True,61.0,,1,,,False,90.0,100,70,Buy this week,61% below avg $71.57; Lowest seen; 3 prior prices
Calgary Co-op,San Daniele Sliced Prosciutto,5.99,5.99,each,2026-10-01T00:00:00-04:00,2026-10-07T23:59:59-04:00,8155424,,,,True,,False,81.0,✅ Good Buy,LOWEST PRICE in 6 months (usually $10.83),Sliced Prosciutto,Pork,Ham,cached,3.0,12.0,6.39,22,45.5,False,6.2,,1,,,False,44.3,100,73,Skip,6% below avg $6.39; 22 prior prices
Calgary Co-op,Founders & Farmers Mix & Match Bulk Pastries,12.0,12.0,each,2026-10-01T00:00:00-04:00,2026-10-07T23:59:59-04:00,8155424,,,,True,,False,45.0,⚠️ Below Average,No price history or cross-store data available; neutral baseline score,Bulk Pastries,Bakery,Pastries/Donuts,claude_code,10.0,12.0,10.67,3,0.0,False,-12.5,,1,,,False,33.8,100,62,Skip,12% above average; 3 prior prices
Calgary Co-op,Sausage,13.99,13.99,each,2026-10-01T00:00:00-04:00,2026-10-07T23:59:59-04:00,8155424,,,,True,,False,0.0,❌ Poor Value,"89% above avg of $7.41, far above best price of $1.99 at Save-On-Foods (6 stores)",Sausage,Pork,Sausage (Fresh),claude_code,2.49,13.99,7.55,9,5.6,False,-85.4,,1,,,False,15.0,100,66,Skip,85% above average; 9 prior prices
Calgary Co-op,Marinated Pork Tenderloin,6.99,6.99,each,2026-10-01T00:00:00-04:00,2026-10-07T23:59:59-04:00,8155424,,,,True,,False,35.0,⚠️ Below Average,Near average ($6.47),Pork Tenderloin,Pork,nan,cached,3.99,8.99,5.35,14,7.1,False,-30.7,,1,,,False,24.6,100,70,Skip,31% above average; 14 prior prices
Calgary Co-op,Mini Peps,8.99,8.99,each,2026-10-01T00:00:00-04:00,2026-10-07T23:59:59-04:00,8155424,,,,True,,False,45.0,⚠️ Below Average,No price history or cross-store data available; neutral baseline score,Mini Peppers,Produce,Vegetables,claude_code,3.47,10.0,4.68,16,6.2,False,-92.2,,1,,,False,15.0,100,70,Skip,92% above average; 16 prior prices
Calgary Co-op,Cal & Gary's Soups,8.99,8.99,each,2026-10-01T00:00:00-04:00,2026-10-07T23:59:59-04:00,8155424,,,,True,,False,40.0,⚠️ Below Average,Standard pricing (no historical data),Soup,Pantry,Soups,cached,0.99,11.99,5.06,35,17.1,False,-77.8,5,5,2.24,Walmart,False,5.0,100,88,Skip,78% above average; 35 prior prices
Calgary Co-op,Founders & Farmers All Butter Mini Croissants,5.99,5.99,each,2026-10-01T00:00:00-04:00,2026-10-07T23:59:59-04:00,8155424,,,,True,,False,34.0,⚠️ Below Average,Above average (usually $5.41),Croissants (Mini),Bakery,nan,cached,2.99,6.99,5.27,9,38.9,False,-13.7,,1,,,True,38.1,100,66,Skip,14% above average; 9 prior prices
Calgary Co-op,Schneiders Original Bone-In Ham,2.99,2.99,each,2026-10-01T00:00:00-04:00,2026-10-07T23:59:59-04:00,8155424,,,,True,,False,40.0,⚠️ Below Average,Standard pricing (no historical data),Bone-In Ham,Pork,nan,cached,2.99,15.99,9.09,24,95.8,True,67.1,,1,,,False,85.0,100,73,Buy this week,67% below avg $9.09; Lowest seen; 24 prior prices
Calgary Co-op,Aspirin 81mg 100-120's and Aleve 40-100's or Motrin 60's,13.99,13.99,each,2026-10-01T00:00:00-04:00,2026-10-07T23:59:59-04:00,8155424,0.12,$/each,120.0,True,low_history,False,45.0,⚠️ Below Average,"No price history; unit price $0.12/each, neutral baseline score",Aspirin 81mg,Household & Personal,Health/Pharmacy,claude_code,0.12,0.14,0.13,2,50.0,True,7.7,,1,,,False,60.4,90,64,Only if needed,8% below avg $0.13; Lowest seen; Only 2 prior prices
Calgary Co-op,Frozen Entrées,3.99,3.99,each,2026-10-01T00:00:00-04:00,2026-10-07T23:59:59-04:00,8155424,,,,True,,False,47.0,⚠️ Below Average,Near average ($3.78). $2.99 at Real Canadian Superstore,Entrees (Frozen),Frozen,nan,cached,1.0,7.99,4.25,8,50.0,False,6.2,1,3,3.99,Calgary Co-op,False,64.3,100,81,Only if needed,6% below avg $4.25; Cheapest of 3 stores; 8 prior prices
Calgary Co-op,Garden Toolbox,49.99,49.99,each,2026-10-01T00:00:00-04:00,2026-10-07T23:59:59-04:00,8155424,,,,True,no_history,False,45.0,⚠️ Below Average,No price history or cross-store data available; neutral baseline score,Garden Toolbox,Other,General,claude_code,,,,0,,False,,,1,,,False,40.0,80,25,Skip,No price history
Calgary Co-op,Grimm's Old Style Carving Ham or Honey Maple Ham,3.79,3.79,each,2026-10-01T00:00:00-04:00,2026-10-07T23:59:59-04:00,8155424,,,,True,,False,40.0,⚠️ Below Average,Standard pricing (no historical data),Ham,Pork,nan,cached,1.99,14.99,4.88,17,82.4,False,22.4,2,3,2.99,Save-On-Foods,False,65.7,100,85,Only if needed,22% below avg $4.88; #2 of 3 stores; 17 prior prices
Calgary Co-op,Mussel King Mussels in Sauce,7.99,7.99,each,2026-10-01T00:00:00-04:00,2026-10-07T23:59:59-04:00,8155424,,,,True,,False,38.0,⚠️ Below Average,Near average ($7.74),Mussels in Sauce,Seafood,Prepared Seafood,cached,7.49,11.0,9.21,7,71.4,False,13.2,,1,,,False,49.2,100,66,Skip,13% below avg $9.21; 7 prior prices
Calgary Co-op,Lilydale Extra Lean Ground Chicken & Turkey,6.99,6.99,each,2026-10-01T00:00:00-04:00,2026-10-07T23:59:59-04:00,8155424,,,,True,,False,52.0,😐 Fair,"3% below avg of $7.24, matches historical low of $6.99",Ground Chicken & Turkey (Extra Lean),Poultry,Ground Poultry,claude_code,6.0,12.0,8.27,37,63.5,False,15.4,,1,,,False,50.8,100,73,Only if needed,15% below avg $8.27; 37 prior prices
Calgary Co-op,Cranberries,2.99,2.99,each,2026-10-01T00:00:00-04:00,2026-10-07T23:59:59-04:00,8155424,,,,True,,False,100.0,🔥 Hot Deal,"62% below avg of $7.95, below historical min of $6.50, near-best price (best $2.50 at Real Canadian Superstore)",Cranberries,Produce,Fruit,claude_code,6.5,8.5,7.95,10,100.0,True,62.4,3,4,2.5,Real Canadian Superstore,False,90.0,100,85,Stock up,62% below avg $7.95; Lowest seen; #3 of 4 stores
Calgary Co-op,Atlantic Salmon Fillets,3.49,3.49,per_100g,2026-10-01T00:00:00-04:00,2026-10-07T23:59:59-04:00,8155424,34.9,$/kg,,True,,True,75.0,✅ Good Buy,67% below 6-month avg of $10.54,Salmon Fillets (Atlantic),Seafood,Fish Fillets,cached,29.9,39.9,35.17,22,50.0,False,0.8,2,2,32.9,Save-On-Foods,False,55.6,100,92,Only if needed,#2 of 2 stores; 22 prior prices; Unit price checked $/kg
Calgary Co-op,Alaskan Pacific Cod Fillets,4.79,4.79,per_100g,2026-10-01T00:00:00-04:00,2026-10-07T23:59:59-04:00,8155424,47.9,$/kg,,True,,True,45.0,⚠️ Below Average,"No price history; priced at $47.90/kg, neutral baseline score",Cod Fillets (Alaskan Pacific),Seafood,Fish Fillets,claude_code,17.5,44.9,30.8,3,0.0,False,-55.5,,1,,,False,20.0,100,70,Skip,56% above average; 3 prior prices; Unit price checked $/kg
Calgary Co-op,Green Giant Canned Vegetables,7.0,7.0,each,2026-10-01T00:00:00-04:00,2026-10-07T23:59:59-04:00,8155424,,,,True,,False,42.0,⚠️ Below Average,Above average (usually $6.09). $1.67 at Walmart,Canned Vegetables,Pantry,Canned Goods,cached,1.37,17.99,6.17,8,25.0,False,-13.5,3,3,1.67,Walmart,False,38.2,100,81,Skip,14% above average; #3 of 3 stores; 8 prior prices
Calgary Co-op,Puff Pastry or Tart & Pie Shells,7.0,7.0,each,2026-10-01T00:00:00-04:00,2026-10-07T23:59:59-04:00,8155424,,,,True,,False,45.0,⚠️ Below Average,No price history or cross-store data available; neutral baseline score,Puff Pastry,Pantry,Baking Supplies,claude_code,4.99,5.99,5.49,6,0.0,False,-27.5,2,2,5.5,Real Canadian Superstore,False,36.2,100,77,Skip,28% above average; #2 of 2 stores; 6 prior prices
Calgary Co-op,Häagen-Dazs Premium Novelties,4.94,4.94,each,2026-10-01T00:00:00-04:00,2026-10-07T23:59:59-04:00,8155424,,,,True,,False,45.0,⚠️ Below Average,No price history or cross-store data available; neutral baseline score,Ice Cream Novelties,Frozen,Ice Cream/Dessert,claude_code,4.0,10.0,5.99,4,75.0,False,17.6,,1,,,False,52.3,100,62,Only if needed,18% below avg $5.99; 4 prior prices
Calgary Co-op,"Shredded, Sliced or Block Cheese",9.99,9.99,each,2026-10-01T00:00:00-04:00,2026-10-07T23:59:59-04:00,8155424,,,,True,,False,45.0,⚠️ Below Average,No price history or cross-store data available; neutral baseline score,Cheese (Shredded),Dairy & Eggs,Cheese (Shredded/Sliced),claude_code,4.99,15.99,8.74,12,25.0,False,-14.3,,1,,,True,37.9,100,70,Skip,14% above average; 12 prior prices
Calgary Co-op,Carrots,7.99,7.99,each,2026-10-01T00:00:00-04:00,2026-10-07T23:59:59-04:00,8155424,,,,True,,False,0.0,❌ Poor Value,"140% above avg of $3.33, far above best price of $1.49 at No Frills (7 stores)",Carrots,Produce,Vegetables,claude_code,1.28,6.99,3.49,16,0.0,False,-129.1,3,3,2.74,Walmart,False,20.0,100,85,Skip,129% above average; #3 of 3 stores; 16 prior prices
Calgary Co-op,Bagged Apples,5.99,5.99,each,2026-10-01T00:00:00-04:00,2026-10-07T23:59:59-04:00,8155424,,,,True,,False,50.0,😐 Fair,LOWEST PRICE in 6 months (usually $5.99),Apples,Produce,Fruit,cached,1.77,8.99,5.36,21,50.0,False,-11.7,1,5,5.99,Calgary Co-op,True,59.1,100,88,Only if needed,12% above average; Cheapest of 5 stores; 21 prior prices
Calgary Co-op,Beef Simmering or Braising Short Ribs,13.99,13.99,each,2026-10-01T00:00:00-04:00,2026-10-07T23:59:59-04:00,8155424,,,,True,,False,50.0,😐 Fair,LOWEST PRICE in 6 months (usually $14.16),Beef Short Ribs or Stewing Beef,Beef,nan,cached,9.99,26.0,13.45,27,35.2,False,-4.0,,1,,,False,38.0,100,73,Skip,27 prior prices
Calgary Co-op,Green Cabbage,7.99,7.99,each,2026-10-01T00:00:00-04:00,2026-10-07T23:59:59-04:00,8155424,,,,True,,False,5.0,❌ Poor Value,Above average (usually $1.13). $0.78 at Real Canadian Superstore,Cabbage (Green),Produce,nan,cached,0.78,1.27,1.0,5,0.0,False,-695.8,4,4,0.78,Real Canadian Superstore,False,5.0,100,81,Skip,696% above average; 5 prior prices
Calgary Co-op,Mini Watermelon,5.99,5.99,each,2026-10-01T00:00:00-04:00,2026-10-07T23:59:59-04:00,8155424,,,,True,,False,63.0,😐 Fair,Slightly below avg ($6.29). Best price across 3 stores,Watermelon (Mini),Produce,Fruit,cached,5.97,6.99,6.36,8,56.2,False,5.9,2,3,5.99,Sobeys,False,54.1,100,81,Only if needed,6% below avg $6.36; #2 of 3 stores; 8 prior prices
Calgary Co-op,Butter,4.99,4.99,each,2026-10-01T00:00:00-04:00,2026-10-07T23:59:59-04:00,8155424,,,,True,,False,63.0,😐 Fair,"26% below avg of $6.70, but not best price - Real Canadian Superstore offers $0.97 (7 stores)",Butter,Dairy & Eggs,Butter/Margarine,claude_code,1.97,7.99,5.88,18,63.9,False,15.1,2,4,4.97,Walmart,True,65.6,100,85,Only if needed,15% below avg $5.88; #2 of 4 stores; 18 prior prices
Calgary Co-op,Yams,1.49,1.49,each,2026-10-01T00:00:00-04:00,2026-10-07T23:59:59-04:00,8155424,,,,True,,False,84.0,✅ Good Buy,"49% below avg of $2.91, below historical min of $2.88",Yams,Produce,Vegetables,claude_code,2.88,3.0,2.91,7,100.0,True,48.8,,1,,,False,84.2,100,66,Buy this week,49% below avg $2.91; Lowest seen; 7 prior prices
Calgary Co-op,Kellogg's Cereal,8.47,8.47,each,2026-10-01T00:00:00-04:00,2026-10-07T23:59:59-04:00,8155424,,,,True,,False,15.0,❌ Poor Value,Above average (usually $4.86),Cereal,Pantry,Breakfast/Cereal,cached,2.97,10.0,6.23,124,25.8,False,-36.0,4,4,3.99,Sobeys,True,17.0,100,88,Skip,36% above average; 124 prior prices
Calgary Co-op,Club House Gravy Mixes,5.0,5.0,each,2026-10-01T00:00:00-04:00,2026-10-07T23:59:59-04:00,8155424,,,,True,,False,50.0,😐 Fair,$0.98 at Walmart,Gravy Mix,Pantry,nan,cached,0.98,2.49,1.42,8,0.0,False,-253.0,,1,,,False,15.0,100,66,Skip,253% above average; 8 prior prices
Calgary Co-op,Founders & Farmers Boneless Hams,10.99,10.99,each,2026-10-01T00:00:00-04:00,2026-10-07T23:59:59-04:00,8155424,,,,True,,False,53.0,😐 Fair,LOWEST PRICE in 6 months (usually $11.49),Ham (Boneless),Pork,nan,cached,2.49,14.99,10.32,6,50.0,False,-6.5,,1,,,False,36.8,100,66,Skip,6% above average; 6 prior prices
Calgary Co-op,Cal & Gary's Black Tiger Shrimp Rings with Sauce,9.99,9.99,each,2026-10-01T00:00:00-04:00,2026-10-07T23:59:59-04:00,8155424,,,,True,,False,64.0,😐 Fair,"20% below avg of $12.49, below historical min of $11.99",Shrimp Rings with Sauce,Seafood,Shellfish,claude_code,11.99,25.0,18.33,12,100.0,True,45.5,,1,,,False,81.8,100,70,Buy this week,46% below avg $18.33; Lowest seen; 12 prior prices
Calgary Co-op,Sliced Italian Meats,6.99,6.99,each,2026-10-01T00:00:00-04:00,2026-10-07T23:59:59-04:00,8155424,,,,True,,False,76.0,✅ Good Buy,LOWEST PRICE in 6 months (usually $11.17),Sliced Deli Meats,Pork,Deli Meats,cached,1.79,12.79,6.71,23,34.8,False,-4.2,,1,,,False,37.9,100,73,Skip,23 prior prices
Calgary Co-op,D'Italiano Bread,6.0,6.0,each,2026-10-01T00:00:00-04:00,2026-10-07T23:59:59-04:00,8155424,,,,True,,False,25.0,❌ Poor Value,Above average (usually $3.64). $3.00 at No Frills,Bread,Bakery,nan,cached,2.47,10.99,3.97,66,10.6,False,-51.2,,1,,,True,20.0,100,73,Skip,51% above average; 66 prior prices
Calgary Co-op,The Bog Frozen Cranberries,3.99,3.99,each,2026-10-01T00:00:00-04:00,2026-10-07T23:59:59-04:00,8155424,,,,True,no_history,False,45.0,⚠️ Below Average,No price history or cross-store data available; neutral baseline score,Frozen Cranberries,Frozen,Fruit/Vegetables,claude_code,,,,0,,False,,,1,,,False,40.0,80,25,Skip,No price history
Calgary Co-op,Classico Pasta Sauce,2.97,2.97,each,2026-10-01T00:00:00-04:00,2026-10-07T23:59:59-04:00,8155424,,,,True,,False,98.0,🔥 Hot Deal,LOWEST PRICE in 6 months (usually $5.00). Best price across 2 stores,Pasta Sauce,Pantry,Sauces/Condiments,cached,2.0,12.99,6.56,61,86.1,False,54.7,2,4,2.97,Real Canadian Superstore,True,90.0,100,88,Stock up,55% below avg $6.56; #2 of 4 stores; 61 prior prices
Calgary Co-op,Gardein Plant Based Entrées,9.99,9.99,each,2026-10-01T00:00:00-04:00,2026-10-07T23:59:59-04:00,8155424,,,,True,,False,45.0,⚠️ Below Average,No price history or cross-store data available; neutral baseline score,Plant-Based Entrées,Frozen,Meals/Entrees,claude_code,2.99,26.97,8.0,111,14.9,False,-24.8,,1,,,False,27.6,100,73,Skip,25% above average; 111 prior prices
Calgary Co-op,"Maple Leaf Prime RWA Breaded Chicken, Stuffed Chicken or Chicken Wings",12.99,12.99,each,2026-10-01T00:00:00-04:00,2026-10-07T23:59:59-04:00,8155424,,,,True,,False,45.0,⚠️ Below Average,No price history or cross-store data available; neutral baseline score,Breaded Chicken,Frozen,Meals/Entrees,claude_code,6.0,12.99,10.21,14,0.0,False,-27.2,2,2,7.99,Save-On-Foods,True,41.4,100,81,Skip,27% above average; #2 of 2 stores; 14 prior prices
Calgary Co-op,Bottom Sirloin Tri Tip Grilling Steak or Roast,14.99,14.99,each,2026-10-01T00:00:00-04:00,2026-10-07T23:59:59-04:00,8155424,,,,True,,False,49.0,⚠️ Below Average,"14% below avg of $17.35, no cross-store comparison available",Bottom Sirloin Tri Tip Steak,Beef,Steak,claude_code,7.99,28.99,15.59,72,47.2,False,3.9,,1,,,False,42.7,100,73,Skip,72 prior prices
Calgary Co-op,Split Chicken Wings,6.49,6.49,each,2026-10-01T00:00:00-04:00,2026-10-07T23:59:59-04:00,8155424,,,,True,,False,66.0,😐 Fair,23% below 6-month avg of $8.47. $6.43 at Walmart,Chicken Wings (Split),Poultry,Wings,cached,4.99,17.0,7.08,11,36.4,False,8.4,2,3,6.43,Walmart,False,55.9,100,85,Only if needed,8% below avg $7.08; #2 of 3 stores; 11 prior prices
Calgary Co-op,Paese Mio Anchovy Paste,2.99,2.99,each,2026-10-01T00:00:00-04:00,2026-10-07T23:59:59-04:00,8155424,,,,True,no_history,False,45.0,⚠️ Below Average,No price history or cross-store data available; neutral baseline score,Anchovy Paste,Pantry,Sauces/Condiments,claude_code,,,,0,,False,,,1,,,False,40.0,80,25,Skip,No price history
Calgary Co-op,Sausage Ring,6.99,6.99,each,2026-10-01T00:00:00-04:00,2026-10-07T23:59:59-04:00,8155424,,,,True,,False,63.0,😐 Fair,"23% below avg of $9.08, but not best price - Safeway offers $3.99 (4 stores)",Sausage Ring,Pork,Sausage (Fresh),claude_code,4.99,12.49,7.99,4,50.0,False,12.5,1,2,6.99,Calgary Co-op,False,68.8,100,73,Only if needed,12% below avg $7.99; Cheapest of 2 stores; 4 prior prices
Calgary Co-op,Pork Back Ribs,6.99,6.99,each,2026-10-01T00:00:00-04:00,2026-10-07T23:59:59-04:00,8155424,,,,True,,False,82.0,✅ Good Buy,32% below 6-month avg of $10.22. Best price across 5 stores,Pork Ribs,Pork,nan,cached,5.49,14.99,10.49,3,66.7,False,33.4,1,3,6.99,Calgary Co-op,False,83.4,100,77,Buy this week,33% below avg $10.49; Cheapest of 3 stores; 3 prior prices
Calgary Co-op,Kozlik's Mustard,5.79,5.79,each,2026-10-01T00:00:00-04:00,2026-10-07T23:59:59-04:00,8155424,,,,True,,False,45.0,⚠️ Below Average,No price history or cross-store data available; neutral baseline score,Mustard,Pantry,Sauces/Condiments,claude_code,2.29,6.0,3.77,11,9.1,False,-53.5,,1,,,False,15.0,100,70,Skip,54% above average; 11 prior prices
Calgary Co-op,Cadbury Chocolate Bar,6.0,6.0,each,2026-10-01T00:00:00-04:00,2026-10-07T23:59:59-04:00,8155424,,,,True,,False,3.0,❌ Poor Value,"81% above avg of $3.31, though it is the best price found across 2 stores at $6.00",Chocolate Bar,Snacks,Candy/Chocolate,claude_code,1.0,6.0,3.15,31,0.0,False,-90.5,1,2,6.0,Calgary Co-op,False,35.0,100,84,Skip,90% above average; Cheapest of 2 stores; 31 prior prices
Calgary Co-op,Bubly or AHA Sparkling Water,11.98,11.98,each,2026-10-01T00:00:00-04:00,2026-10-07T23:59:59-04:00,8155424,,,,True,,False,35.0,⚠️ Below Average,Near average ($10.98),Sparkling Water,Beverages,nan,cached,0.87,13.99,6.24,89,6.7,False,-92.1,,1,,,False,15.0,100,73,Skip,92% above average; 89 prior prices
Calgary Co-op,Pronamel Toothpaste,6.99,6.99,each,2026-10-01T00:00:00-04:00,2026-10-07T23:59:59-04:00,8155424,,,,True,,False,54.0,😐 Fair,Above average (usually $6.30). Best price across 2 stores,Toothpaste,Household & Personal,nan,cached,1.0,14.98,5.3,85,21.2,False,-32.0,,1,,,False,24.0,100,73,Skip,32% above average; 85 prior prices
Calgary Co-op,Pantene Shampoo and Conditioner,4.99,4.99,each,2026-10-01T00:00:00-04:00,2026-10-07T23:59:59-04:00,8155424,,,,True,,False,45.0,⚠️ Below Average,No price history or cross-store data available; neutral baseline score,Shampoo and Conditioner,Household & Personal,Personal Care,claude_code,2.75,23.99,7.72,186,84.4,False,35.3,,1,,,False,64.7,100,73,Only if needed,35% below avg $7.72; 186 prior prices
Calgary Co-op,Ben's Original Bistro Express Rice,10.0,10.0,each,2026-10-01T00:00:00-04:00,2026-10-07T23:59:59-04:00,8155424,,,,True,,False,15.0,❌ Poor Value,Above average (usually $4.63),Bistro Express Rice,Pantry,Rice,cached,2.37,10.0,5.37,17,0.0,False,-86.1,,1,,,True,20.0,100,70,Skip,86% above average; 17 prior prices
Calgary Co-op,Instant Oatmeal,8.0,8.0,each,2026-10-01T00:00:00-04:00,2026-10-07T23:59:59-04:00,8155424,,,,True,,False,12.0,❌ Poor Value,"40% above avg of $5.72, no cross-store data available",Instant Oatmeal,Pantry,Breakfast/Cereal,claude_code,2.77,12.49,6.53,19,31.6,False,-22.6,,1,,,False,28.7,100,70,Skip,23% above average; 19 prior prices
Calgary Co-op,Plant-Based Roast,25.99,25.99,each,2026-10-01T00:00:00-04:00,2026-10-07T23:59:59-04:00,8155424,,,,True,,False,45.0,⚠️ Below Average,No price history or cross-store data available; neutral baseline score,Plant-Based Roast,Frozen,Meals/Entrees,claude_code,6.0,15.0,8.2,5,0.0,False,-217.1,,1,,,False,15.0,100,66,Skip,217% above average; 5 prior prices
Calgary Co-op,Lesley Stowe Raincoast Crisps,6.99,6.99,each,2026-10-01T00:00:00-04:00,2026-10-07T23:59:59-04:00,8155424,,,,True,,False,38.0,⚠️ Below Average,Near average ($6.74),Raincoast Crisps,Snacks,Crackers,cached,5.99,8.49,7.74,4,75.0,False,9.7,1,2,6.99,Calgary Co-op,False,66.8,100,73,Only if needed,10% below avg $7.74; Cheapest of 2 stores; 4 prior prices
Safeway,"Shampoo, Conditioner or Stylers",4.99,4.99,each,2026-10-01T03:00:00-04:00,2026-10-07T23:59:59-04:00,8160254,,,,True,,False,94.0,🔥 Hot Deal,LOWEST PRICE in 6 months (usually $7.67). Best price across 2 stores,Shampoo,Household & Personal,Personal Care,cached,2.75,23.99,8.13,81,86.4,False,38.6,,1,,,False,67.0,100,73,Only if needed,39% below avg $8.13; 81 prior prices
Safeway,Blood Pressure Monitors UB525CN or UA770CNBLE,59.99,59.99,each,2026-10-01T03:00:00-04:00,2026-10-07T23:59:59-04:00,8160254,,,,True,,False,65.0,😐 Fair,No price history; best price found across 2 stores at $59.99,Blood Pressure Monitor,Household & Personal,Health/Pharmacy,claude_code,39.99,79.99,55.99,5,40.0,False,-7.1,2,2,59.99,Sobeys,False,46.5,100,77,Skip,7% above average; #2 of 2 stores; 5 prior prices
Safeway,Tortilla Chips,3.99,3.99,each,2026-10-01T03:00:00-04:00,2026-10-07T23:59:59-04:00,8160254,,,,True,,False,65.0,😐 Fair,"26% below avg of $5.41, but not best price - Real Canadian Superstore offers $2.50 (5 stores)",Tortilla Chips,Snacks,Chips/Pretzels,claude_code,2.5,12.0,5.44,82,56.1,False,26.7,,1,,,False,58.7,100,73,Only if needed,27% below avg $5.44; 82 prior prices
Safeway,"Ultimates Breaded or Battered Haddock, Cod or Sole",11.99,11.99,each,2026-10-01T03:00:00-04:00,2026-10-07T23:59:59-04:00,8160254,,,,True,,False,76.0,✅ Good Buy,"9% below avg of $13.19, matches historical low, and is the best price across 2 stores at $11.99",Breaded Haddock,Seafood,Fish Fillets,claude_code,7.0,14.99,12.77,9,61.1,False,6.1,,1,,,True,49.3,100,66,Skip,6% below avg $12.77; 9 prior prices
Safeway,Regular Ground Beef,6.99,6.99,each,2026-10-01T03:00:00-04:00,2026-10-07T23:59:59-04:00,8160254,,,,True,,False,55.0,😐 Fair,Near average ($6.46). Best price across 2 stores,Ground Beef (Regular),Beef,Regular Ground Beef,cached,5.88,8.49,6.53,13,23.1,False,-7.0,2,2,6.99,Sobeys,True,51.5,100,81,Only if needed,7% above average; #2 of 2 stores; 13 prior prices
Safeway,Premium Ecuadorian Roses,23.99,23.99,each,2026-10-01T03:00:00-04:00,2026-10-07T23:59:59-04:00,8160254,,,,True,,False,70.0,✅ Good Buy,"Priced at avg of $23.99, matches historical low and is best price across 2 stores",Ecuadorian Roses,Other,Floral,claude_code,18.99,23.99,21.49,4,12.5,False,-11.6,2,2,23.99,Sobeys,False,44.2,100,73,Skip,12% above average; #2 of 2 stores; 4 prior prices
Safeway,Microgreens,4.0,4.0,each,2026-10-01T03:00:00-04:00,2026-10-07T23:59:59-04:00,8160254,,,,True,,False,48.0,⚠️ Below Average,"17% above avg of $3.42, though it is the best price available across 2 stores at $4.00",Microgreens,Produce,Herbs,claude_code,2.99,3.99,3.39,5,0.0,False,-18.0,2,2,4.0,Sobeys,False,41.0,100,77,Skip,18% above average; #2 of 2 stores; 5 prior prices
Safeway,Welsh Cheddar,10.99,10.99,each,2026-10-01T03:00:00-04:00,2026-10-07T23:59:59-04:00,8160254,,,,True,no_history,False,65.0,😐 Fair,No price history; best price across 2 stores at $10.99,Welsh Cheddar,Dairy & Eggs,Cheese (Block),claude_code,,,,0,,False,,2,2,10.99,Sobeys,False,50.0,80,36,Only if needed,#2 of 2 stores; No price history
Safeway,Wedges,9.99,9.99,each,2026-10-01T03:00:00-04:00,2026-10-07T23:59:59-04:00,8160254,,,,True,,False,29.0,❌ Poor Value,"24% above avg of $8.04, at historical max, not best price - Real Canadian Superstore offers $7.99 (3 stores)",Wedges,Frozen,Fruit/Vegetables,claude_code,3.0,9.99,8.04,12,4.2,False,-24.2,,1,,,False,27.9,100,70,Skip,24% above average; 12 prior prices
Safeway,Pomegranates,3.99,3.99,each,2026-10-01T03:00:00-04:00,2026-10-07T23:59:59-04:00,8160254,,,,True,,False,69.0,😐 Fair,"12% below avg of $4.55, and is the best price across 2 stores at $3.99",Pomegranates,Produce,Fruit,claude_code,3.99,4.99,4.7,7,78.6,True,15.2,2,2,3.99,Sobeys,False,70.6,100,77,Compare first,15% below avg $4.70; Lowest seen; #2 of 2 stores
Safeway,Pot Pies,1.99,1.99,each,2026-10-01T03:00:00-04:00,2026-10-07T23:59:59-04:00,8160254,,,,True,,False,100.0,🔥 Hot Deal,"74% below avg of $7.65, matches historical low, and best price across 3 stores at $1.99",Pot Pies,Frozen,Meals/Entrees,claude_code,1.99,5.0,2.95,7,78.6,True,32.6,2,2,1.99,Sobeys,False,82.8,100,77,Buy this week,33% below avg $2.95; Lowest seen; #2 of 2 stores
Safeway,Snack or Classic Meal Boxes,5.99,5.99,each,2026-10-01T03:00:00-04:00,2026-10-07T23:59:59-04:00,8160254,,,,True,,False,73.0,✅ Good Buy,LOWEST PRICE in 6 months (usually $6.32). Best price across 2 stores,Meal Boxes,Frozen,Meals/Entrees,cached,5.99,6.99,6.32,6,58.3,True,5.3,2,2,5.99,Sobeys,False,63.7,100,77,Only if needed,5% below avg $6.32; Lowest seen; #2 of 2 stores
Safeway,RUBICON 1 L,5.0,5.0,each,2026-10-01T03:00:00-04:00,2026-10-07T23:59:59-04:00,8160254,5.0,$/L,1000.0,True,,False,45.0,⚠️ Below Average,No price history or cross-store data available; unit price $5.00/L,Juice Drink,Beverages,Juice,claude_code,2.5,2.79,2.69,3,0.0,False,-85.6,,1,,,False,20.0,100,70,Skip,86% above average; 3 prior prices; Unit price checked $/L
Safeway,COMPLIMENTS De-Alcoholized Beer,11.49,11.49,each,2026-10-01T03:00:00-04:00,2026-10-07T23:59:59-04:00,8160254,,,,True,,False,51.0,😐 Fair,Above average (usually $9.79). Best price across 2 stores,De-Alcoholized Beer,Beverages,Soda/Pop,cached,5.99,11.49,9.66,13,3.8,False,-18.9,2,2,11.49,Sobeys,False,40.5,100,81,Skip,19% above average; #2 of 2 stores; 13 prior prices
Safeway,Rainbow Soft Drinks,13.99,13.99,each,2026-10-01T03:00:00-04:00,2026-10-07T23:59:59-04:00,8160254,,,,True,,False,65.0,😐 Fair,No price history; best price across 2 stores at $13.99,Soft Drinks,Beverages,Soda/Pop,claude_code,1.0,16.98,7.01,88,8.0,False,-99.6,,1,,,False,15.0,100,73,Skip,100% above average; 88 prior prices
Safeway,Topped Hummus,3.99,3.99,each,2026-10-01T03:00:00-04:00,2026-10-07T23:59:59-04:00,8160254,,,,True,,False,60.0,😐 Fair,"0.5% below avg of $4.01, and is the best price across 2 stores at $3.99",Topped Hummus,Other,Deli (Prepared),claude_code,3.5,4.5,4.2,5,80.0,False,4.9,2,2,3.99,Sobeys,False,53.4,100,77,Only if needed,#2 of 2 stores; 5 prior prices
Safeway,Crescent Rolls or Wiener Wraps,1.99,1.99,each,2026-10-01T03:00:00-04:00,2026-10-07T23:59:59-04:00,8160254,,,,True,,False,70.0,✅ Good Buy,"At $1.99, matches historical avg/min of $1.99 and is the best price among 2 stores.",Crescent Rolls,Bakery,Buns/Rolls,claude_code,1.74,1.99,1.91,3,16.7,False,-4.4,2,2,1.99,Sobeys,False,47.8,100,73,Skip,#2 of 2 stores; 3 prior prices
Safeway,Pure Pumpkin,5.99,5.99,each,2026-10-01T03:00:00-04:00,2026-10-07T23:59:59-04:00,8160254,,,,True,,False,14.0,❌ Poor Value,"At $5.99, 44% above avg of $4.15, well above Real Canadian Superstore's best price of $4.79 (4 stores).",Pumpkin (Canned),Pantry,Canned Goods,claude_code,2.99,4.99,4.15,11,-0.0,False,-44.2,,1,,,False,17.9,100,70,Skip,44% above average; 11 prior prices
Safeway,Grab-N-Go All Rolled-Up Wraps,1.49,1.49,each,2026-10-01T03:00:00-04:00,2026-10-07T23:59:59-04:00,8160254,,,,True,low_history,False,60.0,😐 Fair,No price history; ties best price of $1.49 among 2 stores.,Rolled-Up Wraps,Other,Deli (Prepared),claude_code,1.49,1.49,1.49,2,25.0,True,0.0,2,2,1.49,Sobeys,False,60.0,90,67,Only if needed,Lowest seen; #2 of 2 stores; Only 2 prior prices
Safeway,"Dinner, Tray or Butter-Topped Buns",4.0,4.0,each,2026-10-01T03:00:00-04:00,2026-10-07T23:59:59-04:00,8160254,,,,True,low_history,False,60.0,😐 Fair,No price history; ties best price of $4.00 among 2 stores.,Dinner Buns,Bakery,Buns/Rolls,claude_code,3.99,3.99,3.99,2,0.0,False,-0.3,,1,,,True,44.9,90,56,Skip,Only 2 prior prices
Safeway,Whole Grains or Protein Bread,3.49,3.49,each,2026-10-01T03:00:00-04:00,2026-10-07T23:59:59-04:00,8160254,,,,True,,False,60.0,😐 Fair,No price history; ties best price of $3.49 among 2 stores.,Bread (Whole Grain),Bakery,Bread,claude_code,1.99,4.49,3.54,10,50.0,False,1.4,,1,,,True,46.0,100,70,Skip,10 prior prices
Safeway,Sauerkraut,3.49,3.49,each,2026-10-01T03:00:00-04:00,2026-10-07T23:59:59-04:00,8160254,,,,True,,False,89.0,🔥 Hot Deal,"At $3.49, 27% below avg of $4.79, at historical low, and best price among 2 stores.",Sauerkraut,Pantry,Canned Goods,claude_code,3.75,4.99,4.61,9,100.0,True,24.3,2,3,3.49,Sobeys,False,77.0,100,81,Buy this week,24% below avg $4.61; Lowest seen; #2 of 3 stores
Safeway,Chili Crisp Dumpling Lasagna,2.99,2.99,each,2026-10-01T03:00:00-04:00,2026-10-07T23:59:59-04:00,8160254,,,,True,,False,60.0,😐 Fair,No price history; ties best price of $2.99 among 2 stores.,Dumpling Lasagna (Chili Crisp),Frozen,Meals/Entrees,claude_code,2.69,14.99,7.97,13,80.8,False,62.5,,1,,,False,75.0,100,70,Compare first,62% below avg $7.97; 13 prior prices
Safeway,Boneless Pork Sirloin Chops or Roasts,3.99,3.99,each,2026-10-01T03:00:00-04:00,2026-10-07T23:59:59-04:00,8160254,,,,True,,False,59.0,😐 Fair,"At $3.99, roughly at avg of $3.94; best price among 2 stores.",Pork Sirloin Chops (Boneless),Pork,Chops,claude_code,2.99,4.99,3.66,6,16.7,False,-9.1,2,2,3.99,Sobeys,False,45.5,100,77,Skip,9% above average; #2 of 2 stores; 6 prior prices
Safeway,Single Layer Shortcakes,12.99,12.99,each,2026-10-01T03:00:00-04:00,2026-10-07T23:59:59-04:00,8160254,,,,True,,False,55.0,😐 Fair,Near average ($11.99). Best price across 2 stores,Shortcakes,Bakery,Desserts/Cakes,cached,9.99,14.99,11.66,6,33.3,False,-11.4,2,2,12.99,Sobeys,False,44.3,100,77,Skip,11% above average; #2 of 2 stores; 6 prior prices
Safeway,CLIF Bars,12.99,12.99,each,2026-10-01T03:00:00-04:00,2026-10-07T23:59:59-04:00,8160254,,,,True,,False,25.0,❌ Poor Value,Above average (usually $6.09). $7.47 at Walmart,Bars,Snacks,nan,cached,2.29,20.0,8.48,24,14.6,False,-53.1,5,5,4.0,Sobeys,False,5.0,100,88,Skip,53% above average; 24 prior prices
Safeway,Gourd Ceramics with Ferns,14.99,14.99,each,2026-10-01T03:00:00-04:00,2026-10-07T23:59:59-04:00,8160254,,,,True,no_history,False,60.0,😐 Fair,No price history; ties best price of $14.99 among 2 stores.,Ceramic Gourd Planter (with Ferns),Other,Seasonal,claude_code,,,,0,,False,,,1,,,False,40.0,80,25,Skip,No price history
Safeway,Broccoli Crowns,2.49,2.49,each,2026-10-01T03:00:00-04:00,2026-10-07T23:59:59-04:00,8160254,,,,True,,False,62.0,😐 Fair,Slightly below avg ($2.60). Best price across 4 stores,Broccoli,Produce,nan,cached,1.99,3.44,2.65,6,50.0,False,6.0,2,5,2.49,Sobeys,False,54.2,100,81,Only if needed,6% below avg $2.65; #2 of 5 stores; 6 prior prices
Safeway,Gravy Powder,4.99,4.99,each,2026-10-01T03:00:00-04:00,2026-10-07T23:59:59-04:00,8160254,,,,True,no_history,False,60.0,😐 Fair,No price history; ties best price of $4.99 among 2 stores.,Gravy Powder,Pantry,Sauces/Condiments,claude_code,,,,0,,False,,2,2,4.99,Sobeys,False,50.0,80,36,Only if needed,#2 of 2 stores; No price history
Safeway,Orchid Garden in Ceramic,64.99,64.99,each,2026-10-01T03:00:00-04:00,2026-10-07T23:59:59-04:00,8160254,,,,True,no_history,False,60.0,😐 Fair,No price history; ties best price of $64.99 among 2 stores.,Orchid Garden (Ceramic Planter),Other,Floral,claude_code,,,,0,,False,,,1,,,False,40.0,80,25,Skip,No price history
Safeway,Boneless Lamb Leg,12.99,12.99,each,2026-10-01T03:00:00-04:00,2026-10-07T23:59:59-04:00,8160254,,,,True,,False,70.0,✅ Good Buy,"At $12.99, matches flat avg/min of $12.99, and is best price among 2 stores.",Lamb Leg (Boneless),Lamb,Leg,claude_code,2.99,29.99,13.24,94,46.3,False,1.9,2,2,12.99,Sobeys,False,51.3,100,84,Only if needed,#2 of 2 stores; 94 prior prices
Safeway,Plant-Based Ground Meat,5.49,5.49,each,2026-10-01T03:00:00-04:00,2026-10-07T23:59:59-04:00,8160254,,,,True,,False,60.0,😐 Fair,No price history; ties best price of $5.49 among 2 stores.,Ground Meat (Plant-Based),Other,General,claude_code,4.99,19.99,8.86,43,95.3,False,38.0,,1,,,False,66.6,100,73,Only if needed,38% below avg $8.86; 43 prior prices
Safeway,Sweet Potatoes,1.99,1.99,each,2026-10-01T03:00:00-04:00,2026-10-07T23:59:59-04:00,8160254,,,,True,,False,50.0,😐 Fair,"At $1.99, only 7% below avg of $2.14 but well above Walmart's best price of $1.24 (4 stores).",Sweet Potatoes,Produce,Vegetables,claude_code,1.94,2.27,2.12,8,62.5,False,6.3,3,4,1.24,Walmart,True,54.4,100,81,Only if needed,6% below avg $2.12; #3 of 4 stores; 8 prior prices
Safeway,Triple Wick Jar Candles,5.79,5.79,each,2026-10-01T03:00:00-04:00,2026-10-07T23:59:59-04:00,8160254,,,,True,low_history,False,60.0,😐 Fair,No price history; ties best price of $5.79 among 2 stores.,Jar Candles (Triple Wick),Other,General,claude_code,9.99,9.99,9.99,2,100.0,True,42.0,2,2,5.79,Sobeys,False,89.4,90,67,Buy this week,42% below avg $9.99; Lowest seen; #2 of 2 stores
Safeway,Laundry Detergent,12.49,12.49,each,2026-10-01T03:00:00-04:00,2026-10-07T23:59:59-04:00,8160254,,,,True,,False,51.0,😐 Fair,"At $12.49, 9% below avg of $13.70 but far above No Frills' best price of $5.00 (6 stores).",Laundry Detergent,Household & Personal,Laundry,claude_code,4.97,22.0,12.43,58,45.7,False,-0.5,5,11,5.0,No Frills,False,29.8,100,88,Skip,58 prior prices
Safeway,Shampoo or Conditioner,11.99,11.99,each,2026-10-01T03:00:00-04:00,2026-10-07T23:59:59-04:00,8160254,,,,True,,False,4.0,❌ Poor Value,"At $11.99, 58% above avg of $7.59 and well above Walmart's best price of $5.98 (4 stores).",Shampoo,Household & Personal,Personal Care,claude_code,2.75,23.99,8.13,81,4.9,False,-47.5,,1,,,False,16.2,100,73,Skip,48% above average; 81 prior prices
Safeway,Cream Crackers,1.99,1.99,each,2026-10-01T03:00:00-04:00,2026-10-07T23:59:59-04:00,8160254,,,,True,low_history,False,70.0,✅ Good Buy,"At $1.99, matches flat avg/min of $1.99, and is best price among 2 stores.",Cream Crackers,Snacks,Crackers,claude_code,1.99,1.99,1.99,2,25.0,True,0.0,,1,,,False,50.0,90,56,Only if needed,Lowest seen; Only 2 prior prices
Safeway,Wafer Rolls,1.79,1.79,each,2026-10-01T03:00:00-04:00,2026-10-07T23:59:59-04:00,8160254,,,,True,,False,100.0,🔥 Hot Deal,"At $1.79, 43% below avg of $3.16, at historical low, and best price among 2 stores.",Wafer Rolls,Snacks,Cookies,claude_code,1.79,1.79,1.79,4,37.5,True,0.0,2,2,1.79,Sobeys,False,60.0,100,73,Only if needed,Lowest seen; #2 of 2 stores; 4 prior prices
Safeway,Pitted Dates,4.99,4.99,each,2026-10-01T03:00:00-04:00,2026-10-07T23:59:59-04:00,8160254,,,,True,,False,95.0,🔥 Hot Deal,"At $4.99, 36% below avg of $7.81, at/below historical min, and best price among 3 stores.",Dates (Pitted),Snacks,Nuts/Seeds,claude_code,5.99,8.5,7.81,8,100.0,True,36.1,,1,,,False,75.3,100,66,Compare first,36% below avg $7.81; Lowest seen; 8 prior prices
Safeway,Raised Without Antibiotics Frozen Grade A Turkeys,2.19,2.19,each,2026-10-01T03:00:00-04:00,2026-10-07T23:59:59-04:00,8160254,,,,True,,False,100.0,🔥 Hot Deal,"At $2.19, dramatically below historical avg of $14.99, and best price among 2 stores.","Turkey (Frozen, Whole)",Poultry,Turkey,claude_code,14.99,14.99,14.99,4,100.0,True,85.4,1,2,2.19,Safeway,False,100.0,100,73,Stock up,85% below avg $14.99; Lowest seen; Cheapest of 2 stores
Safeway,Roast Fine Grind Coffee,13.99,13.99,each,2026-10-01T03:00:00-04:00,2026-10-07T23:59:59-04:00,8160254,,,,True,,False,70.0,✅ Good Buy,"At $13.99, matches flat avg/min of $13.99, and is best price among 2 stores.",Coffee (Fine Grind),Beverages,Coffee,claude_code,13.99,31.99,21.19,5,60.0,True,34.0,,1,,,True,78.8,100,66,Buy this week,34% below avg $21.19; Lowest seen; 5 prior prices
Safeway,Almond or Oat Beverage,3.99,3.99,each,2026-10-01T03:00:00-04:00,2026-10-07T23:59:59-04:00,8160254,,,,True,,False,69.0,😐 Fair,"At $3.99, 13% below avg of $4.56; best price among 2 stores.",Almond Beverage,Beverages,Plant-Based Milk,claude_code,3.29,3.98,3.59,3,0.0,False,-11.2,,1,,,False,34.4,100,62,Skip,11% above average; 3 prior prices
Safeway,Tablet Bars,3.49,3.49,each,2026-10-01T03:00:00-04:00,2026-10-07T23:59:59-04:00,8160254,,,,True,,False,72.0,✅ Good Buy,"At $3.49, 17% below avg of $4.21; best price among 2 stores.",Chocolate Tablet Bars,Snacks,Candy/Chocolate,claude_code,0.99,15.48,4.69,132,57.2,False,25.6,,1,,,False,57.9,100,73,Only if needed,26% below avg $4.69; 132 prior prices
Safeway,"Bars, Minis or Rice Crisps",3.99,3.99,each,2026-10-01T03:00:00-04:00,2026-10-07T23:59:59-04:00,8160254,,,,True,,False,50.0,😐 Fair,"At $3.99, 14% above avg of $3.49, though listed as best price among 2 stores.",Bars (Mini),Snacks,Bars/Granola,claude_code,1.99,9.99,3.54,35,8.6,False,-12.7,,1,,,True,38.6,100,73,Skip,13% above average; 35 prior prices
Safeway,Fresh Boneless Whole Beef Brisket,7.99,7.99,each,2026-10-01T03:00:00-04:00,2026-10-07T23:59:59-04:00,8160254,,,,True,,False,56.0,😐 Fair,Near average ($7.49). Best price across 2 stores,"Beef Brisket (Boneless, Whole)",Beef,Roast,cached,6.99,8.99,7.79,5,30.0,False,-2.6,2,2,7.99,Sobeys,False,48.7,100,77,Skip,#2 of 2 stores; 5 prior prices
Safeway,Bagged Chocolate,4.29,4.29,each,2026-10-01T03:00:00-04:00,2026-10-07T23:59:59-04:00,8160254,,,,True,,False,82.0,✅ Good Buy,32% below 6-month avg of $6.27. Best price across 2 stores,Chocolate,Snacks,Candy/Chocolate,cached,2.67,13.99,6.59,20,82.5,False,34.9,2,5,4.29,Sobeys,False,74.4,100,88,Compare first,35% below avg $6.59; #2 of 5 stores; 20 prior prices
Safeway,Cheddar,7.99,7.99,each,2026-10-01T03:00:00-04:00,2026-10-07T23:59:59-04:00,8160254,,,,True,,False,46.0,⚠️ Below Average,"At $7.99, near avg of $8.12 but well above Real Canadian Superstore's best price of $4.50 (5 stores).",Cheddar Cheese,Dairy & Eggs,Cheese (Block),claude_code,6.0,13.99,10.44,10,70.0,False,23.5,3,5,6.67,Walmart,False,61.5,100,85,Only if needed,24% below avg $10.44; #3 of 5 stores; 10 prior prices
Safeway,BABY GOURMET Oat Bars,8.0,8.0,each,2026-10-01T03:00:00-04:00,2026-10-07T23:59:59-04:00,8160254,,,,True,no_history,False,50.0,😐 Fair,No price history or cross-store data available; neutral score.,Oat Bars (Baby),Household & Personal,Baby,claude_code,,,,0,,False,,,1,,,False,40.0,80,25,Skip,No price history
Safeway,Mini Croissants,2.99,2.99,each,2026-10-01T03:00:00-04:00,2026-10-07T23:59:59-04:00,8160254,,,,True,,False,100.0,🔥 Hot Deal,LOWEST PRICE in 6 months (usually $5.24). Best price across 5 stores,Croissants,Bakery,Pastries,cached,2.99,5.99,4.63,23,84.8,True,35.4,2,3,2.99,Sobeys,False,84.8,100,88,Buy this week,35% below avg $4.63; Lowest seen; #2 of 3 stores
Safeway,Oikos Greek Yogurt,10.99,10.99,each,2026-10-01T03:00:00-04:00,2026-10-07T23:59:59-04:00,8160254,,,,True,,False,25.0,❌ Poor Value,Above average (usually $6.81). $6.46 at Real Canadian Superstore,Greek Yogurt,Dairy & Eggs,nan,cached,2.97,11.99,6.42,48,10.4,False,-71.2,,1,,,True,20.0,100,73,Skip,71% above average; 48 prior prices
Safeway,CADBURY Fingers Cookies,4.0,4.0,each,2026-10-01T03:00:00-04:00,2026-10-07T23:59:59-04:00,8160254,,,,True,,False,40.0,⚠️ Below Average,Near average ($4.00),Fingers Cookies,Snacks,Cookies,cached,3.99,4.49,4.12,4,37.5,False,2.9,2,2,4.0,Sobeys,False,52.0,100,73,Only if needed,#2 of 2 stores; 4 prior prices
Safeway,Crispy Minis,3.49,3.49,each,2026-10-01T03:00:00-04:00,2026-10-07T23:59:59-04:00,8160254,,,,True,,False,65.0,😐 Fair,Slightly below avg ($3.80). Best price across 2 stores,Minis,Snacks,nan,cached,1.99,11.0,3.8,49,35.7,False,8.3,1,2,3.49,Safeway,False,65.8,100,84,Only if needed,8% below avg $3.80; Cheapest of 2 stores; 49 prior prices
Safeway,Pure Jam,4.99,4.99,each,2026-10-01T03:00:00-04:00,2026-10-07T23:59:59-04:00,8160254,,,,True,,False,82.0,✅ Good Buy,"At $4.99, 18% below avg of $6.06, at historical min, and best price among 2 stores.",Jam,Pantry,Sauces/Condiments,claude_code,3.99,6.99,5.69,28,80.4,False,12.3,2,4,4.99,Sobeys,False,58.6,100,88,Only if needed,12% below avg $5.69; #2 of 4 stores; 28 prior prices
Safeway,Total Care or Ultra Clean,7.99,7.99,each,2026-10-01T03:00:00-04:00,2026-10-07T23:59:59-04:00,8160254,,,,True,,False,60.0,😐 Fair,No price history; ties best price of $7.99 among 2 stores.,Total Care,Household & Personal,Personal Care,claude_code,2.0,79.99,44.29,83,87.3,False,82.0,2,2,7.99,Sobeys,False,85.0,100,84,Buy this week,82% below avg $44.29; #2 of 2 stores; 83 prior prices
Safeway,COMPLIMENTS Cranberry or Ruby Red Cocktail,3.99,3.99,each,2026-10-01T03:00:00-04:00,2026-10-07T23:59:59-04:00,8160254,,,,True,,False,55.0,😐 Fair,Near average ($3.66). Best price across 2 stores,Cranberry Cocktail,Beverages,Juice,cached,3.0,8.0,4.21,19,36.8,False,5.3,2,2,3.99,Sobeys,False,53.7,100,81,Only if needed,5% below avg $4.21; #2 of 2 stores; 19 prior prices
Safeway,Instant Coffee,8.99,8.99,each,2026-10-01T03:00:00-04:00,2026-10-07T23:59:59-04:00,8160254,,,,True,,False,33.0,⚠️ Below Average,"At $8.99, 17% above avg of $7.65 and above Real Canadian Superstore's best price of $5.97 (4 stores).",Instant Coffee,Beverages,Coffee,claude_code,4.0,10.99,6.83,31,11.3,False,-31.6,3,5,8.49,Sobeys,True,34.2,100,88,Skip,32% above average; #3 of 5 stores; 31 prior prices
Safeway,X-Large Bagged Chocolate,10.99,10.99,each,2026-10-01T03:00:00-04:00,2026-10-07T23:59:59-04:00,8160254,,,,True,,False,70.0,✅ Good Buy,"At $10.99, matches flat avg/min of $10.99, and is best price among 2 stores.",Bagged Chocolate (X-Large),Snacks,Candy/Chocolate,claude_code,3.99,11.49,6.67,38,9.2,False,-64.9,2,2,10.99,Sobeys,False,25.0,100,84,Skip,65% above average; #2 of 2 stores; 38 prior prices
Safeway,Spreads or Sticks,6.99,6.99,each,2026-10-01T03:00:00-04:00,2026-10-07T23:59:59-04:00,8160254,,,,True,no_history,False,60.0,😐 Fair,No price history; ties best price of $6.99 among 2 stores.,Spreads (Margarine),Dairy & Eggs,Butter/Margarine,claude_code,,,,0,,False,,,1,,,False,40.0,80,25,Skip,No price history
Safeway,Apple Cider - Apple Fest,5.99,5.99,each,2026-10-01T03:00:00-04:00,2026-10-07T23:59:59-04:00,8160254,,,,True,,False,60.0,😐 Fair,No price history; ties best price of $5.99 among 2 stores.,Apple Cider,Beverages,Juice,claude_code,1.99,9.0,4.95,11,31.8,False,-21.1,3,3,5.47,Walmart,False,34.5,100,85,Skip,21% above average; #3 of 3 stores; 11 prior prices
Safeway,NUUN Electrolyte,8.99,8.99,each,2026-10-01T03:00:00-04:00,2026-10-07T23:59:59-04:00,8160254,,,,True,no_history,False,50.0,😐 Fair,No price history or cross-store data available; neutral score.,Electrolyte Tablets,Beverages,Energy/Sports Drinks,claude_code,,,,0,,False,,,1,,,False,40.0,80,25,Skip,No price history
Safeway,COMPLIMENTS Canned Fruit or Pineapple Slices,5.0,5.0,each,2026-10-01T03:00:00-04:00,2026-10-07T23:59:59-04:00,8160254,,,,True,,False,60.0,😐 Fair,No price history; ties best price of $5.00 among 2 stores.,Canned Fruit,Pantry,Canned Goods,claude_code,2.0,7.0,4.03,14,14.3,False,-24.1,2,2,5.0,Sobeys,False,38.0,100,81,Skip,24% above average; #2 of 2 stores; 14 prior prices
Safeway,Extra Virgin Olive Oil,16.99,16.99,each,2026-10-01T03:00:00-04:00,2026-10-07T23:59:59-04:00,8160254,,,,True,,False,39.0,⚠️ Below Average,"At $16.99, 9% above avg of $15.61 and above No Frills' best price of $12.00 (3 stores).",Olive Oil (Extra Virgin),Pantry,Spices/Oils,claude_code,6.99,39.99,13.27,16,18.8,False,-28.1,2,2,16.99,Sobeys,False,36.0,100,81,Skip,28% above average; #2 of 2 stores; 16 prior prices
Safeway,COMPLIMENTS Pie or Tart Shells or Phyllo Pastry Sheets,3.0,3.0,each,2026-10-01T03:00:00-04:00,2026-10-07T23:59:59-04:00,8160254,,,,True,,False,60.0,😐 Fair,No price history; ties best price of $3.00 among 2 stores.,Pie Shells,Bakery,Pastries/Donuts,claude_code,2.99,4.99,3.99,5,60.0,False,24.8,3,5,3.0,Sobeys,False,62.4,100,81,Only if needed,25% below avg $3.99; #3 of 5 stores; 5 prior prices
Safeway,Sunflowers,5.99,5.99,each,2026-10-01T03:00:00-04:00,2026-10-07T23:59:59-04:00,8160254,,,,True,,False,100.0,🔥 Hot Deal,"At $5.99, 44% below avg of $10.76, at historical low, and best price among 2 stores.",Sunflowers,Other,Floral,claude_code,6.99,12.99,9.59,5,100.0,True,37.5,2,2,5.99,Sobeys,False,86.2,100,77,Buy this week,38% below avg $9.59; Lowest seen; #2 of 2 stores
Safeway,COMPLIMENTS Baby-Cut Carrots,5.0,5.0,each,2026-10-01T03:00:00-04:00,2026-10-07T23:59:59-04:00,8160254,,,,True,,False,43.0,⚠️ Below Average,Above average (usually $3.74). Best price across 2 stores,Carrots (Baby-Cut),Produce,Vegetables,cached,1.99,5.0,3.74,12,12.5,False,-33.6,2,2,5.0,Sobeys,False,33.2,100,81,Skip,34% above average; #2 of 2 stores; 12 prior prices
Safeway,Protein + Creatine,47.99,47.99,each,2026-10-01T03:00:00-04:00,2026-10-07T23:59:59-04:00,8160254,,,,True,no_history,False,60.0,😐 Fair,No price history; ties best price of $47.99 among 2 stores.,Protein Powder (with Creatine),Household & Personal,Health/Pharmacy,claude_code,,,,0,,False,,,1,,,False,40.0,80,25,Skip,No price history
Safeway,Pan Pizza,10.49,10.49,each,2026-10-01T03:00:00-04:00,2026-10-07T23:59:59-04:00,8160254,,,,True,,False,17.0,❌ Poor Value,"At $10.49, 62% above avg of $6.49, despite matching the listed best price among 2 stores.",Pan Pizza,Frozen,Pizza,claude_code,4.99,6.99,6.07,6,0.0,False,-72.7,2,2,10.49,Sobeys,False,25.0,100,77,Skip,73% above average; #2 of 2 stores; 6 prior prices
Safeway,COMPLIMENTS Cocktail-Flavoured Sparkling Beverage,6.49,6.49,each,2026-10-01T03:00:00-04:00,2026-10-07T23:59:59-04:00,8160254,,,,True,,False,54.0,😐 Fair,"8% above avg of $5.99, but ties for the lowest price across 2 stores at $6.49",Cocktail-Flavoured Sparkling Beverage,Beverages,Soda/Pop,claude_code,0.87,9.0,5.57,69,37.7,False,-16.5,,1,,,False,31.8,100,73,Skip,16% above average; 69 prior prices
Safeway,Chili Crisp Caesar Chicken Wrap or Select Varieties,6.99,6.99,each,2026-10-01T03:00:00-04:00,2026-10-07T23:59:59-04:00,8160254,,,,True,low_history,False,65.0,😐 Fair,No price history; tied for best price among 2 stores at $6.99,Caesar Chicken Wrap,Other,Deli (Prepared),claude_code,6.99,6.99,6.99,2,25.0,True,0.0,,1,,,False,50.0,90,56,Only if needed,Lowest seen; Only 2 prior prices
Safeway,Fall Bubble Jar Arrangements,23.99,23.99,each,2026-10-01T03:00:00-04:00,2026-10-07T23:59:59-04:00,8160254,,,,True,no_history,False,65.0,😐 Fair,No price history; tied for best price among 2 stores at $23.99,Bubble Jar Flower Arrangement,Other,Floral,claude_code,,,,0,,False,,2,2,23.99,Sobeys,False,50.0,80,36,Only if needed,#2 of 2 stores; No price history
Safeway,Fresh Pasta,6.49,6.49,each,2026-10-01T03:00:00-04:00,2026-10-07T23:59:59-04:00,8160254,,,,True,,False,45.0,⚠️ Below Average,"Right at the $6.49 average, but 160% more than the best price of $2.50 at No Frills (3 stores)",Fresh Pasta,Pantry,Pasta/Grains,claude_code,3.0,9.99,5.85,14,32.1,False,-11.0,3,3,2.5,No Frills,True,44.5,100,85,Skip,11% above average; #3 of 3 stores; 14 prior prices
Safeway,Body Wash,12.99,12.99,each,2026-10-01T03:00:00-04:00,2026-10-07T23:59:59-04:00,8160254,,,,True,,False,0.0,❌ Poor Value,83% above avg of $7.08 and over 3x the best price of $3.97 at Walmart (5 stores),Body Wash,Household & Personal,Personal Care,claude_code,3.29,20.0,7.37,92,5.4,False,-76.2,5,6,3.97,Walmart,False,5.0,100,88,Skip,76% above average; 92 prior prices
Safeway,Gourmet Cinnamon Buns,6.99,6.99,each,2026-10-01T03:00:00-04:00,2026-10-07T23:59:59-04:00,8160254,,,,True,,False,53.0,😐 Fair,Above average (usually $6.24). Best price across 2 stores,Cinnamon Buns,Bakery,nan,cached,4.0,7.99,6.35,11,40.9,False,-10.0,3,4,4.98,Walmart,False,40.0,100,85,Skip,10% above average; #3 of 4 stores; 11 prior prices
Safeway,WALDEN FARMS Salad Dressing,4.99,4.99,each,2026-10-01T03:00:00-04:00,2026-10-07T23:59:59-04:00,8160254,,,,True,,False,50.0,😐 Fair,No price history or cross-store data available; scored as neutral,Salad Dressing,Pantry,Sauces/Condiments,claude_code,1.97,7.49,4.01,55,25.5,False,-24.3,5,8,2.97,Sobeys,False,17.9,100,88,Skip,24% above average; 55 prior prices
Safeway,ANNIE'S Cheddar or Graham Bunnies,5.0,5.0,each,2026-10-01T03:00:00-04:00,2026-10-07T23:59:59-04:00,8160254,,,,True,,False,50.0,😐 Fair,No price history or cross-store data available; scored as neutral,Cheddar Bunnies,Snacks,Crackers,claude_code,6.5,7.0,6.7,5,100.0,True,25.4,2,2,5.0,Sobeys,False,77.8,100,77,Buy this week,25% below avg $6.70; Lowest seen; #2 of 2 stores
Safeway,Desi Ghee,27.49,27.49,each,2026-10-01T03:00:00-04:00,2026-10-07T23:59:59-04:00,8160254,,,,True,,False,31.0,⚠️ Below Average,20% above avg of $22.93 and over 3x the best price of $8.00 at Real Canadian Superstore (5 stores),Ghee,Dairy & Eggs,Butter/Margarine,claude_code,9.97,36.99,20.79,4,25.0,False,-32.2,4,4,8.0,Real Canadian Superstore,False,13.9,100,77,Skip,32% above average; 4 prior prices
Safeway,KAWARTHA DAIRY Ice Cream,10.49,10.49,each,2026-10-01T03:00:00-04:00,2026-10-07T23:59:59-04:00,8160254,,,,True,,False,34.0,⚠️ Below Average,Above average (usually $9.49),Ice Cream,Frozen,Ice Cream/Dessert,cached,2.97,10.97,6.04,104,1.0,False,-73.6,,1,,,False,15.0,100,73,Skip,74% above average; 104 prior prices
Safeway,COMPLIMENTS ORGANIC Tablet Bars,7.49,7.49,each,2026-10-01T03:00:00-04:00,2026-10-07T23:59:59-04:00,8160254,,,,True,,False,58.0,😐 Fair,Near average ($7.24). Best price across 2 stores,Organic Snack Bars,Snacks,nan,cached,3.79,7.49,5.21,10,5.0,False,-43.8,2,2,7.49,Sobeys,False,28.1,100,81,Skip,44% above average; #2 of 2 stores; 10 prior prices
Safeway,Candy,3.29,3.29,each,2026-10-01T03:00:00-04:00,2026-10-07T23:59:59-04:00,8160254,,,,True,,False,74.0,✅ Good Buy,"41% below avg of $5.60, though still 3.7x the best price of $0.89 at Save-On-Foods (6 stores)",Candy,Snacks,Candy/Chocolate,claude_code,0.79,13.99,4.99,85,60.0,False,34.0,,1,,,False,63.8,100,73,Only if needed,34% below avg $4.99; 85 prior prices
Safeway,One Pot Pasta,6.49,6.49,each,2026-10-01T03:00:00-04:00,2026-10-07T23:59:59-04:00,8160254,,,,True,,False,75.0,✅ Good Buy,"7% below avg of $6.99, at/below the historical low, and best price of 2 stores at $6.49",One Pot Pasta,Pantry,Pasta/Grains,claude_code,1.89,36.99,14.67,35,88.6,False,55.8,2,2,6.49,Sobeys,True,90.0,100,84,Stock up,56% below avg $14.67; #2 of 2 stores; 35 prior prices
Safeway,Naan,3.49,3.49,each,2026-10-01T03:00:00-04:00,2026-10-07T23:59:59-04:00,8160254,,,,True,,False,70.0,✅ Good Buy,15% below avg of $4.09 and best price among 5 stores at $3.49,Naan,Bakery,Bread,claude_code,2.0,6.98,3.96,13,57.7,False,11.8,2,3,3.49,Sobeys,False,58.3,100,85,Only if needed,12% below avg $3.96; #2 of 3 stores; 13 prior prices
Safeway,Pancake Mix,9.99,9.99,each,2026-10-01T03:00:00-04:00,2026-10-07T23:59:59-04:00,8160254,,,,True,,False,6.0,❌ Poor Value,"78% above avg of $5.62; still the lower of only 2 stores compared, at $9.99",Pancake Mix,Pantry,Breakfast/Cereal,claude_code,3.5,9.99,5.81,15,3.3,False,-72.1,2,2,9.99,Sobeys,False,25.0,100,81,Skip,72% above average; #2 of 2 stores; 15 prior prices
Safeway,K-Cup® Pods,13.99,13.99,each,2026-10-01T03:00:00-04:00,2026-10-07T23:59:59-04:00,8160254,,,,True,,False,69.0,😐 Fair,28% below 6-month avg of $19.49. $12.99 at Safeway,K-Cup Pods,Beverages,nan,cached,11.99,37.99,22.1,9,55.6,False,36.7,3,8,12.99,Sobeys,False,70.7,100,81,Compare first,37% below avg $22.10; #3 of 8 stores; 9 prior prices
Safeway,Frozen Turkey,2.99,2.99,each,2026-10-01T03:00:00-04:00,2026-10-07T23:59:59-04:00,8160254,,,,True,no_history,False,65.0,😐 Fair,No price history; best price among 3 stores at $2.99,Frozen Turkey,Poultry,Turkey,claude_code,,,,0,,False,,,1,,,False,40.0,80,25,Skip,No price history
Safeway,K-Cup® Pods,24.99,24.99,each,2026-10-01T03:00:00-04:00,2026-10-07T23:59:59-04:00,8160254,,,,True,,False,35.0,⚠️ Below Average,Above average (usually $19.49). $12.99 at Safeway,K-Cup Pods,Beverages,nan,cached,11.99,37.99,22.1,9,44.4,False,-13.1,5,8,12.99,Sobeys,False,23.5,100,81,Skip,13% above average; 9 prior prices
Safeway,Grilled or Breaded Chicken Breast,3.99,3.99,each,2026-10-01T03:00:00-04:00,2026-10-07T23:59:59-04:00,8160254,,,,True,,False,65.0,😐 Fair,No price history; best price among 2 stores at $3.99,Grilled Chicken Breast,Poultry,Chicken Breast,claude_code,1.79,42.0,10.47,311,95.5,False,61.9,,1,,,True,80.0,100,73,Buy this week,62% below avg $10.47; 311 prior prices
Safeway,Gala Apples - Apple Fest,8.0,8.0,each,2026-10-01T03:00:00-04:00,2026-10-07T23:59:59-04:00,8160254,,,,True,,False,65.0,😐 Fair,No price history; best price among 2 stores at $8.00,Apples (Gala),Produce,Fruit,claude_code,1.28,7.99,5.66,9,0.0,False,-41.5,4,4,1.28,Walmart,True,14.2,100,81,Skip,42% above average; 9 prior prices
Safeway,Salad,9.49,9.49,each,2026-10-01T03:00:00-04:00,2026-10-07T23:59:59-04:00,8160254,,,,True,,False,0.0,❌ Poor Value,71% above avg of $5.55 and nearly 4x the best price of $2.50 at No Frills (7 stores),Salad Kit,Produce,Salad Kits,claude_code,4.99,7.99,7.16,6,0.0,False,-32.6,,1,,,False,23.7,100,66,Skip,33% above average; 6 prior prices
Safeway,Cheddar,11.99,11.99,each,2026-10-01T03:00:00-04:00,2026-10-07T23:59:59-04:00,8160254,,,,True,,False,12.0,❌ Poor Value,48% above avg of $8.12 and over 2.6x the best price of $4.50 at Real Canadian Superstore (5 stores),Cheddar Cheese,Dairy & Eggs,Cheese (Block),claude_code,6.0,13.99,10.44,10,30.0,False,-14.8,5,5,6.67,Walmart,False,22.6,100,85,Skip,15% above average; 10 prior prices
Safeway,"COMPLIMENTS Smoked Steelhead, Atlantic Salmon or Gravlax",11.99,11.99,each,2026-10-01T03:00:00-04:00,2026-10-07T23:59:59-04:00,8160254,,,,True,,False,58.0,😐 Fair,"Roughly at the $11.66 avg, and the best price among 2 stores at $11.99",Smoked Steelhead,Seafood,Smoked/Cured,claude_code,10.99,11.99,11.55,9,22.2,False,-3.8,2,2,11.99,Sobeys,False,48.1,100,77,Skip,#2 of 2 stores; 9 prior prices
Safeway,Guacamole,8.99,8.99,each,2026-10-01T03:00:00-04:00,2026-10-07T23:59:59-04:00,8160254,,,,True,,False,33.0,⚠️ Below Average,"39% above avg of $6.49 (at the historical max), though still the best of 2 stores compared at $8.99",Guacamole,Other,Deli (Prepared),claude_code,4.5,7.99,6.49,9,0.0,False,-38.5,2,2,8.99,Sobeys,False,30.8,100,77,Skip,38% above average; #2 of 2 stores; 9 prior prices
Safeway,Small Pumpkin Spice Bar Cake,8.99,8.99,each,2026-10-01T03:00:00-04:00,2026-10-07T23:59:59-04:00,8160254,,,,True,,False,70.0,✅ Good Buy,At the historical low of $8.99 and best price among 2 stores,Pumpkin Spice Bar Cake,Bakery,Desserts/Cakes,claude_code,3.97,8.99,7.89,21,2.4,False,-13.9,2,2,8.99,Sobeys,False,43.0,100,84,Skip,14% above average; #2 of 2 stores; 21 prior prices
Safeway,COMPLIMENTS Bocconcini,6.99,6.99,each,2026-10-01T03:00:00-04:00,2026-10-07T23:59:59-04:00,8160254,,,,True,,False,70.0,✅ Good Buy,At the historical low of $6.99 and best price among 2 stores,Bocconcini,Dairy & Eggs,Cheese (Block),claude_code,5.0,6.99,6.49,6,25.0,False,-7.6,3,3,6.0,Real Canadian Superstore,False,41.2,100,81,Skip,8% above average; #3 of 3 stores; 6 prior prices
Safeway,COMPLIMENTS NATURALLY SIMPLE Hokkaido Scallops,26.99,26.99,each,2026-10-01T03:00:00-04:00,2026-10-07T23:59:59-04:00,8160254,,,,True,,False,14.0,❌ Poor Value,"66% above avg of $16.29, though the best of only 2 stores compared at $26.99",Scallops (Hokkaido),Seafood,Shellfish,claude_code,4.88,29.99,13.11,31,12.9,False,-105.9,2,2,26.99,Sobeys,False,25.0,100,84,Skip,106% above average; #2 of 2 stores; 31 prior prices
Safeway,SAMOSAS,3.0,3.0,each,2026-10-01T03:00:00-04:00,2026-10-07T23:59:59-04:00,8160254,,,,True,,False,85.0,🔥 Hot Deal,"50% below avg of $5.99, and essentially tied for best price ($2.99 at Real Canadian Superstore, 3 stores)",Samosas,Frozen,Meals/Entrees,claude_code,2.99,12.5,5.64,14,71.4,False,46.8,3,6,3.0,Sobeys,False,77.8,100,85,Buy this week,47% below avg $5.64; #3 of 6 stores; 14 prior prices
Safeway,"Shampoo, Conditioner or Stylers",5.99,5.99,each,2026-10-01T03:00:00-04:00,2026-10-07T23:59:59-04:00,8160254,,,,True,,False,65.0,😐 Fair,22% below 6-month avg of $7.67. $4.99 at Safeway,Shampoo,Household & Personal,Personal Care,cached,2.75,23.99,8.13,81,66.0,False,26.3,,1,,,False,58.4,100,73,Only if needed,26% below avg $8.13; 81 prior prices
Safeway,Salad Dressing,2.97,2.97,each,2026-10-01T03:00:00-04:00,2026-10-07T23:59:59-04:00,8160254,,,,True,,False,79.0,✅ Good Buy,27% below avg of $4.08 and best price among 6 stores at $2.97,Salad Dressing,Pantry,Sauces/Condiments,claude_code,1.97,7.49,4.01,55,80.9,False,26.0,2,8,2.97,Sobeys,False,68.2,100,88,Only if needed,26% below avg $4.01; #2 of 8 stores; 55 prior prices
Safeway,Kitchen Bags,5.99,5.99,each,2026-10-01T03:00:00-04:00,2026-10-07T23:59:59-04:00,8160254,,,,True,,False,72.0,✅ Good Buy,17% below avg of $7.18 and best price among 2 stores at $5.99,Kitchen Garbage Bags,Household & Personal,Cleaning Supplies,claude_code,5.49,11.67,7.61,10,75.0,False,21.2,,1,,,False,54.8,100,70,Only if needed,21% below avg $7.61; 10 prior prices
Safeway,COMPLIMENTS Grape Tomatoes,8.0,8.0,each,2026-10-01T03:00:00-04:00,2026-10-07T23:59:59-04:00,8160254,,,,True,,False,35.0,⚠️ Below Average,Above average (usually $3.85). Best price across 2 stores,Grape Tomatoes,Produce,Vegetables,cached,1.99,7.99,4.7,22,-0.0,False,-70.4,3,3,5.99,No Frills,True,25.0,100,88,Skip,70% above average; #3 of 3 stores; 22 prior prices
Safeway,Cool Whip Frozen Whipped Topping,4.99,4.99,each,2026-10-01T03:00:00-04:00,2026-10-07T23:59:59-04:00,8160254,,,,True,,False,70.0,✅ Good Buy,At the historical low of $4.99 and best price among 2 stores,Frozen Whipped Topping,Frozen,Ice Cream/Dessert,claude_code,2.97,4.99,4.33,30,11.7,False,-15.2,,1,,,False,32.4,100,73,Skip,15% above average; 30 prior prices
Safeway,Celery,2.49,2.49,each,2026-10-01T03:00:00-04:00,2026-10-07T23:59:59-04:00,8160254,,,,True,,False,46.0,⚠️ Below Average,"Roughly at the $2.54 avg, but 25% more than the best price of $1.99 at Real Canadian Superstore (4 stores)",Celery,Produce,Vegetables,claude_code,1.69,3.99,2.48,13,38.5,False,-0.3,3,3,1.99,Real Canadian Superstore,False,44.9,100,85,Skip,#3 of 3 stores; 13 prior prices
Safeway,Sweet Clementines or Mandarins,2.47,2.47,each,2026-10-01T03:00:00-04:00,2026-10-07T23:59:59-04:00,8160254,,,,True,,False,65.0,😐 Fair,No price history; best price among 2 stores at $2.47,Clementines,Produce,Fruit,claude_code,4.47,7.49,5.89,10,100.0,True,58.0,2,2,2.47,Sobeys,False,95.0,100,81,Stock up,58% below avg $5.89; Lowest seen; #2 of 2 stores
Safeway,COMPLIMENTS Carrots or Onions,3.47,3.47,each,2026-10-01T03:00:00-04:00,2026-10-07T23:59:59-04:00,8160254,,,,True,,False,56.0,😐 Fair,Near average ($3.23). Best price across 2 stores,Carrots or Onions,Produce,Vegetables,cached,2.99,3.77,3.41,6,41.7,False,-1.8,2,2,3.47,Sobeys,True,54.1,100,77,Only if needed,#2 of 2 stores; 6 prior prices
Safeway,Tomatoes on the Vine,2.99,2.99,each,2026-10-01T03:00:00-04:00,2026-10-07T23:59:59-04:00,8160254,,,,True,,False,68.0,😐 Fair,Slightly below avg ($3.43). Best price across 2 stores,Tomatoes,Produce,nan,cached,1.92,15.49,4.38,42,51.2,False,31.7,3,3,1.92,Walmart,True,72.2,100,88,Compare first,32% below avg $4.38; #3 of 3 stores; 42 prior prices
Safeway,Pie Pumpkins or Gourds,2.99,2.99,each,2026-10-01T03:00:00-04:00,2026-10-07T23:59:59-04:00,8160254,,,,True,,False,65.0,😐 Fair,No price history; best price among 2 stores at $2.99,Pie Pumpkin,Produce,Vegetables,claude_code,2.0,6.99,4.27,18,61.1,False,30.0,1,2,2.99,Safeway,False,81.0,100,81,Buy this week,30% below avg $4.27; Cheapest of 2 stores; 18 prior prices
Safeway,Avocados,3.99,3.99,each,2026-10-01T03:00:00-04:00,2026-10-07T23:59:59-04:00,8160254,,,,True,,False,65.0,😐 Fair,8% below avg of $4.32 and best price among 4 stores at $3.99,Avocados,Produce,Fruit,claude_code,1.24,7.0,4.36,47,67.0,False,8.4,2,3,3.99,Sobeys,False,55.9,100,88,Only if needed,8% below avg $4.36; #2 of 3 stores; 47 prior prices
Safeway,Breakfast Egg Bites,5.99,5.99,each,2026-10-01T03:00:00-04:00,2026-10-07T23:59:59-04:00,8160254,,,,True,,False,65.0,😐 Fair,No price history; best price among 2 stores at $5.99,Breakfast Egg Bites,Frozen,Breakfast (Frozen),claude_code,2.77,8.99,6.12,29,62.1,False,2.1,,1,,,False,41.5,100,73,Skip,29 prior prices
Safeway,Hazelnut or Peanut Spread,5.49,5.49,each,2026-10-01T03:00:00-04:00,2026-10-07T23:59:59-04:00,8160254,,,,True,,False,51.0,😐 Fair,"13% above avg of $4.87 (above the historical max of $5.25), but the best price of 2 stores at $5.49",Hazelnut Spread,Pantry,Sauces/Condiments,claude_code,4.0,16.47,8.77,17,73.5,False,37.4,2,3,5.49,Sobeys,False,76.2,100,85,Buy this week,37% below avg $8.77; #2 of 3 stores; 17 prior prices
Safeway,Chocolate,12.99,12.99,each,2026-10-01T03:00:00-04:00,2026-10-07T23:59:59-04:00,8160254,,,,True,,False,0.0,❌ Poor Value,More than double the $6.08 avg and 6.5x the best price of $2.00 at No Frills (7 stores),Chocolate,Snacks,Candy/Chocolate,claude_code,2.67,13.99,6.59,20,5.0,False,-97.1,5,5,4.29,Sobeys,False,5.0,100,88,Skip,97% above average; 20 prior prices
Safeway,Frosting,3.49,3.49,each,2026-10-01T03:00:00-04:00,2026-10-07T23:59:59-04:00,8160254,,,,True,,False,46.0,⚠️ Below Average,"About at the $3.52 avg, but 87% more than the best price of $1.87 at No Frills (3 stores)",Frosting,Pantry,Baking Supplies,claude_code,1.87,8.5,3.52,9,22.2,False,0.7,2,2,3.49,Sobeys,False,50.5,100,77,Only if needed,#2 of 2 stores; 9 prior prices
Safeway,COMPLIMENTS Lasagna,2.49,2.49,each,2026-10-01T03:00:00-04:00,2026-10-07T23:59:59-04:00,8160254,,,,True,,False,65.0,😐 Fair,No price history; best price among 2 stores at $2.49,Lasagna,Frozen,Meals/Entrees,claude_code,4.49,15.99,8.84,10,100.0,True,71.8,2,4,2.49,Sobeys,False,95.0,100,85,Stock up,72% below avg $8.84; Lowest seen; #2 of 4 stores
Safeway,Flushable Wipes,6.99,6.99,each,2026-10-01T03:00:00-04:00,2026-10-07T23:59:59-04:00,8160254,,,,True,,False,74.0,✅ Good Buy,19% below avg of $8.66 and best price among 2 stores at $6.99,Flushable Wipes,Household & Personal,Paper Products,claude_code,5.99,11.99,8.66,3,66.7,False,19.3,2,2,6.99,Sobeys,False,63.5,100,73,Only if needed,19% below avg $8.66; #2 of 2 stores; 3 prior prices
Safeway,All-Purpose or Multi-Purpose Cleaners,9.0,9.0,each,2026-10-01T03:00:00-04:00,2026-10-07T23:59:59-04:00,8160254,,,,True,,False,65.0,😐 Fair,No price history; best price among 2 stores at $9.00,All-Purpose Cleaner,Household & Personal,Cleaning Supplies,claude_code,3.0,9.99,5.83,3,33.3,False,-54.4,3,3,4.0,No Frills,False,20.0,100,77,Skip,54% above average; #3 of 3 stores; 3 prior prices
Safeway,Cotton Swabs,4.49,4.49,each,2026-10-01T03:00:00-04:00,2026-10-07T23:59:59-04:00,8160254,,,,True,,False,72.0,✅ Good Buy,18% below avg of $5.46 and best price among 3 stores at $4.49,Cotton Swabs,Household & Personal,Personal Care,claude_code,3.97,4.5,4.24,8,25.0,False,-5.9,2,3,4.49,Sobeys,False,47.0,100,81,Skip,6% above average; #2 of 3 stores; 8 prior prices
Safeway,Liquid Hand Soap,2.29,2.29,each,2026-10-01T03:00:00-04:00,2026-10-07T23:59:59-04:00,8160254,,,,True,,False,95.0,🔥 Hot Deal,50% below avg of $4.62 and best price among 2 stores at $2.29,Liquid Hand Soap,Household & Personal,Personal Care,claude_code,1.99,7.49,4.19,16,71.9,False,45.3,2,2,2.29,Sobeys,False,81.7,100,81,Buy this week,45% below avg $4.19; #2 of 2 stores; 16 prior prices
Safeway,Chocolate Bars,3.99,3.99,each,2026-10-01T03:00:00-04:00,2026-10-07T23:59:59-04:00,8160254,,,,True,,False,56.0,😐 Fair,"16% below avg of $4.73, though still 60% more than the best price of $2.50 at No Frills (5 stores)",Chocolate Bars,Snacks,Candy/Chocolate,claude_code,0.99,12.0,3.93,42,46.4,False,-1.6,3,5,2.5,No Frills,False,44.2,100,88,Skip,#3 of 5 stores; 42 prior prices
Safeway,Dairy Milk Chocolate Bars,6.99,6.99,each,2026-10-01T03:00:00-04:00,2026-10-07T23:59:59-04:00,8160254,,,,True,,False,0.0,❌ Poor Value,"82% above avg of $3.84, worst of 3 stores (best $2.62 at Walmart)",Chocolate Bars,Snacks,Candy/Chocolate,claude_code,0.99,12.0,3.93,42,7.1,False,-78.0,5,5,2.5,No Frills,True,10.0,100,88,Skip,78% above average; 42 prior prices
Safeway,Gourmet Selection Gherkins,4.99,4.99,each,2026-10-01T03:00:00-04:00,2026-10-07T23:59:59-04:00,8160254,,,,True,,False,70.0,✅ Good Buy,"At avg price of $4.99, matches historical min, best price among 2 stores",Gherkins,Pantry,Sauces/Condiments,claude_code,4.99,4.99,4.99,3,33.3,True,0.0,2,2,4.99,Sobeys,False,60.0,100,73,Only if needed,Lowest seen; #2 of 2 stores; 3 prior prices
Safeway,KÜHNE Wine Sauerkraut,4.79,4.79,each,2026-10-01T03:00:00-04:00,2026-10-07T23:59:59-04:00,8160254,,,,True,,False,45.0,⚠️ Below Average,No historical or cross-store data available; neutral score assigned,Sauerkraut,Pantry,Canned Goods,claude_code,3.75,4.99,4.61,9,38.9,False,-4.0,3,3,3.49,Sobeys,False,43.0,100,81,Skip,#3 of 3 stores; 9 prior prices
Safeway,COMPLIMENTS Apples - Apple Fest,6.99,6.99,each,2026-10-01T03:00:00-04:00,2026-10-07T23:59:59-04:00,8160254,,,,True,,False,65.0,😐 Fair,No price history available; currently best price among 2 stores at $6.99,Apples,Produce,Fruit,claude_code,1.77,8.99,5.36,21,38.1,False,-30.4,3,5,5.99,Calgary Co-op,True,34.8,100,88,Skip,30% above average; #3 of 5 stores; 21 prior prices
Safeway,"Strudel Fingers, Turnovers or Mini Strudel - Apple Fest",3.99,3.99,each,2026-10-01T03:00:00-04:00,2026-10-07T23:59:59-04:00,8160254,,,,True,,False,75.0,✅ Good Buy,"21% below avg of $5.07, best price among 2 stores",Strudel Fingers,Bakery,Pastries/Donuts,claude_code,3.0,7.0,5.43,7,57.1,False,26.5,2,2,3.99,Sobeys,False,68.5,100,77,Only if needed,26% below avg $5.43; #2 of 2 stores; 7 prior prices
Safeway,Figs,9.99,9.99,each,2026-10-01T03:00:00-04:00,2026-10-07T23:59:59-04:00,8160254,,,,True,,False,70.0,✅ Good Buy,"14% below avg of $11.56, best price among 2 stores",Figs,Produce,Fruit,claude_code,6.99,12.99,9.99,4,37.5,False,0.0,2,2,9.99,Sobeys,False,50.0,100,73,Only if needed,#2 of 2 stores; 4 prior prices
Safeway,Zero Sugar Drinks,3.99,3.99,each,2026-10-01T03:00:00-04:00,2026-10-07T23:59:59-04:00,8160254,,,,True,,False,57.0,😐 Fair,"5% above avg of $3.81, but still best price among 2 stores",Zero Sugar Drinks,Beverages,Soda/Pop,claude_code,3.99,3.99,3.99,3,33.3,True,0.0,,1,,,True,55.0,100,62,Only if needed,Lowest seen; 3 prior prices
Safeway,Honey,11.99,11.99,each,2026-10-01T03:00:00-04:00,2026-10-07T23:59:59-04:00,8160254,,,,True,,False,20.0,❌ Poor Value,"36% above avg of $8.82, far from best price of $2.98 at Walmart (7 stores compared)",Honey,Pantry,Sauces/Condiments,claude_code,6.77,12.99,9.09,21,4.8,False,-31.8,,1,,,False,24.1,100,73,Skip,32% above average; 21 prior prices
Safeway,COMPLIMENTS Coffee Pods,38.99,38.99,each,2026-10-01T03:00:00-04:00,2026-10-07T23:59:59-04:00,8160254,,,,True,,False,35.0,⚠️ Below Average,Above average (usually $14.24). Best price across 2 stores,Coffee Pods,Beverages,Coffee,cached,6.0,39.99,24.14,46,4.3,False,-61.5,7,7,7.99,Real Canadian Superstore,True,10.0,100,88,Skip,62% above average; 46 prior prices
Safeway,COMPLIMENTS Instant Coffee,8.49,8.49,each,2026-10-01T03:00:00-04:00,2026-10-07T23:59:59-04:00,8160254,,,,True,,False,35.0,⚠️ Below Average,Above average (usually $4.00). Best price across 2 stores,Instant Coffee,Beverages,nan,cached,4.0,10.99,6.83,31,19.4,False,-24.3,2,5,8.49,Sobeys,True,42.9,100,88,Skip,24% above average; #2 of 5 stores; 31 prior prices
Safeway,Boneless Smoked Ham,9.99,9.99,each,2026-10-01T03:00:00-04:00,2026-10-07T23:59:59-04:00,8160254,,,,True,,False,0.0,❌ Poor Value,"85% above avg of $5.39, nearly double the best price of $4.99 at Safeway","Ham (Boneless, Smoked)",Pork,Ham,claude_code,3.99,14.99,8.36,8,25.0,False,-19.5,2,2,9.99,Sobeys,False,40.2,100,77,Skip,20% above average; #2 of 2 stores; 8 prior prices
Safeway,Cereal,3.99,3.99,each,2026-10-01T03:00:00-04:00,2026-10-07T23:59:59-04:00,8160254,,,,True,,False,73.0,✅ Good Buy,"35% below avg of $6.16, close to best price of $3.00 at No Frills (6 stores compared)",Cereal,Pantry,Breakfast/Cereal,claude_code,2.97,10.0,6.23,124,91.5,False,36.0,2,4,3.99,Sobeys,True,80.2,100,88,Buy this week,36% below avg $6.23; #2 of 4 stores; 124 prior prices
Safeway,Ground Coffee,12.99,12.99,each,2026-10-01T03:00:00-04:00,2026-10-07T23:59:59-04:00,8160254,,,,True,,False,57.0,😐 Fair,"16% below avg of $15.45, but not best price ($8.99 at Real Canadian Superstore among 6 stores)",Ground Coffee,Beverages,Coffee,claude_code,4.99,30.99,16.93,41,69.5,False,23.3,,1,,,True,61.3,100,73,Only if needed,23% below avg $16.93; 41 prior prices
Safeway,DentaStix,11.49,11.49,each,2026-10-01T03:00:00-04:00,2026-10-07T23:59:59-04:00,8160254,,,,True,,False,54.0,😐 Fair,"9% above avg of $10.53, but still best price among 3 stores",Dental Chews (Dog),Household & Personal,Pet Food/Supplies,claude_code,4.99,15.99,10.53,14,21.4,False,-9.1,2,2,11.49,Sobeys,False,45.5,100,81,Skip,9% above average; #2 of 2 stores; 14 prior prices
Safeway,Oats,3.99,3.99,each,2026-10-01T03:00:00-04:00,2026-10-07T23:59:59-04:00,8160254,,,,True,,False,63.0,😐 Fair,"24% below avg of $5.22, close to best price of $3.00 at No Frills (4 stores compared)",Oats,Pantry,Breakfast/Cereal,claude_code,2.77,10.49,4.27,11,36.4,False,6.6,3,5,3.99,Sobeys,False,49.6,100,85,Skip,7% below avg $4.27; #3 of 5 stores; 11 prior prices
Safeway,BONNE MAMAN Jam,5.99,5.99,each,2026-10-01T03:00:00-04:00,2026-10-07T23:59:59-04:00,8160254,,,,True,,False,40.0,⚠️ Below Average,Slightly below avg ($6.00),Jam,Pantry,Sauces/Condiments,cached,3.99,6.99,5.69,28,28.6,False,-5.3,4,4,4.99,Sobeys,False,27.4,100,88,Skip,5% above average; 28 prior prices
Safeway,Chocolate Chips,3.99,3.99,each,2026-10-01T03:00:00-04:00,2026-10-07T23:59:59-04:00,8160254,,,,True,,False,84.0,✅ Good Buy,"34% below avg of $6.01, best price among 4 stores",Chocolate Chips,Pantry,Baking Supplies,claude_code,4.99,8.99,5.58,16,100.0,True,28.6,,1,,,False,70.0,100,70,Compare first,29% below avg $5.58; Lowest seen; 16 prior prices
Safeway,Cranberries,2.99,2.99,each,2026-10-01T03:00:00-04:00,2026-10-07T23:59:59-04:00,8160254,,,,True,,False,99.0,🔥 Hot Deal,"62% below avg of $7.95 and below historical min of $6.50, near best price of $2.50 at Real Canadian Superstore",Cranberries,Produce,Fruit,claude_code,6.5,8.5,7.95,10,100.0,True,62.4,4,4,2.5,Real Canadian Superstore,False,75.0,100,85,Compare first,62% below avg $7.95; Lowest seen; 10 prior prices
Safeway,Candy or Assorted Chocolates,15.99,15.99,each,2026-10-01T03:00:00-04:00,2026-10-07T23:59:59-04:00,8160254,,,,True,,False,65.0,😐 Fair,No price history; currently best price among 2 stores at $15.99,Candy,Snacks,Candy/Chocolate,claude_code,0.79,13.99,4.99,85,0.0,False,-220.7,,1,,,False,15.0,100,73,Skip,221% above average; 85 prior prices
Safeway,Chili Crisp Charcuterie Board,17.99,17.99,each,2026-10-01T03:00:00-04:00,2026-10-07T23:59:59-04:00,8160254,,,,True,,False,65.0,😐 Fair,No price history; currently best price among 2 stores at $17.99,Charcuterie Board,Other,Deli (Prepared),claude_code,2.69,39.99,9.61,26,3.8,False,-87.1,2,2,17.99,Sobeys,False,25.0,100,84,Skip,87% above average; #2 of 2 stores; 26 prior prices
Safeway,GAIN Liquid Detergent,9.99,9.99,each,2026-10-01T03:00:00-04:00,2026-10-07T23:59:59-04:00,8160254,,,,True,,False,45.0,⚠️ Below Average,Slightly below avg ($10.88),Liquid Detergent,Household & Personal,Laundry,cached,5.99,19.99,12.71,22,63.6,False,21.4,,1,,,False,55.0,100,73,Only if needed,21% below avg $12.71; 22 prior prices
Safeway,Peanuts,7.99,7.99,each,2026-10-01T03:00:00-04:00,2026-10-07T23:59:59-04:00,8160254,,,,True,,False,12.0,❌ Poor Value,"48% above avg of $5.41, far above best price of $0.69 at Save-On-Foods (4 stores compared)",Peanuts,Snacks,Nuts/Seeds,claude_code,4.99,13.0,6.5,11,9.1,False,-23.0,3,3,5.0,No Frills,False,33.5,100,85,Skip,23% above average; #3 of 3 stores; 11 prior prices
Safeway,Red or Green Organic Grapes,4.99,4.99,each,2026-10-01T03:00:00-04:00,2026-10-07T23:59:59-04:00,8160254,,,,True,,False,65.0,😐 Fair,No price history; currently best price among 2 stores at $4.99,Grapes (Organic),Produce,Fruit,claude_code,2.49,9.0,4.25,47,12.8,False,-17.5,2,2,4.99,Sobeys,False,41.2,100,84,Skip,18% above average; #2 of 2 stores; 47 prior prices
Safeway,Dragon Fruit,3.99,3.99,each,2026-10-01T03:00:00-04:00,2026-10-07T23:59:59-04:00,8160254,,,,True,,False,56.0,😐 Fair,"15% below avg of $4.69, but not best price ($2.98 at Real Canadian Superstore among 3 stores)",Dragon Fruit,Produce,Fruit,claude_code,2.98,4.99,4.39,18,58.3,False,9.1,3,3,2.98,Real Canadian Superstore,False,51.4,100,85,Only if needed,9% below avg $4.39; #3 of 3 stores; 18 prior prices
Safeway,Sweet or Hot Italian Pork Sausage Meat,4.99,4.99,each,2026-10-01T03:00:00-04:00,2026-10-07T23:59:59-04:00,8160254,,,,True,,False,73.0,✅ Good Buy,"4% below avg of $5.19, matches historical min, best price among 2 stores",Italian Sausage Meat,Pork,Sausage (Fresh),claude_code,4.99,5.49,5.32,3,66.7,True,6.3,,1,,,False,54.4,100,62,Only if needed,6% below avg $5.32; Lowest seen; 3 prior prices
Safeway,McIntosh Apples,1.99,1.99,each,2026-10-01T03:00:00-04:00,2026-10-07T23:59:59-04:00,8160254,,,,True,,False,95.0,🔥 Hot Deal,70% below 6-month avg of $6.61. Best price across 3 stores,Apples (McIntosh),Produce,Fruit,cached,1.77,6.99,5.14,3,66.7,False,61.3,3,6,1.99,Sobeys,True,85.0,100,77,Buy this week,61% below avg $5.14; #3 of 6 stores; 3 prior prices
Safeway,Wild Argentinian Easy Peel Shrimp,7.99,7.99,each,2026-10-01T03:00:00-04:00,2026-10-07T23:59:59-04:00,8160254,,,,True,,False,78.0,✅ Good Buy,"11% below avg of $8.99, below historical min, best price among 2 stores",Shrimp (Easy Peel),Seafood,Shrimp/Prawns,claude_code,7.99,8.99,8.49,4,62.5,True,5.9,,1,,,False,54.1,100,62,Only if needed,6% below avg $8.49; Lowest seen; 4 prior prices
Safeway,Premium Smoked Portion,7.49,7.49,each,2026-10-01T03:00:00-04:00,2026-10-07T23:59:59-04:00,8160254,,,,True,,False,65.0,😐 Fair,No price history; currently best price among 2 stores at $7.49,Ham (Smoked Portion),Pork,Ham,claude_code,2.49,9.99,5.49,3,33.3,False,-36.4,,1,,,False,21.8,100,62,Skip,36% above average; 3 prior prices
Safeway,COMPLIMENTS Baby Whole or Cut Corn,2.29,2.29,each,2026-10-01T03:00:00-04:00,2026-10-07T23:59:59-04:00,8160254,,,,True,,False,100.0,🔥 Hot Deal,LOWEST PRICE in 6 months (usually $5.00). Best price across 2 stores,Baby Corn,Produce,nan,cached,1.99,5.0,3.83,18,88.9,False,40.2,2,2,2.29,Sobeys,False,78.1,100,81,Buy this week,40% below avg $3.83; #2 of 2 stores; 18 prior prices
Safeway,Large Lemons,0.99,0.99,each,2026-10-01T03:00:00-04:00,2026-10-07T23:59:59-04:00,8160254,,,,True,,False,100.0,🔥 Hot Deal,LOWEST PRICE in 6 months (usually $3.75). Best price across 2 stores,Lemons,Produce,Fruit,cached,0.69,8.0,4.27,30,76.7,False,76.8,,1,,,False,75.0,100,73,Compare first,77% below avg $4.27; 30 prior prices
Safeway,Bartlett Pears,2.99,2.99,each,2026-10-01T03:00:00-04:00,2026-10-07T23:59:59-04:00,8160254,,,,True,,False,60.0,😐 Fair,Slightly below avg ($3.51). $2.49 at No Frills,Pears (Bartlett),Produce,Fruit,cached,1.99,8.99,3.28,22,20.5,False,8.9,3,5,2.49,No Frills,False,51.2,100,88,Only if needed,9% below avg $3.28; #3 of 5 stores; 22 prior prices
Safeway,COMPLIMENTS ORGANIC Whole Cremini or White Mushrooms,3.44,3.44,each,2026-10-01T03:00:00-04:00,2026-10-07T23:59:59-04:00,8160254,,,,True,,False,65.0,😐 Fair,No price history; currently best price among 2 stores at $3.44,"Mushrooms (Organic, Whole)",Produce,Vegetables,claude_code,1.99,4.5,3.74,57,76.3,False,8.0,,1,,,False,45.6,100,73,Skip,8% below avg $3.74; 57 prior prices
Safeway,Cheese Slices,5.49,5.49,each,2026-10-01T03:00:00-04:00,2026-10-07T23:59:59-04:00,8160254,,,,True,,False,59.0,😐 Fair,Slightly below avg ($6.36). $3.33 at No Frills,Cheese (Sliced),Dairy & Eggs,nan,cached,3.99,13.99,8.64,10,80.0,False,36.5,2,2,5.49,Sobeys,True,80.5,100,81,Buy this week,36% below avg $8.64; #2 of 2 stores; 10 prior prices
Safeway,Bean Sprouts,2.44,2.44,each,2026-10-01T03:00:00-04:00,2026-10-07T23:59:59-04:00,8160254,,,,True,,False,54.0,😐 Fair,"8% above avg of $2.26, but still best price among 2 stores",Bean Sprouts,Produce,Vegetables,claude_code,2.0,2.28,2.24,7,0.0,False,-9.1,2,2,2.44,Sobeys,False,45.5,100,77,Skip,9% above average; #2 of 2 stores; 7 prior prices
Safeway,Celebration or Ultimate Cookies,7.0,7.0,each,2026-10-01T03:00:00-04:00,2026-10-07T23:59:59-04:00,8160254,,,,True,,False,65.0,😐 Fair,No price history; currently best price among 2 stores at $7.00,Cookies,Snacks,Cookies,claude_code,1.0,15.0,4.91,94,9.0,False,-42.6,7,7,2.28,Walmart,False,8.7,100,88,Skip,43% above average; 94 prior prices
Safeway,"Gluten Free Appetizers Coconut, Panko or Tempura Shrimp",10.99,10.99,each,2026-10-01T03:00:00-04:00,2026-10-07T23:59:59-04:00,8160254,,,,True,,False,45.0,⚠️ Below Average,No historical or cross-store data available; neutral score assigned,"Shrimp Appetizers (Coconut, Gluten Free)",Frozen,Meat/Seafood (Frozen),claude_code,8.99,11.99,10.66,6,41.7,False,-3.1,,1,,,False,38.5,100,66,Skip,6 prior prices
Safeway,Pretzel Crisps,5.99,5.99,each,2026-10-01T03:00:00-04:00,2026-10-07T23:59:59-04:00,8160254,,,,True,,False,39.0,⚠️ Below Average,"9% above avg of $5.48, not best price ($4.00 at No Frills among 4 stores)",Pretzel Crisps,Snacks,Crackers,claude_code,3.5,5.99,5.46,14,28.6,False,-9.8,3,3,4.0,No Frills,False,40.1,100,85,Skip,10% above average; #3 of 3 stores; 14 prior prices
Safeway,COMPLIMENTS Brie or Camembert,12.99,12.99,each,2026-10-01T03:00:00-04:00,2026-10-07T23:59:59-04:00,8160254,,,,True,,False,35.0,⚠️ Below Average,Above average (usually $7.24). Best price across 2 stores,Brie or Camembert Cheese,Dairy & Eggs,Specialty Cheese,cached,6.99,7.49,7.24,4,0.0,False,-79.4,2,2,12.99,Sobeys,False,25.0,100,73,Skip,79% above average; #2 of 2 stores; 4 prior prices
Safeway,Stuffing Bread,3.99,3.99,each,2026-10-01T03:00:00-04:00,2026-10-07T23:59:59-04:00,8160254,,,,True,no_history,False,65.0,😐 Fair,No price history; currently best price among 2 stores at $3.99,Stuffing Bread,Bakery,Bread,claude_code,,,,0,,False,,2,2,3.99,Sobeys,True,55.0,80,36,Only if needed,#2 of 2 stores; No price history
Safeway,"Wensleydale Cranberry, Apricot or Cheddar with Caramelized Onions",7.99,7.99,each,2026-10-01T03:00:00-04:00,2026-10-07T23:59:59-04:00,8160254,,,,True,no_history,False,65.0,😐 Fair,No price history; currently best price among 2 stores at $7.99,Cheese (Wensleydale Cranberry),Dairy & Eggs,Cheese (Block),claude_code,,,,0,,False,,,1,,,True,45.0,80,25,Skip,No price history
Safeway,Pumpkin Spice Cupcakes,7.99,7.99,each,2026-10-01T03:00:00-04:00,2026-10-07T23:59:59-04:00,8160254,,,,True,,False,70.0,✅ Good Buy,"At avg price of $7.99, matches historical min, best price among 2 stores",Cupcakes (Pumpkin Spice),Bakery,Desserts/Cakes,claude_code,3.47,13.97,8.59,10,45.0,False,6.9,2,2,7.99,Sobeys,False,54.8,100,81,Only if needed,7% below avg $8.59; #2 of 2 stores; 10 prior prices
Safeway,Fresh Steelhead Trout Fillets,3.89,3.89,per_100g,2026-10-01T03:00:00-04:00,2026-10-07T23:59:59-04:00,8160254,38.9,$/kg,,True,,True,81.0,✅ Good Buy,31% below 6-month avg of $5.65. Best price across 2 stores,Trout Fillets (Steelhead),Seafood,Fish Fillets,cached,34.9,37.9,36.04,14,0.0,False,-7.9,2,2,38.9,Sobeys,False,51.0,100,89,Only if needed,8% above average; #2 of 2 stores; 14 prior prices
Safeway,COMPLIMENTS Cooked or Raw Shrimp,8.99,8.99,each,2026-10-01T03:00:00-04:00,2026-10-07T23:59:59-04:00,8160254,,,,True,,False,60.0,😐 Fair,Best price across 2 stores,Shrimp,Seafood,nan,cached,3.0,17.0,10.4,17,52.9,False,13.6,3,3,5.0,Real Canadian Superstore,False,54.5,100,85,Only if needed,14% below avg $10.40; #3 of 3 stores; 17 prior prices
Safeway,COMPLIMENTS NATURALLY SIMPLE Black Tiger Shrimp in Ring with Sauce,18.99,18.99,each,2026-10-01T03:00:00-04:00,2026-10-07T23:59:59-04:00,8160254,,,,True,,False,87.0,🔥 Hot Deal,"24% below avg of $25.00, below historical min, best price among 2 stores",Shrimp Ring with Sauce,Seafood,Prepared Seafood,claude_code,5.99,25.0,15.18,32,34.4,False,-25.1,,1,,,False,27.4,100,73,Skip,25% above average; 32 prior prices
Safeway,COMPLIMENTS Cooked Shrimp in Bag with Cocktail Sauce,13.99,13.99,each,2026-10-01T03:00:00-04:00,2026-10-07T23:59:59-04:00,8160254,,,,True,,False,57.0,😐 Fair,Near average ($13.25). Best price across 2 stores,Shrimp with Cocktail Sauce,Seafood,nan,cached,5.99,25.0,13.83,56,37.5,False,-1.1,2,2,13.99,Sobeys,False,49.5,100,84,Skip,#2 of 2 stores; 56 prior prices
Safeway,Artisan Breads,4.69,4.69,each,2026-10-01T03:00:00-04:00,2026-10-07T23:59:59-04:00,8160254,,,,True,,False,51.0,😐 Fair,Above average (usually $3.99). Best price across 2 stores,Artisan Bread,Bakery,Artisan Bread,cached,1.25,16.99,5.34,63,66.7,False,12.2,2,2,4.69,Sobeys,True,63.5,100,84,Only if needed,12% below avg $5.34; #2 of 2 stores; 63 prior prices
Safeway,Pumpkin Spice Dessert Cake,23.99,23.99,each,2026-10-01T03:00:00-04:00,2026-10-07T23:59:59-04:00,8160254,,,,True,,False,65.0,😐 Fair,No price history; currently best price among 2 stores at $23.99,Dessert Cake (Pumpkin Spice),Bakery,Desserts/Cakes,claude_code,3.47,14.99,9.19,15,0.0,False,-161.2,,1,,,False,15.0,100,70,Skip,161% above average; 15 prior prices
Safeway,Bars,4.0,4.0,each,2026-10-01T03:00:00-04:00,2026-10-07T23:59:59-04:00,8160254,,,,True,,False,69.0,😐 Fair,"33% below avg of $5.97, but not best price ($2.37 at Walmart among 5 stores)",Bars,Snacks,Bars/Granola,claude_code,2.29,20.0,8.48,24,75.0,False,52.9,2,5,4.0,Sobeys,False,85.0,100,88,Buy this week,53% below avg $8.48; #2 of 5 stores; 24 prior prices
Safeway,COMPLIMENTS Apple Sauce,2.99,2.99,each,2026-10-01T03:00:00-04:00,2026-10-07T23:59:59-04:00,8160254,,,,True,,False,52.0,😐 Fair,Above average (usually $2.59). Best price across 2 stores,Apple Sauce,Pantry,Canned Goods,cached,2.0,3.99,2.83,6,33.3,False,-5.7,2,2,2.99,Sobeys,False,47.1,100,77,Skip,6% above average; #2 of 2 stores; 6 prior prices
Safeway,Raisin Bread,4.99,4.99,each,2026-10-01T03:00:00-04:00,2026-10-07T23:59:59-04:00,8160254,,,,True,,False,42.0,⚠️ Below Average,"6% above avg of $4.70, not best price ($4.00 at No Frills among 4 stores)",Raisin Bread,Bakery,Bread,claude_code,3.78,5.49,4.7,16,46.9,False,-6.2,2,2,4.99,Sobeys,True,51.9,100,81,Only if needed,6% above average; #2 of 2 stores; 16 prior prices
Safeway,Chicken Alfredo Chili Crisp Flatbread or Select Varieties,7.0,7.0,each,2026-10-01T03:00:00-04:00,2026-10-07T23:59:59-04:00,8160254,,,,True,low_history,False,65.0,😐 Fair,No price history; currently best price among 2 stores at $7.00,Chicken Alfredo Flatbread,Frozen,Pizza,claude_code,6.99,6.99,6.99,2,0.0,False,-0.1,2,2,7.0,Sobeys,True,55.0,90,67,Only if needed,#2 of 2 stores; Only 2 prior prices
Safeway,Frozen Dinners,5.99,5.99,each,2026-10-01T03:00:00-04:00,2026-10-07T23:59:59-04:00,8160254,,,,True,,False,33.0,⚠️ Below Average,"17% above avg of $5.11, far above best price of $1.37 at Real Canadian Superstore (3 stores compared)",Frozen Dinners,Frozen,Meals/Entrees,claude_code,4.49,5.99,5.11,16,3.1,False,-17.3,,1,,,False,31.4,100,70,Skip,17% above average; 16 prior prices
Safeway,Creamers,6.49,6.49,each,2026-10-01T03:00:00-04:00,2026-10-07T23:59:59-04:00,8160254,,,,True,,False,41.0,⚠️ Below Average,Above average (usually $5.52). $5.49 at Safeway,Creamer,Dairy & Eggs,Cream,cached,3.49,6.5,5.23,7,14.3,False,-24.1,2,2,6.49,Sobeys,False,38.0,100,77,Skip,24% above average; #2 of 2 stores; 7 prior prices
Safeway,Protein Bar,3.99,3.99,each,2026-10-01T03:00:00-04:00,2026-10-07T23:59:59-04:00,8160254,,,,True,,False,97.0,🔥 Hot Deal,"54% below avg of $8.59, best price among 3 stores",Protein Bar,Snacks,Bars/Granola,claude_code,3.19,25.99,8.77,8,75.0,False,54.5,2,2,3.99,Sobeys,False,85.0,100,77,Buy this week,54% below avg $8.77; #2 of 2 stores; 8 prior prices
Safeway,Cold Brew Coffee,8.99,8.99,each,2026-10-01T03:00:00-04:00,2026-10-07T23:59:59-04:00,8160254,,,,True,,False,100.0,🔥 Hot Deal,"60% below avg of $22.29 (skewed by outlier pricing), best price among 2 stores",Cold Brew Coffee,Beverages,Coffee,claude_code,7.0,7.99,7.85,7,0.0,False,-14.5,2,2,8.99,Sobeys,True,47.8,100,77,Skip,14% above average; #2 of 2 stores; 7 prior prices
Safeway,Organic Milk 2 L,5.99,5.99,each,2026-10-01T03:00:00-04:00,2026-10-07T23:59:59-04:00,8160254,3.0,$/L,2000.0,True,,False,65.0,😐 Fair,No price history; best price among 2 stores at $5.99 ($3.00/L),Milk (Organic),Dairy & Eggs,Milk,claude_code,3.88,16.9,8.56,5,100.0,True,65.0,,1,,,True,95.0,100,74,Stock up,65% below avg $8.56; Lowest seen; 5 prior prices
Safeway,COMPLIMENTS Butter Sticks,7.99,7.99,each,2026-10-01T03:00:00-04:00,2026-10-07T23:59:59-04:00,8160254,,,,True,,False,60.0,😐 Fair,Best price across 2 stores,Butter,Dairy & Eggs,nan,cached,1.97,7.99,5.88,18,11.1,False,-36.0,4,4,4.97,Walmart,True,17.0,100,85,Skip,36% above average; 18 prior prices
Safeway,Cool Whip Aerosol Whipped Topping,4.49,4.49,each,2026-10-01T03:00:00-04:00,2026-10-07T23:59:59-04:00,8160254,,,,True,,False,70.0,✅ Good Buy,"At avg price ($4.49) and matches historical min, best of 2 stores",Whipped Topping,Dairy & Eggs,Cream,claude_code,2.97,4.49,3.68,5,10.0,False,-21.9,3,5,2.97,Walmart,False,34.0,100,81,Skip,22% above average; #3 of 5 stores; 5 prior prices
Safeway,Single Serve Coffee Pods,32.99,32.99,each,2026-10-01T03:00:00-04:00,2026-10-07T23:59:59-04:00,8160254,,,,True,,False,27.0,❌ Poor Value,"47.5% above avg of $22.36, though currently best of 2 stores at $32.99",Coffee Pods,Beverages,Coffee,claude_code,6.0,39.99,24.14,46,26.1,False,-36.6,5,7,7.99,Real Canadian Superstore,True,16.7,100,88,Skip,37% above average; 46 prior prices
Safeway,Frozen Entrées,10.0,10.0,each,2026-10-01T03:00:00-04:00,2026-10-07T23:59:59-04:00,8160254,,,,True,,False,20.0,❌ Poor Value,Above average (usually $3.78). $2.99 at Real Canadian Superstore,Entrees (Frozen),Frozen,nan,cached,1.0,7.99,4.25,8,0.0,False,-135.1,3,3,3.99,Calgary Co-op,False,20.0,100,81,Skip,135% above average; #3 of 3 stores; 8 prior prices
Safeway,PACIFIC FOODS Broth,5.29,5.29,each,2026-10-01T03:00:00-04:00,2026-10-07T23:59:59-04:00,8160254,,,,True,,False,45.0,⚠️ Below Average,No price history available; neutral score assigned,Broth,Pantry,Soups,claude_code,1.25,9.99,3.8,24,16.7,False,-39.3,7,7,1.47,Walmart,False,10.4,100,88,Skip,39% above average; 24 prior prices
Safeway,Apple Juice,10.99,10.99,each,2026-10-01T03:00:00-04:00,2026-10-07T23:59:59-04:00,8160254,,,,True,,False,4.0,❌ Poor Value,"80% above avg of $6.10, despite being best of 2 stores at $10.99",Apple Juice,Beverages,Juice,claude_code,2.5,19.99,8.16,9,11.1,False,-34.7,2,2,10.99,Sobeys,False,32.6,100,77,Skip,35% above average; #2 of 2 stores; 9 prior prices
Safeway,Rice,8.99,8.99,each,2026-10-01T03:00:00-04:00,2026-10-07T23:59:59-04:00,8160254,,,,True,,False,31.0,⚠️ Below Average,"20% above avg of $7.49; No Frills has it for $2.00, far below Safeway's $8.99",Rice,Pantry,Rice,claude_code,1.99,12.98,7.29,17,41.2,False,-23.3,2,2,8.99,Sobeys,True,43.4,100,81,Skip,23% above average; #2 of 2 stores; 17 prior prices
Safeway,Source Yogurt 630 g or Minigo or Tube Yogurt 6-8 pk,3.99,3.99,each,2026-10-01T03:00:00-04:00,2026-10-07T23:59:59-04:00,8160254,6.33,$/kg,630.0,True,,False,45.0,⚠️ Below Average,"No price history available; neutral score, $6.33/kg unit price",Yogurt,Dairy & Eggs,Yogurt,claude_code,2.65,64.7,8.14,48,43.7,False,22.2,2,2,5.37,Sobeys,True,75.5,100,92,Compare first,22% below avg $8.14; #2 of 2 stores; 48 prior prices
Safeway,Hashbrown Patties,6.49,6.49,each,2026-10-01T03:00:00-04:00,2026-10-07T23:59:59-04:00,8160254,,,,True,,False,59.0,😐 Fair,"Near avg of $6.38 (at historical max), but best of 2 stores at $6.49",Hashbrown Patties,Frozen,Breakfast (Frozen),claude_code,5.96,6.49,6.31,3,16.7,False,-2.8,2,2,6.49,Sobeys,False,48.6,100,73,Skip,#2 of 2 stores; 3 prior prices
Safeway,COMPLIMENTS Granola Bars,2.69,2.69,each,2026-10-01T03:00:00-04:00,2026-10-07T23:59:59-04:00,8160254,,,,True,,False,92.0,🔥 Hot Deal,LOWEST PRICE in 6 months (usually $4.00). Best price across 2 stores,Granola Bars,Snacks,nan,cached,2.24,12.99,5.74,57,94.7,False,53.1,,1,,,False,75.0,100,73,Compare first,53% below avg $5.74; 57 prior prices
Safeway,Chocolates,8.49,8.49,each,2026-10-01T03:00:00-04:00,2026-10-07T23:59:59-04:00,8160254,,,,True,,False,60.0,😐 Fair,"Roughly at avg of $8.50, best of 4 stores at $8.49",Chocolates,Snacks,Candy/Chocolate,claude_code,3.49,13.99,6.99,5,40.0,False,-21.5,2,2,8.49,Sobeys,False,39.2,100,77,Skip,22% above average; #2 of 2 stores; 5 prior prices
Safeway,Cracker Assortment Classic Collection,5.99,5.99,each,2026-10-01T03:00:00-04:00,2026-10-07T23:59:59-04:00,8160254,,,,True,,False,70.0,✅ Good Buy,"Matches historical avg/min of $5.99, best of 2 stores",Cracker Assortment,Snacks,Crackers,claude_code,3.29,5.99,4.93,7,21.4,False,-21.4,,1,,,False,29.3,100,66,Skip,21% above average; 7 prior prices
Safeway,Juniors,2.99,2.99,each,2026-10-01T03:00:00-04:00,2026-10-07T23:59:59-04:00,8160254,,,,True,,False,70.0,✅ Good Buy,"Matches historical avg/min of $2.99, best of 2 stores",Juniors,Other,General,claude_code,2.99,2.99,2.99,3,33.3,True,0.0,,1,,,False,50.0,100,62,Only if needed,Lowest seen; 3 prior prices
Safeway,COMPLIMENTS Sour Cream,2.49,2.49,each,2026-10-01T03:00:00-04:00,2026-10-07T23:59:59-04:00,8160254,,,,True,,False,73.0,✅ Good Buy,19% below 6-month avg of $3.07. Best price across 2 stores,Sour Cream,Dairy & Eggs,Sour Cream,cached,2.29,5.0,3.37,29,84.5,False,26.1,2,3,2.49,Sobeys,False,68.3,100,88,Only if needed,26% below avg $3.37; #2 of 3 stores; 29 prior prices
Safeway,COMPLIMENTS White or Whole Wheat Bread,2.49,2.49,each,2026-10-01T03:00:00-04:00,2026-10-07T23:59:59-04:00,8160254,,,,True,,False,73.0,✅ Good Buy,LOWEST PRICE in 6 months (usually $2.63). Best price across 2 stores,Bread,Bakery,Bread,cached,2.47,10.99,3.97,66,88.6,False,37.3,,1,,,True,71.1,100,73,Compare first,37% below avg $3.97; 66 prior prices
Safeway,COMPLIMENTS Mandarins,1.69,1.69,each,2026-10-01T03:00:00-04:00,2026-10-07T23:59:59-04:00,8160254,,,,True,,False,65.0,😐 Fair,No price history; best of 2 stores at $1.69,Mandarins,Produce,Fruit,claude_code,2.49,7.99,5.99,11,100.0,True,71.8,2,4,1.69,Sobeys,False,95.0,100,85,Stock up,72% below avg $5.99; Lowest seen; #2 of 4 stores
Safeway,DORITOS Tortilla Chips,9.5,9.5,each,2026-10-01T03:00:00-04:00,2026-10-07T23:59:59-04:00,8160254,,,,True,,False,25.0,❌ Poor Value,Above average (usually $5.88). $3.00 at No Frills,Tortilla Chips,Snacks,Chips/Pretzels,cached,2.5,12.0,5.44,82,3.0,False,-74.5,,1,,,False,15.0,100,73,Skip,74% above average; 82 prior prices
Safeway,Whitening or Pronamel,6.99,6.99,each,2026-10-01T03:00:00-04:00,2026-10-07T23:59:59-04:00,8160254,,,,True,,False,50.0,😐 Fair,"14% above avg of $6.13, at historical max, but best of 2 stores",Toothpaste (Whitening),Household & Personal,Personal Care,claude_code,4.94,9.27,6.53,6,16.7,False,-7.1,3,3,6.97,Walmart,False,41.5,100,81,Skip,7% above average; #3 of 3 stores; 6 prior prices
Safeway,Complete Nutritional Supplement Drink,8.99,8.99,each,2026-10-01T03:00:00-04:00,2026-10-07T23:59:59-04:00,8160254,,,,True,,False,84.0,✅ Good Buy,"20% below avg of $11.19, matches historical min, best of 2 stores",Nutritional Supplement Drink,Household & Personal,Health/Pharmacy,claude_code,12.49,18.0,14.42,7,100.0,True,37.7,2,2,8.99,Sobeys,False,86.4,100,77,Buy this week,38% below avg $14.42; Lowest seen; #2 of 2 stores
Safeway,Farmer's Medley Biscuits,4.99,4.99,each,2026-10-01T03:00:00-04:00,2026-10-07T23:59:59-04:00,8160254,,,,True,,False,65.0,😐 Fair,No price history; best of 2 stores at $4.99,Biscuits,Bakery,Pastries/Donuts,claude_code,1.19,7.99,2.88,16,18.8,False,-73.4,3,3,1.49,Sobeys,False,20.0,100,85,Skip,73% above average; #3 of 3 stores; 16 prior prices
Safeway,ProActive Health Dry Cat Food,15.49,15.49,each,2026-10-01T03:00:00-04:00,2026-10-07T23:59:59-04:00,8160254,,,,True,,False,65.0,😐 Fair,Slightly below avg ($16.87). Best price across 2 stores,Dry Cat Food,Household & Personal,Pet Food/Supplies,cached,6.0,39.98,16.45,27,40.7,False,5.8,,1,,,False,44.1,100,73,Skip,6% below avg $16.45; 27 prior prices
Safeway,COMPLIMENTS Compostable Cutlery,2.99,2.99,each,2026-10-01T03:00:00-04:00,2026-10-07T23:59:59-04:00,8160254,,,,True,,False,70.0,✅ Good Buy,LOWEST PRICE in 6 months (usually $2.99). Best price across 2 stores,Compostable Cutlery,Household & Personal,nan,cached,2.99,2.99,2.99,4,37.5,True,0.0,2,2,2.99,Sobeys,False,60.0,100,73,Only if needed,Lowest seen; #2 of 2 stores; 4 prior prices
Safeway,Samosas,6.99,6.99,each,2026-10-01T03:00:00-04:00,2026-10-07T23:59:59-04:00,8160254,,,,True,,False,33.0,⚠️ Below Average,17% above avg of $5.99; Real Canadian Superstore has it for $2.99 across 3 stores,Samosas,Frozen,Meals/Entrees,claude_code,2.99,12.5,5.64,14,42.9,False,-23.9,6,6,3.0,Sobeys,False,18.1,100,85,Skip,24% above average; 14 prior prices
Safeway,Fresh Raised Without Antibiotics Grade A Turkeys,2.77,2.77,each,2026-10-01T03:00:00-04:00,2026-10-07T23:59:59-04:00,8160254,,,,True,no_history,False,65.0,😐 Fair,No price history; best of 2 stores at $2.77,Whole Turkey,Poultry,Turkey,claude_code,,,,0,,False,,,1,,,False,40.0,80,25,Skip,No price history
Safeway,Juicy Supreme Chicken Frankfurters or Italian Chicken Sausages,5.99,5.99,each,2026-10-01T03:00:00-04:00,2026-10-07T23:59:59-04:00,8160254,,,,True,,False,65.0,😐 Fair,No price history; best of 2 stores at $5.99,Chicken Frankfurters,Poultry,Sausage (Poultry),claude_code,5.99,6.99,6.32,3,50.0,True,5.3,2,2,5.99,Sobeys,False,63.7,100,73,Only if needed,5% below avg $6.32; Lowest seen; #2 of 2 stores
Safeway,Underwear or Pads,20.99,20.99,each,2026-10-01T03:00:00-04:00,2026-10-07T23:59:59-04:00,8160254,,,,True,,False,52.0,😐 Fair,"11% above avg of $18.88, at historical max, but best of 2 stores",Incontinence Underwear,Household & Personal,Personal Care,claude_code,13.98,28.97,18.98,3,33.3,False,-10.6,,1,,,False,34.7,100,62,Skip,11% above average; 3 prior prices
Safeway,All Butter Danish - Apple Fest,5.99,5.99,each,2026-10-01T03:00:00-04:00,2026-10-07T23:59:59-04:00,8160254,,,,True,,False,65.0,😐 Fair,No price history; best of 2 stores at $5.99,Butter Danish,Bakery,Pastries/Donuts,claude_code,5.99,6.99,6.22,15,63.3,True,3.7,,1,,,True,57.6,100,70,Only if needed,Lowest seen; 15 prior prices
Safeway,Caramel Wafer Biscuits,2.99,2.99,each,2026-10-01T03:00:00-04:00,2026-10-07T23:59:59-04:00,8160254,,,,True,,False,65.0,😐 Fair,No price history; best of 2 stores at $2.99,Caramel Wafer Biscuits,Snacks,Cookies,claude_code,2.5,6.0,4.02,5,40.0,False,25.6,2,2,2.99,Sobeys,False,67.9,100,77,Only if needed,26% below avg $4.02; #2 of 2 stores; 5 prior prices
Safeway,Apple Fritter - Apple Fest,7.99,7.99,each,2026-10-01T03:00:00-04:00,2026-10-07T23:59:59-04:00,8160254,,,,True,,False,65.0,😐 Fair,No price history; best of 2 stores at $7.99,Apple Fritter,Bakery,Pastries/Donuts,claude_code,5.0,9.99,7.79,5,50.0,False,-2.5,2,2,7.99,Sobeys,False,48.8,100,77,Skip,#2 of 2 stores; 5 prior prices
Safeway,Whole Tilapia,8.88,8.88,each,2026-10-01T03:00:00-04:00,2026-10-07T23:59:59-04:00,8160254,,,,True,,False,59.0,😐 Fair,Near average ($8.80). Best price across 2 stores,Tilapia (Whole),Seafood,Whole Fish,cached,2.5,9.88,7.54,12,45.8,False,-17.7,2,2,8.88,Sobeys,False,41.1,100,81,Skip,18% above average; #2 of 2 stores; 12 prior prices
Safeway,COMPLIMENTS Herbs,2.75,2.75,each,2026-10-01T03:00:00-04:00,2026-10-07T23:59:59-04:00,8160254,,,,True,,False,70.0,✅ Good Buy,LOWEST PRICE in 6 months (usually $2.75). Best price across 2 stores,Herbs,Produce,nan,cached,3.0,25.0,19.5,4,100.0,True,85.9,2,2,2.75,Sobeys,False,95.0,100,73,Stock up,86% below avg $19.50; Lowest seen; #2 of 2 stores
Safeway,Whole Bean Coffee,18.99,18.99,each,2026-10-01T03:00:00-04:00,2026-10-07T23:59:59-04:00,8160254,,,,True,,False,49.0,⚠️ Below Average,"6% below avg of $20.17, but Save-On-Foods has it for $10.99 across 4 stores",Whole Bean Coffee,Beverages,Coffee,claude_code,15.99,28.99,19.55,16,43.8,False,2.9,3,7,10.99,Save-On-Foods,True,52.0,100,85,Only if needed,#3 of 7 stores; 16 prior prices
Safeway,Fresh Turkey,3.77,3.77,each,2026-10-01T03:00:00-04:00,2026-10-07T23:59:59-04:00,8160254,,,,True,no_history,False,65.0,😐 Fair,No price history; best of 2 stores at $3.77,Whole Turkey,Poultry,Turkey,claude_code,,,,0,,False,,,1,,,False,40.0,80,25,Skip,No price history
Safeway,Energy Drinks,6.0,6.0,each,2026-10-01T03:00:00-04:00,2026-10-07T23:59:59-04:00,8160254,,,,True,,False,67.0,😐 Fair,"31% below avg of $8.74, though Real Canadian Superstore has it for $2.48 across 3 stores",Energy Drinks,Beverages,Energy/Sports Drinks,claude_code,2.5,31.99,9.29,42,73.8,False,35.4,3,3,2.48,Real Canadian Superstore,False,69.8,100,88,Only if needed,35% below avg $9.29; #3 of 3 stores; 42 prior prices
Safeway,Boneless Smoked Ham,14.99,14.99,each,2026-10-01T03:00:00-04:00,2026-10-07T23:59:59-04:00,8160254,,,,True,,False,0.0,❌ Poor Value,178% above avg of $5.39; far above other Safeway listing of $4.99 for likely same item,Boneless Smoked Ham,Pork,Ham,claude_code,2.0,15.99,7.83,34,7.4,False,-91.4,2,2,14.99,Sobeys,False,25.0,100,84,Skip,91% above average; #2 of 2 stores; 34 prior prices
Safeway,"Buttercup, Butternut, Spaghetti or Acorn Squash",0.99,0.99,each,2026-10-01T03:00:00-04:00,2026-10-07T23:59:59-04:00,8160254,,,,True,,False,45.0,⚠️ Below Average,No price history available; neutral score assigned,Buttercup Squash,Produce,Vegetables,claude_code,0.97,0.99,0.98,3,16.7,False,-0.7,,1,,,True,44.6,100,62,Skip,3 prior prices
Safeway,"Classique, Original Mushrooms & Truffle or Apple",8.99,8.99,each,2026-10-01T03:00:00-04:00,2026-10-07T23:59:59-04:00,8160254,,,,True,,False,77.0,✅ Good Buy,"10% below avg of $9.99, below historical min, best of 2 stores",Brie Cheese,Dairy & Eggs,Cheese (Block),claude_code,9.99,9.99,9.99,4,100.0,True,10.0,,1,,,False,57.0,100,62,Only if needed,10% below avg $9.99; Lowest seen; 4 prior prices
Safeway,Gouda or Swiss,6.99,6.99,each,2026-10-01T03:00:00-04:00,2026-10-07T23:59:59-04:00,8160254,,,,True,,False,70.0,✅ Good Buy,"Matches historical avg/min of $6.99, best of 2 stores",Gouda Cheese,Dairy & Eggs,Cheese (Block),claude_code,2.49,13.0,5.88,30,26.7,False,-19.0,3,3,6.0,Real Canadian Superstore,False,35.5,100,88,Skip,19% above average; #3 of 3 stores; 30 prior prices
Safeway,Hummus,6.49,6.49,each,2026-10-01T03:00:00-04:00,2026-10-07T23:59:59-04:00,8160254,,,,True,,False,11.0,❌ Poor Value,48% above avg of $4.38; Save-On-Foods has it for $3.49 across 5 stores,Hummus,Other,Deli (Prepared),claude_code,1.99,11.5,4.39,26,7.7,False,-47.9,,1,,,False,16.1,100,73,Skip,48% above average; 26 prior prices
Safeway,Regular Dips or Hummus,3.99,3.99,each,2026-10-01T03:00:00-04:00,2026-10-07T23:59:59-04:00,8160254,,,,True,,False,65.0,😐 Fair,No price history; best of 2 stores at $3.99,Dips,Other,Deli (Prepared),claude_code,3.0,13.99,5.49,38,76.3,False,27.3,,1,,,False,59.1,100,73,Only if needed,27% below avg $5.49; 38 prior prices
Safeway,Double Crème,5.99,5.99,each,2026-10-01T03:00:00-04:00,2026-10-07T23:59:59-04:00,8160254,,,,True,,False,77.0,✅ Good Buy,"24% below avg of $7.85, best of 2 stores",Double Crème Cheese,Dairy & Eggs,Cheese (Block),claude_code,4.99,13.99,6.88,15,56.7,False,13.0,2,2,5.99,Sobeys,False,59.1,100,81,Only if needed,13% below avg $6.88; #2 of 2 stores; 15 prior prices
Safeway,Root Beer,8.99,8.99,each,2026-10-01T03:00:00-04:00,2026-10-07T23:59:59-04:00,8160254,,,,True,no_history,False,65.0,😐 Fair,No price history; best of 2 stores at $8.99,Root Beer,Beverages,Soda/Pop,claude_code,,,,0,,False,,2,2,8.99,Sobeys,False,50.0,80,36,Only if needed,#2 of 2 stores; No price history
Safeway,Cabbage Rolls,19.99,19.99,each,2026-10-01T03:00:00-04:00,2026-10-07T23:59:59-04:00,8160254,,,,True,,False,9.0,❌ Poor Value,"72% above avg of $11.59, well above historical max of $11.99",Cabbage Rolls,Frozen,Meals/Entrees,claude_code,9.97,11.99,11.59,5,0.0,False,-72.5,2,2,19.99,Sobeys,False,25.0,100,77,Skip,72% above average; #2 of 2 stores; 5 prior prices
Safeway,Mini Watermelon,5.99,5.99,each,2026-10-01T03:00:00-04:00,2026-10-07T23:59:59-04:00,8160254,,,,True,,False,63.0,😐 Fair,Slightly below avg ($6.29). Best price across 3 stores,Watermelon (Mini),Produce,Fruit,cached,5.97,6.99,6.36,8,56.2,False,5.9,3,3,5.99,Sobeys,False,49.1,100,81,Skip,6% below avg $6.36; #3 of 3 stores; 8 prior prices
Safeway,GATORADE,7.49,7.49,each,2026-10-01T03:00:00-04:00,2026-10-07T23:59:59-04:00,8160254,,,,True,,False,60.0,😐 Fair,15% below 6-month avg of $8.84. $1.47 at Real Canadian Superstore,Energy Drink,Beverages,nan,cached,2.48,17.99,8.0,20,55.0,False,6.3,2,3,7.49,Sobeys,False,54.4,100,88,Only if needed,6% below avg $8.00; #2 of 3 stores; 20 prior prices
Safeway,Snacks,3.99,3.99,each,2026-10-01T03:00:00-04:00,2026-10-07T23:59:59-04:00,8160254,,,,True,,False,57.0,😐 Fair,17% below avg of $4.82; No Frills has similar snacks for $1.00 across 4 stores,Snacks,Snacks,Chips/Pretzels,claude_code,0.97,9.99,3.32,39,25.6,False,-20.1,,1,,,False,29.9,100,73,Skip,20% above average; 39 prior prices
Safeway,Stove Top Stuffing Mix,2.29,2.29,each,2026-10-01T03:00:00-04:00,2026-10-07T23:59:59-04:00,8160254,,,,True,no_history,False,30.0,⚠️ Below Average,$1.25 at Real Canadian Superstore,Stuffing Mix,Pantry,nan,cached,,,,0,,False,,,1,,,False,40.0,80,25,Skip,No price history
Safeway,Whole Roasted Chili Crisp Flavoured Chicken,14.99,14.99,each,2026-10-01T03:00:00-04:00,2026-10-07T23:59:59-04:00,8160254,,,,True,,False,65.0,😐 Fair,No price history; best of 2 stores at $14.99,Whole Roasted Chicken (Chili Crisp),Other,Deli (Prepared),claude_code,2.69,14.99,8.66,10,5.0,False,-73.1,,1,,,False,15.0,100,70,Skip,73% above average; 10 prior prices
Safeway,Two Tone Rope Basket with Potted Mum,21.99,21.99,each,2026-10-01T03:00:00-04:00,2026-10-07T23:59:59-04:00,8160254,,,,True,no_history,False,65.0,😐 Fair,No price history; best of 2 stores at $21.99,Potted Mum Basket,Other,Floral,claude_code,,,,0,,False,,2,2,21.99,Sobeys,False,50.0,80,36,Only if needed,#2 of 2 stores; No price history
Safeway,Miracle Whip or Mayonnaise,5.49,5.49,each,2026-10-01T03:00:00-04:00,2026-10-07T23:59:59-04:00,8160254,,,,True,,False,53.0,😐 Fair,"10% above avg of $4.99, at historical max, but best of 2 stores",Mayonnaise,Pantry,Sauces/Condiments,claude_code,2.97,9.47,6.16,41,78.0,False,10.9,,1,,,False,47.6,100,73,Skip,11% below avg $6.16; 41 prior prices
Safeway,Pistachios,10.99,10.99,each,2026-10-01T03:00:00-04:00,2026-10-07T23:59:59-04:00,8160254,,,,True,,False,20.0,❌ Poor Value,"36% above avg of $8.08, at historical max; Save-On-Foods has it for $7.99 across 3 stores",Pistachios,Snacks,Nuts/Seeds,claude_code,4.99,10.99,7.81,17,5.9,False,-40.7,3,3,7.99,Save-On-Foods,False,24.6,100,85,Skip,41% above average; #3 of 3 stores; 17 prior prices
Safeway,Curry Paste,5.49,5.49,each,2026-10-01T03:00:00-04:00,2026-10-07T23:59:59-04:00,8160254,,,,True,,False,51.0,😐 Fair,"13% above avg of $4.87, at historical max, but best of 2 stores",Curry Paste,Pantry,Sauces/Condiments,claude_code,3.99,5.49,4.87,6,0.0,False,-12.7,2,2,5.49,Sobeys,False,43.6,100,77,Skip,13% above average; #2 of 2 stores; 6 prior prices
Safeway,COMPLIMENTS Seafood Sauce,2.99,2.99,each,2026-10-01T03:00:00-04:00,2026-10-07T23:59:59-04:00,8160254,,,,True,,False,65.0,😐 Fair,No price history; best of 2 stores at $2.99,Seafood Sauce,Pantry,Sauces/Condiments,claude_code,1.0,25.0,8.1,63,79.4,False,63.1,2,2,2.99,Sobeys,False,85.0,100,84,Buy this week,63% below avg $8.10; #2 of 2 stores; 63 prior prices
Safeway,"COMPLIMENTS Baby Spinach, Baby Arugula or Spring Mix",3.99,3.99,each,2026-10-01T03:00:00-04:00,2026-10-07T23:59:59-04:00,8160254,,,,True,,False,67.0,😐 Fair,Slightly below avg ($4.49). Best price across 2 stores,Baby Spinach,Produce,nan,cached,3.99,4.99,4.82,6,83.3,True,17.3,2,2,3.99,Sobeys,False,72.1,100,77,Compare first,17% below avg $4.82; Lowest seen; #2 of 2 stores
Safeway,Flour,4.49,4.49,each,2026-10-01T03:00:00-04:00,2026-10-07T23:59:59-04:00,8160254,,,,True,,False,79.0,✅ Good Buy,"49% below avg of $8.85, but No Frills is cheaper at $3.00 across 6 stores",Flour,Pantry,Baking Supplies,claude_code,3.0,11.99,7.55,32,96.9,False,40.6,,1,,,True,73.4,100,73,Compare first,41% below avg $7.55; 32 prior prices
Safeway,Cream Cheese,3.99,3.99,each,2026-10-01T03:00:00-04:00,2026-10-07T23:59:59-04:00,8160254,,,,True,,False,52.0,😐 Fair,"9.5% below avg of $4.41, but No Frills is cheaper at $2.99 across 7 stores",Cream Cheese,Dairy & Eggs,Cheese (Block),claude_code,2.99,6.99,4.21,55,44.5,False,5.3,,1,,,True,48.7,100,73,Skip,5% below avg $4.21; 55 prior prices
Safeway,Steel Wool Soap Pads,2.99,2.99,each,2026-10-01T03:00:00-04:00,2026-10-07T23:59:59-04:00,8160254,,,,True,low_history,False,65.0,😐 Fair,No price history; matches best price among 2 stores at $2.99,Steel Wool Soap Pads,Household & Personal,Cleaning Supplies,claude_code,1.5,2.97,2.24,2,0.0,False,-33.8,2,2,2.99,Sobeys,False,33.1,90,67,Skip,34% above average; #2 of 2 stores; Only 2 prior prices
Safeway,Masala Noodles,0.39,0.39,each,2026-10-01T03:00:00-04:00,2026-10-07T23:59:59-04:00,8160254,,,,True,,False,100.0,🔥 Hot Deal,72% below avg of $1.38 and below historical min of $0.49; Superstore only slightly lower at $0.35,Masala Instant Noodles,Pantry,Pasta/Grains,claude_code,0.38,12.99,3.18,69,98.6,False,87.7,,1,,,False,75.0,100,73,Compare first,88% below avg $3.18; 69 prior prices
Safeway,Condensed Soup,2.49,2.49,each,2026-10-01T03:00:00-04:00,2026-10-07T23:59:59-04:00,8160254,,,,True,,False,49.0,⚠️ Below Average,Near average ($2.45). $1.59 at Save-On-Foods,Soup,Pantry,Soups,cached,0.99,11.99,5.06,35,60.0,False,50.8,3,5,2.24,Walmart,False,80.0,100,88,Buy this week,51% below avg $5.06; #3 of 5 stores; 35 prior prices
Safeway,Tastefuls Cat Food,5.0,5.0,each,2026-10-01T03:00:00-04:00,2026-10-07T23:59:59-04:00,8160254,,,,True,,False,100.0,🔥 Hot Deal,"69% below avg of $16.33 (n=3), best price among 3 stores at $5.00",Cat Food,Household & Personal,Pet Food/Supplies,claude_code,1.97,25.96,14.29,27,96.3,False,65.0,2,5,5.0,Sobeys,False,85.0,100,88,Buy this week,65% below avg $14.29; #2 of 5 stores; 27 prior prices
Safeway,Long Squash (Opo Squash),2.49,2.49,each,2026-10-01T03:00:00-04:00,2026-10-07T23:59:59-04:00,8160254,,,,True,no_history,False,65.0,😐 Fair,No price history; matches best price among 2 stores at $2.49,Opo Squash,Produce,Vegetables,claude_code,,,,0,,False,,2,2,2.49,Sobeys,False,50.0,80,36,Only if needed,#2 of 2 stores; No price history
Safeway,Red Carrots,1.99,1.99,each,2026-10-01T03:00:00-04:00,2026-10-07T23:59:59-04:00,8160254,,,,True,,False,48.0,⚠️ Below Average,Near average ($1.93). $1.49 at No Frills,Carrots (Red),Produce,Root Vegetables,cached,1.79,2.29,2.04,4,50.0,False,2.5,3,3,1.98,Walmart,False,46.8,100,77,Skip,#3 of 3 stores; 4 prior prices
Safeway,Biscuits,1.49,1.49,each,2026-10-01T03:00:00-04:00,2026-10-07T23:59:59-04:00,8160254,,,,True,,False,100.0,🔥 Hot Deal,"63% below avg of $4.08, best price among 4 stores at $1.49",Biscuits,Bakery,Buns/Rolls,claude_code,1.19,7.99,2.88,16,43.8,False,48.2,2,3,1.49,Sobeys,False,83.7,100,85,Buy this week,48% below avg $2.88; #2 of 3 stores; 16 prior prices
Safeway,Evaporated Milk,1.79,1.79,each,2026-10-01T03:00:00-04:00,2026-10-07T23:59:59-04:00,8160254,,,,True,,False,85.0,🔥 Hot Deal,53% below avg of $3.84; No Frills only marginally lower at $1.75 across 4 stores,Evaporated Milk,Pantry,Canned Goods,claude_code,1.5,18.99,3.53,20,75.0,False,49.3,,1,,,True,79.5,100,73,Buy this week,49% below avg $3.53; 20 prior prices
Safeway,Dip,8.49,8.49,each,2026-10-01T03:00:00-04:00,2026-10-07T23:59:59-04:00,8160254,,,,True,,False,15.0,❌ Poor Value,42% above avg of $5.97; Save-On-Foods much cheaper at $1.79 across 6 stores,Dip,Other,Deli (Prepared),claude_code,2.99,10.99,5.59,25,14.0,False,-51.8,,1,,,False,15.0,100,73,Skip,52% above average; 25 prior prices
Safeway,"Organic Bartlett, Bosc or Red Pears",5.99,5.99,each,2026-10-01T03:00:00-04:00,2026-10-07T23:59:59-04:00,8160254,,,,True,,False,65.0,😐 Fair,No price history; matches best price among 2 stores at $5.99,Pears (Bartlett),Produce,Fruit,claude_code,1.99,8.99,3.28,22,13.6,False,-82.5,5,5,2.49,No Frills,False,5.0,100,88,Skip,82% above average; 22 prior prices
Safeway,Flavoured Butter,2.99,2.99,each,2026-10-01T03:00:00-04:00,2026-10-07T23:59:59-04:00,8160254,,,,True,,False,70.0,✅ Good Buy,"At consistent historical price $2.99 (matches min/avg), best price among 2 stores",Flavoured Butter,Dairy & Eggs,Butter/Margarine,claude_code,2.99,2.99,2.99,3,33.3,True,0.0,,1,,,True,55.0,100,62,Only if needed,Lowest seen; 3 prior prices
Safeway,Premium Ice Cream 1 L,5.99,5.99,each,2026-10-01T03:00:00-04:00,2026-10-07T23:59:59-04:00,8160254,5.99,$/L,1000.0,True,,False,9.0,❌ Poor Value,"44% above avg of $4.16 (n=3), no cross-store comparison available",Premium Ice Cream,Frozen,Ice Cream/Dessert,claude_code,5.49,5.99,5.74,4,12.5,False,-4.4,,1,,,False,42.8,100,70,Skip,4 prior prices; Unit price checked $/L
Safeway,Garlic Sausage Ring,3.99,3.99,each,2026-10-01T03:00:00-04:00,2026-10-07T23:59:59-04:00,8160254,,,,True,,False,100.0,🔥 Hot Deal,"60% below avg of $10.05 and below historical min $6.99, best price among 2 stores",Garlic Sausage Ring,Other,Deli (Prepared),claude_code,6.99,11.99,10.32,3,100.0,True,61.3,2,2,3.99,Sobeys,False,95.0,100,73,Stock up,61% below avg $10.32; Lowest seen; #2 of 2 stores
Safeway,COMPLIMENTS Pita Bread,3.99,3.99,each,2026-10-01T03:00:00-04:00,2026-10-07T23:59:59-04:00,8160254,,,,True,,False,65.0,😐 Fair,No price history; matches best price among 2 stores at $3.99,Pita Bread,Bakery,Bread,claude_code,2.49,3.99,3.24,4,0.0,False,-23.1,3,3,2.49,Real Canadian Superstore,True,38.5,100,77,Skip,23% above average; #3 of 3 stores; 4 prior prices
Safeway,Salsa,5.99,5.99,each,2026-10-01T03:00:00-04:00,2026-10-07T23:59:59-04:00,8160254,,,,True,,False,33.0,⚠️ Below Average,17% above avg of $5.11; Save-On-Foods cheaper at $3.79 across 3 stores,Salsa,Pantry,Sauces/Condiments,claude_code,2.99,9.0,4.87,26,19.2,False,-22.9,3,3,3.79,Save-On-Foods,False,33.5,100,88,Skip,23% above average; #3 of 3 stores; 26 prior prices
Safeway,Dry Cured Sliced Salami,7.99,7.99,each,2026-10-01T03:00:00-04:00,2026-10-07T23:59:59-04:00,8160254,,,,True,,False,66.0,😐 Fair,"8.8% below avg of $8.76, best price among 2 stores at $7.99","Salami (Dry Cured, Sliced)",Other,Deli (Prepared),claude_code,5.49,11.79,7.29,12,16.7,False,-9.6,2,2,7.99,Sobeys,False,45.2,100,81,Skip,10% above average; #2 of 2 stores; 12 prior prices
Safeway,MultiGummies,21.99,21.99,each,2026-10-01T03:00:00-04:00,2026-10-07T23:59:59-04:00,8160254,,,,True,,False,39.0,⚠️ Below Average,"31% above avg of $16.85, priced at historical max, though best among 2 stores",Multivitamin Gummies,Household & Personal,Health/Pharmacy,claude_code,10.88,16.99,14.95,3,0.0,False,-47.1,2,2,21.99,Sobeys,False,26.4,100,73,Skip,47% above average; #2 of 2 stores; 3 prior prices
Safeway,Pumpkin Carriage Planter,32.99,32.99,each,2026-10-01T03:00:00-04:00,2026-10-07T23:59:59-04:00,8160254,,,,True,no_history,False,65.0,😐 Fair,No price history; matches best price among 2 stores at $32.99,Pumpkin Carriage Planter,Other,Seasonal,claude_code,,,,0,,False,,2,2,32.99,Sobeys,False,50.0,80,36,Only if needed,#2 of 2 stores; No price history
Safeway,"Prosciutto or Genoa Hot or Mild Salami, Soppressata, Salami with Prosciutto or Hot Calabrese",4.49,4.49,each,2026-10-01T03:00:00-04:00,2026-10-07T23:59:59-04:00,8160254,,,,True,,False,65.0,😐 Fair,No price history; matches best price among 2 stores at $4.49,Prosciutto,Other,Deli (Prepared),claude_code,6.29,6.99,6.87,6,100.0,True,34.7,2,3,4.49,Sobeys,False,84.3,100,81,Buy this week,35% below avg $6.87; Lowest seen; #2 of 3 stores
Safeway,Natural Selections Turkey or Ham,4.29,4.29,each,2026-10-01T03:00:00-04:00,2026-10-07T23:59:59-04:00,8160254,,,,True,,False,73.0,✅ Good Buy,"4.5% below avg of $4.49 and at historical min, best price among 2 stores",Sliced Turkey,Other,Deli (Prepared),claude_code,3.5,14.99,7.75,41,97.6,False,44.6,,1,,,False,71.2,100,73,Compare first,45% below avg $7.75; 41 prior prices
Safeway,COMPLIMENTS Bone-In Ham Steak or Honey Ham,6.49,6.49,each,2026-10-01T03:00:00-04:00,2026-10-07T23:59:59-04:00,8160254,,,,True,,False,60.0,😐 Fair,Best price across 2 stores,Ham Steak (Bone-In),Pork,nan,cached,2.79,12.97,5.64,21,26.2,False,-15.1,2,2,6.49,Sobeys,False,42.5,100,84,Skip,15% above average; #2 of 2 stores; 21 prior prices
Safeway,Chili Crisp Flavoured Chicken Strips,2.49,2.49,each,2026-10-01T03:00:00-04:00,2026-10-07T23:59:59-04:00,8160254,,,,True,,False,65.0,😐 Fair,No price history; matches best price among 2 stores at $2.49,Chicken Strips (Chili Crisp Flavoured),Other,Deli (Prepared),claude_code,2.69,14.99,8.15,9,100.0,True,69.4,,1,,,False,85.0,100,66,Buy this week,69% below avg $8.15; Lowest seen; 9 prior prices
Safeway,Pizza Pockets,13.99,13.99,each,2026-10-01T03:00:00-04:00,2026-10-07T23:59:59-04:00,8160254,,,,True,,False,0.0,❌ Poor Value,"153% above avg of $5.52, far above historical max of $7.99",Pizza Pockets,Frozen,Pizza,claude_code,3.49,7.99,5.55,21,0.0,False,-152.2,2,2,13.99,Sobeys,False,25.0,100,84,Skip,152% above average; #2 of 2 stores; 21 prior prices
Safeway,COMPLIMENTS Orange Juice,4.99,4.99,each,2026-10-01T03:00:00-04:00,2026-10-07T23:59:59-04:00,8160254,,,,True,,False,86.0,🔥 Hot Deal,LOWEST PRICE in 6 months (usually $6.49). Best price across 2 stores,Orange Juice,Beverages,Juice,cached,3.99,9.99,5.86,66,68.2,False,14.8,5,7,4.97,Walmart,True,45.4,100,88,Skip,15% below avg $5.86; 66 prior prices
Safeway,Sauces,4.49,4.49,each,2026-10-01T03:00:00-04:00,2026-10-07T23:59:59-04:00,8160254,,,,True,,False,44.0,⚠️ Below Average,2% above avg of $4.40; Superstore cheaper at $2.97 across 3 stores,Sauce,Pantry,Sauces/Condiments,claude_code,1.25,6.99,3.94,22,31.8,False,-14.0,,1,,,False,33.0,100,73,Skip,14% above average; 22 prior prices
Safeway,Bathroom Tissue,15.99,15.99,each,2026-10-01T03:00:00-04:00,2026-10-07T23:59:59-04:00,8160254,,,,True,,False,50.0,😐 Fair,"6.6% below noisy avg of $17.11, but Save-On-Foods much cheaper at $6.99 across 6 stores",Bathroom Tissue,Household & Personal,Paper Products,claude_code,3.49,699.0,18.69,134,30.6,False,14.5,5,7,6.99,Save-On-Foods,False,40.1,100,88,Skip,14% below avg $18.69; 134 prior prices
Safeway,Canadian Harvest Bouquet,31.99,31.99,each,2026-10-01T03:00:00-04:00,2026-10-07T23:59:59-04:00,8160254,,,,True,,False,50.0,😐 Fair,No price history; Save-On-Foods cheaper at $24.99 across 3 stores,Flower Bouquet,Other,Floral,claude_code,5.99,34.99,22.44,20,10.0,False,-42.6,2,2,18.99,Save-On-Foods,False,28.7,100,84,Skip,43% above average; #2 of 2 stores; 20 prior prices
Safeway,Gravy,1.79,1.79,each,2026-10-01T03:00:00-04:00,2026-10-07T23:59:59-04:00,8160254,,,,True,,False,77.0,✅ Good Buy,"46% below avg of $3.29, though No Frills much cheaper at $0.79 across 6 stores",Gravy,Pantry,Sauces/Condiments,claude_code,0.79,14.99,3.29,10,40.0,False,45.6,2,2,1.79,Sobeys,False,81.9,100,81,Buy this week,46% below avg $3.29; #2 of 2 stores; 10 prior prices
Safeway,Ornamental Pepper Plant Assorted Colours,11.99,11.99,each,2026-10-01T03:00:00-04:00,2026-10-07T23:59:59-04:00,8160254,,,,True,no_history,False,45.0,⚠️ Below Average,No price history or cross-store data available for this seasonal item,Ornamental Pepper Plant,Other,Floral,claude_code,,,,0,,False,,2,2,11.99,Sobeys,False,50.0,80,36,Only if needed,#2 of 2 stores; No price history
Safeway,Long English Cucumbers,1.99,1.99,each,2026-10-01T03:00:00-04:00,2026-10-07T23:59:59-04:00,8160254,,,,True,,False,58.0,😐 Fair,Slightly below avg ($2.25). $1.29 at Calgary Co-op,Cucumbers (Long English),Produce,Vegetables,cached,0.99,5.0,2.35,12,37.5,False,15.3,3,3,1.29,Calgary Co-op,False,55.7,100,85,Only if needed,15% below avg $2.35; #3 of 3 stores; 12 prior prices
Safeway,Kolbassa Sausage,6.99,6.99,each,2026-10-01T03:00:00-04:00,2026-10-07T23:59:59-04:00,8160254,,,,True,,False,64.0,😐 Fair,"5.7% below avg of $7.41, best price among 2 stores at $6.99",Kolbassa Sausage,Pork,Sausage (Fresh),claude_code,2.99,7.99,6.88,9,55.6,False,-1.6,2,2,6.99,Sobeys,False,49.2,100,77,Skip,#2 of 2 stores; 9 prior prices
Safeway,Pie Fillings 105-164 g or Mousse selected 28-120 g or BETTY CROCKER Super Moist Cake Mix selected 375-404 g,2.49,2.49,each,2026-10-01T03:00:00-04:00,2026-10-07T23:59:59-04:00,8160254,15.18,$/kg,164.0,True,,False,45.0,⚠️ Below Average,No price history or cross-store data; unit price $15.18/kg,Pie Filling,Pantry,Baking Supplies,claude_code,4.49,6.99,5.96,15,100.0,True,58.2,2,4,2.49,Sobeys,False,100.0,100,93,Stock up,58% below avg $5.96; Lowest seen; #2 of 4 stores
Safeway,Flavoured Shells,5.49,5.49,each,2026-10-01T03:00:00-04:00,2026-10-07T23:59:59-04:00,8160254,,,,True,,False,53.0,😐 Fair,"10% above small-sample avg of $4.99 (n=2), still best price among 2 stores",Flavoured Pasta Shells,Pantry,Pasta/Grains,claude_code,2.29,9.99,5.75,10,30.0,False,4.6,,1,,,False,43.2,100,70,Skip,10 prior prices
Safeway,Seasoned Boneless Turkey Breast Roast,25.0,25.0,each,2026-10-01T03:00:00-04:00,2026-10-07T23:59:59-04:00,8160254,,,,True,,False,65.0,😐 Fair,No price history; matches best price among 2 stores at $25.00,"Turkey Breast Roast (Boneless, Seasoned)",Poultry,Turkey,claude_code,5.54,9.99,7.02,3,0.0,False,-256.0,2,2,25.0,Sobeys,False,25.0,100,73,Skip,256% above average; #2 of 2 stores; 3 prior prices
Safeway,K-Cup® Pods,12.99,12.99,each,2026-10-01T03:00:00-04:00,2026-10-07T23:59:59-04:00,8160254,,,,True,,False,83.0,✅ Good Buy,33% below 6-month avg of $19.49. Best price across 2 stores,K-Cup Pods,Beverages,nan,cached,11.99,37.99,22.1,9,55.6,False,41.2,2,8,12.99,Sobeys,False,78.8,100,81,Buy this week,41% below avg $22.10; #2 of 8 stores; 9 prior prices
Safeway,Coconut Water,3.49,3.49,each,2026-10-01T03:00:00-04:00,2026-10-07T23:59:59-04:00,8160254,,,,True,,False,57.0,😐 Fair,"4.5% above avg of $3.34, still best price among 2 stores at $3.49",Coconut Water,Beverages,Juice,claude_code,1.49,6.0,3.3,31,30.6,False,-5.8,2,2,3.49,Sobeys,False,47.1,100,84,Skip,6% above average; #2 of 2 stores; 31 prior prices
Safeway,Back Bacon or Bacon,7.49,7.49,each,2026-10-01T03:00:00-04:00,2026-10-07T23:59:59-04:00,8160254,,,,True,,False,65.0,😐 Fair,No price history; matches best price among 2 stores at $7.49,Back Bacon,Pork,Bacon,claude_code,6.49,7.99,7.4,17,41.2,False,-1.2,2,2,7.49,Sobeys,True,54.4,100,81,Only if needed,#2 of 2 stores; 17 prior prices
Safeway,Whole Bean Coffee,14.99,14.99,each,2026-10-01T03:00:00-04:00,2026-10-07T23:59:59-04:00,8160254,,,,True,,False,63.0,😐 Fair,"26% below avg of $20.17, though Save-On-Foods cheaper at $10.99 across 4 stores",Whole Bean Coffee,Beverages,Coffee,claude_code,15.99,28.99,19.55,16,100.0,True,23.3,2,7,10.99,Save-On-Foods,True,81.3,100,85,Buy this week,23% below avg $19.55; Lowest seen; #2 of 7 stores
Safeway,Hydration Mix,19.99,19.99,each,2026-10-01T03:00:00-04:00,2026-10-07T23:59:59-04:00,8160254,,,,True,low_history,False,70.0,✅ Good Buy,"At consistent historical price $19.99, best price among 2 stores",Hydration Mix,Beverages,Energy/Sports Drinks,claude_code,19.99,19.99,19.99,2,25.0,True,0.0,2,2,19.99,Sobeys,False,60.0,90,67,Only if needed,Lowest seen; #2 of 2 stores; Only 2 prior prices
Safeway,Green Tea,5.99,5.99,each,2026-10-01T03:00:00-04:00,2026-10-07T23:59:59-04:00,8160254,,,,True,,False,65.0,😐 Fair,No price history; matches best price among 2 stores at $5.99,Green Tea,Beverages,Tea,claude_code,4.0,5.99,5.0,5,10.0,False,-19.9,2,2,5.99,Sobeys,False,40.0,100,77,Skip,20% above average; #2 of 2 stores; 5 prior prices
Safeway,COMPLIMENTS Ground Pork,6.0,6.0,each,2026-10-01T03:00:00-04:00,2026-10-07T23:59:59-04:00,8160254,,,,True,,False,70.0,✅ Good Buy,LOWEST PRICE in 6 months (usually $6.00). Best price across 2 stores,Ground Pork,Pork,Ground Pork,cached,6.0,6.0,6.0,4,37.5,True,0.0,2,2,6.0,Sobeys,False,60.0,100,73,Only if needed,Lowest seen; #2 of 2 stores; 4 prior prices
Safeway,Fresh Pork Loin Center and Rib Combo Chops,4.99,4.99,each,2026-10-01T03:00:00-04:00,2026-10-07T23:59:59-04:00,8160254,,,,True,,False,52.0,😐 Fair,Above average (usually $4.32). Best price across 2 stores,Pork Chops (Loin Center and Rib Combo),Pork,Chops,cached,3.49,4.99,4.19,5,0.0,False,-19.1,2,2,4.99,Sobeys,False,40.5,100,77,Skip,19% above average; #2 of 2 stores; 5 prior prices
Safeway,COMPLIMENTS Ham Sausage or Boneless Smoked Ham,4.99,4.99,each,2026-10-01T03:00:00-04:00,2026-10-07T23:59:59-04:00,8160254,,,,True,,False,65.0,😐 Fair,No price history; matches best price among 2 stores at $4.99,Ham Sausage,Pork,Ham,claude_code,2.99,14.99,7.96,48,68.8,False,37.3,2,2,4.99,Sobeys,False,76.1,100,84,Buy this week,37% below avg $7.96; #2 of 2 stores; 48 prior prices
Safeway,Coffee-Mate Creamers,5.49,5.49,each,2026-10-01T03:00:00-04:00,2026-10-07T23:59:59-04:00,8160254,,,,True,,False,57.0,😐 Fair,Near average ($5.24). Best price across 2 stores,Coffee Creamer,Dairy & Eggs,Coffee Enhancer,cached,2.97,6.99,5.27,17,35.3,False,-4.2,,1,,,True,42.9,100,70,Skip,17 prior prices
Safeway,Chef's Signature Bricks,4.99,4.99,each,2026-10-01T03:00:00-04:00,2026-10-07T23:59:59-04:00,8160254,,,,True,,False,65.0,😐 Fair,No price history; matches best price among 2 stores at $4.99,Cheese Brick,Dairy & Eggs,Cheese (Block),claude_code,3.99,3.99,3.99,3,0.0,False,-25.1,,1,,,False,27.4,100,62,Skip,25% above average; 3 prior prices
Safeway,AMY'S KITCHEN Burritos,9.0,9.0,each,2026-10-01T03:00:00-04:00,2026-10-07T23:59:59-04:00,8160254,,,,True,,False,15.0,❌ Poor Value,Above average (usually $4.49),Burritos,Frozen,Meals/Entrees,cached,1.29,9.0,3.28,11,-0.0,False,-174.5,2,2,9.0,Sobeys,False,25.0,100,81,Skip,174% above average; #2 of 2 stores; 11 prior prices
Safeway,Twirl,2.99,2.99,each,2026-10-01T03:00:00-04:00,2026-10-07T23:59:59-04:00,8160254,,,,True,,False,65.0,😐 Fair,No price history; matches best price among 2 stores at $2.99,Twirl Chocolate Bar,Snacks,Candy/Chocolate,claude_code,0.99,15.48,4.42,176,61.1,False,32.4,,1,,,False,62.7,100,73,Only if needed,32% below avg $4.42; 176 prior prices
Safeway,Real Cream Layer Cakes,12.99,12.99,each,2026-10-01T03:00:00-04:00,2026-10-07T23:59:59-04:00,8160254,,,,True,,False,78.0,✅ Good Buy,26% below 6-month avg of $17.50. Best price across 2 stores,Cream Layer Cakes,Bakery,Cakes,cached,3.5,25.0,8.3,37,17.6,False,-56.6,2,2,12.99,Sobeys,False,25.0,100,84,Skip,57% above average; #2 of 2 stores; 37 prior prices
Safeway,Mini Hummus,5.49,5.49,each,2026-10-01T03:00:00-04:00,2026-10-07T23:59:59-04:00,8160254,,,,True,,False,53.0,😐 Fair,"10% above avg of $4.99 (n=8), still best price among 2 stores",Mini Hummus,Other,Deli (Prepared),claude_code,3.49,9.0,4.69,10,20.0,False,-17.0,2,2,5.49,Sobeys,False,41.5,100,81,Skip,17% above average; #2 of 2 stores; 10 prior prices
Safeway,Herring Fillets,4.29,4.29,each,2026-10-01T03:00:00-04:00,2026-10-07T23:59:59-04:00,8160254,,,,True,,False,55.0,😐 Fair,"8% above avg of $3.99, but still the best price across 2 stores",Herring Fillets,Seafood,Fish Fillets,claude_code,3.99,3.99,3.99,5,0.0,False,-7.5,2,2,4.29,Sobeys,False,46.2,100,77,Skip,8% above average; #2 of 2 stores; 5 prior prices
Safeway,Basmati Rice,8.99,8.99,each,2026-10-01T03:00:00-04:00,2026-10-07T23:59:59-04:00,8160254,,,,True,,False,57.0,😐 Fair,"15% below avg of $10.57, but Real Canadian Superstore has it for $7.99 (best of 5 stores)",Basmati Rice,Pantry,Rice,claude_code,5.79,14.99,10.82,46,65.2,False,16.9,,1,,,True,56.8,100,73,Only if needed,17% below avg $10.82; 46 prior prices
Safeway,Probiotic Soda,2.69,2.69,each,2026-10-01T03:00:00-04:00,2026-10-07T23:59:59-04:00,8160254,,,,True,low_history,False,100.0,🔥 Hot Deal,"55% below avg of $6.00, at historical low, best price across 2 stores",Probiotic Soda,Beverages,Soda/Pop,claude_code,6.0,6.0,6.0,2,100.0,True,55.2,2,2,2.69,Sobeys,False,95.0,90,67,Buy this week,55% below avg $6.00; Lowest seen; #2 of 2 stores
Safeway,Popcorn,4.99,4.99,each,2026-10-01T03:00:00-04:00,2026-10-07T23:59:59-04:00,8160254,,,,True,,False,63.0,😐 Fair,"26% below avg of $6.78, but Save-On-Foods offers $3.00 (best of 5 stores)",Popcorn,Snacks,Chips/Pretzels,claude_code,3.0,10.97,5.07,24,31.2,False,1.6,,1,,,False,41.1,100,73,Skip,24 prior prices
Safeway,COMPLIMENTS Broth,1.99,1.99,each,2026-10-01T03:00:00-04:00,2026-10-07T23:59:59-04:00,8160254,,,,True,,False,95.0,🔥 Hot Deal,LOWEST PRICE in 6 months (usually $3.14). Best price across 2 stores,Broth,Pantry,Soups,cached,1.25,9.99,3.8,24,64.6,False,47.6,3,7,1.47,Walmart,False,78.3,100,88,Buy this week,48% below avg $3.80; #3 of 7 stores; 24 prior prices
Safeway,Max,9.99,9.99,each,2026-10-01T03:00:00-04:00,2026-10-07T23:59:59-04:00,8160254,,,,True,,False,92.0,🔥 Hot Deal,"67% below avg of $30.19 (wide historical range), though Real Canadian Superstore has it for $5.97",Max,Other,General,claude_code,2.5,599.97,30.19,118,57.6,False,66.9,2,2,9.99,Sobeys,False,85.0,100,84,Buy this week,67% below avg $30.19; #2 of 2 stores; 118 prior prices
Safeway,K-Cup® Pods,39.99,39.99,each,2026-10-01T03:00:00-04:00,2026-10-07T23:59:59-04:00,8160254,,,,True,,False,25.0,❌ Poor Value,Above average (usually $19.49). $12.99 at Safeway,K-Cup Pods,Beverages,nan,cached,11.99,37.99,22.1,9,0.0,False,-80.9,8,8,12.99,Sobeys,False,5.0,100,81,Skip,81% above average; 9 prior prices
Safeway,COMPLIMENTS Boneless Skinless Chicken Thighs or Split Chicken Wings,6.99,6.99,each,2026-10-01T03:00:00-04:00,2026-10-07T23:59:59-04:00,8160254,,,,True,,False,65.0,😐 Fair,No price history available; best price across 2 stores at $6.99,Chicken Thighs (Boneless Skinless),Poultry,Chicken Thighs/Legs,claude_code,5.54,29.0,9.69,65,63.8,False,27.9,,1,,,False,59.5,100,73,Only if needed,28% below avg $9.69; 65 prior prices
Safeway,BUBLY Sparkling Water,5.99,5.99,each,2026-10-01T03:00:00-04:00,2026-10-07T23:59:59-04:00,8160254,,,,True,,False,64.0,😐 Fair,Slightly below avg ($6.42). Best price across 2 stores,Sparkling Water,Beverages,Soda/Pop,cached,0.87,13.99,6.24,89,42.7,False,4.0,,1,,,False,42.8,100,73,Skip,89 prior prices
Safeway,Roast & Ground Coffee,19.99,19.99,each,2026-10-01T03:00:00-04:00,2026-10-07T23:59:59-04:00,8160254,,,,True,,False,25.0,❌ Poor Value,Above average (usually $13.18). $15.97 at Real Canadian Superstore,Coffee,Beverages,Coffee,cached,7.49,25.99,15.83,56,21.4,False,-26.3,5,5,10.99,Calgary Co-op,True,21.9,100,88,Skip,26% above average; 56 prior prices
Safeway,Applewood Smoked Bone-In Ham,2.99,2.99,each,2026-10-01T03:00:00-04:00,2026-10-07T23:59:59-04:00,8160254,,,,True,,False,65.0,😐 Fair,No price history available; best price across 2 stores at $2.99,"Ham (Bone-In, Smoked)",Pork,Ham,claude_code,3.99,9.99,6.79,5,100.0,True,55.9,,1,,,False,85.0,100,66,Buy this week,56% below avg $6.79; Lowest seen; 5 prior prices
Safeway,"COMPLIMENTS Apple, Apple Crumble or Pumpkin Pie, Muffins",5.99,5.99,each,2026-10-01T03:00:00-04:00,2026-10-07T23:59:59-04:00,8160254,,,,True,,False,75.0,✅ Good Buy,"8% below avg of $6.49, at historical low, best price across 2 stores",Apple Pie,Bakery,Desserts/Cakes,claude_code,5.99,6.99,6.49,4,62.5,True,7.7,,1,,,False,55.4,100,62,Only if needed,8% below avg $6.49; Lowest seen; 4 prior prices
Safeway,COMPLIMENTS Smoked Sausages,9.99,9.99,each,2026-10-01T03:00:00-04:00,2026-10-07T23:59:59-04:00,8160254,,,,True,,False,66.0,😐 Fair,Slightly below avg ($10.99). Best price across 2 stores,Smoked Sausages,Meat,Sausage,cached,4.99,13.99,10.36,16,59.4,False,3.6,3,3,6.99,Real Canadian Superstore,False,47.5,100,85,Skip,#3 of 3 stores; 16 prior prices
Safeway,Ice Cream,4.94,4.94,each,2026-10-01T03:00:00-04:00,2026-10-07T23:59:59-04:00,8160254,,,,True,,False,72.0,✅ Good Buy,"35% below avg of $7.62, though Real Canadian Superstore offers $3.97 (best of 5 stores)",Ice Cream,Frozen,Ice Cream/Dessert,claude_code,2.97,10.97,6.04,104,71.6,False,18.3,,1,,,False,52.8,100,73,Only if needed,18% below avg $6.04; 104 prior prices
Safeway,Cheese,5.97,5.97,each,2026-10-01T03:00:00-04:00,2026-10-07T23:59:59-04:00,8160254,,,,True,,False,56.0,😐 Fair,"15% below avg of $7.03, but Real Canadian Superstore has cheese for $1.25 (best of 7 stores)",Cheese,Dairy & Eggs,Cheese (Block),claude_code,2.97,20.0,8.16,76,75.7,False,26.9,2,3,5.97,Sobeys,True,73.8,100,88,Compare first,27% below avg $8.16; #2 of 3 stores; 76 prior prices
Safeway,Raspberries,5.0,5.0,each,2026-10-01T03:00:00-04:00,2026-10-07T23:59:59-04:00,8160254,,,,True,,False,45.0,⚠️ Below Average,"Essentially at avg price of $5.02, Walmart offers $2.84 (best of 4 stores)",Raspberries,Produce,Fruit,claude_code,2.49,8.99,5.19,38,34.2,False,3.6,3,3,2.84,Walmart,False,47.5,100,88,Skip,#3 of 3 stores; 38 prior prices
Safeway,COMPLIMENTS Potatoes,3.99,3.99,each,2026-10-01T03:00:00-04:00,2026-10-07T23:59:59-04:00,8160254,,,,True,,False,89.0,🔥 Hot Deal,LOWEST PRICE in 6 months (usually $5.49). Best price across 2 stores,Potatoes,Produce,nan,cached,1.97,9.0,5.6,22,77.3,False,28.8,2,2,3.99,Sobeys,True,75.2,100,84,Compare first,29% below avg $5.60; #2 of 2 stores; 22 prior prices
Safeway,Fresh Boneless Top Sirloin Premium Oven Roast or Family Size Grilling Steaks,9.88,9.88,each,2026-10-01T03:00:00-04:00,2026-10-07T23:59:59-04:00,8160254,,,,True,,False,86.0,🔥 Hot Deal,"37% below avg of $15.71, best price across 2 stores",Top Sirloin Oven Roast (Boneless),Beef,Roast,claude_code,3.49,30.99,17.06,95,88.9,False,42.1,,1,,,False,69.5,100,73,Only if needed,42% below avg $17.06; 95 prior prices
Safeway,COMPLIMENTS OR THE CANADIAN BUTCHER Bacon,4.99,4.99,each,2026-10-01T03:00:00-04:00,2026-10-07T23:59:59-04:00,8160254,,,,True,,False,79.0,✅ Good Buy,LOWEST PRICE in 6 months (usually $5.79). Best price across 2 stores,Bacon,Pork,Bacon,cached,3.5,25.99,6.85,59,73.7,False,27.2,5,7,2.99,Sobeys,True,54.0,100,88,Only if needed,27% below avg $6.85; 59 prior prices
Safeway,Frozen Vegetables or Valley Selections,5.0,5.0,each,2026-10-01T03:00:00-04:00,2026-10-07T23:59:59-04:00,8160254,,,,True,,False,58.0,😐 Fair,"3% above avg of $4.86, but still best price across 2 stores",Frozen Vegetables,Frozen,Fruit/Vegetables,claude_code,2.96,17.99,5.43,23,30.4,False,7.9,3,5,2.77,No Frills,False,50.5,100,88,Only if needed,8% below avg $5.43; #3 of 5 stores; 23 prior prices
Safeway,Potato Chips,2.75,2.75,each,2026-10-01T03:00:00-04:00,2026-10-07T23:59:59-04:00,8160254,,,,True,,False,80.0,✅ Good Buy,"42% below avg of $4.78, close to best price of $2.50 at Real Canadian Superstore",Potato Chips,Snacks,Chips/Pretzels,claude_code,1.43,12.99,4.91,130,82.7,False,44.0,4,12,2.5,Real Canadian Superstore,False,60.8,100,88,Only if needed,44% below avg $4.91; 130 prior prices
Safeway,Snacking or Mini Crackers,1.97,1.97,each,2026-10-01T03:00:00-04:00,2026-10-07T23:59:59-04:00,8160254,,,,True,,False,100.0,🔥 Hot Deal,"65% below avg of $5.59, below historical low, best price across 2 stores",Crackers (Snacking/Mini),Snacks,Crackers,claude_code,2.22,7.0,5.07,21,100.0,True,61.1,,1,,,False,85.0,100,73,Buy this week,61% below avg $5.07; Lowest seen; 21 prior prices
Safeway,Original,9.99,9.99,each,2026-10-01T03:00:00-04:00,2026-10-07T23:59:59-04:00,8160254,,,,True,,False,47.0,⚠️ Below Average,"Near avg of $10.32, but Calgary Co-op has it for $2.99 (best of 4 stores)",Original,Other,General,claude_code,0.99,457.0,10.32,207,26.3,False,3.2,2,2,9.99,Sobeys,False,52.2,100,84,Only if needed,#2 of 2 stores; 207 prior prices
Safeway,Bacon,2.99,2.99,each,2026-10-01T03:00:00-04:00,2026-10-07T23:59:59-04:00,8160254,,,,True,,False,100.0,🔥 Hot Deal,"64% below avg of $8.40, below historical low, best price across 5 stores",Bacon,Pork,Bacon,claude_code,3.5,25.99,6.85,59,100.0,True,56.4,2,7,2.99,Sobeys,True,100.0,100,88,Stock up,56% below avg $6.85; Lowest seen; #2 of 7 stores
Safeway,Bacon,17.99,17.99,each,2026-10-01T03:00:00-04:00,2026-10-07T23:59:59-04:00,8160254,,,,True,,False,0.0,❌ Poor Value,"114% above avg of $8.40, far above the $2.99 best price found elsewhere",Bacon,Pork,Bacon,claude_code,3.5,25.99,6.85,59,1.7,False,-162.5,7,7,2.99,Sobeys,True,10.0,100,88,Skip,162% above average; 59 prior prices
Safeway,Fresh Boneless Stewing Beef or Fresh Boneless Sirloin Tip Oven Roast or Marinating Steak,11.99,11.99,each,2026-10-01T03:00:00-04:00,2026-10-07T23:59:59-04:00,8160254,,,,True,,False,65.0,😐 Fair,No price history available; best price across 2 stores at $11.99,Stewing Beef (Boneless),Beef,Other Beef,claude_code,8.88,19.99,13.62,40,60.0,False,12.0,2,2,11.99,Sobeys,False,58.4,100,84,Only if needed,12% below avg $13.62; #2 of 2 stores; 40 prior prices
Safeway,COMPLIMENTS Fresh AIR-CHILLED Chicken Breast,5.99,5.99,each,2026-10-01T03:00:00-04:00,2026-10-07T23:59:59-04:00,8160254,,,,True,,False,59.0,😐 Fair,"2% above avg of $5.87, but still best price across 2 stores",Chicken Breast (Air-Chilled),Poultry,Chicken Breast,claude_code,3.49,8.99,5.8,67,43.3,False,-3.3,2,2,5.99,Sobeys,True,53.4,100,84,Only if needed,#2 of 2 stores; 67 prior prices
Safeway,"Fresh, Never Frozen 100% Canadian Ground Beef Patties",10.99,10.99,each,2026-10-01T03:00:00-04:00,2026-10-07T23:59:59-04:00,8160254,,,,True,,False,61.0,😐 Fair,Slightly below avg ($11.24). Best price across 2 stores,Ground Beef Patties,Beef,nan,cached,9.99,11.99,11.28,7,57.1,False,2.5,2,2,10.99,Sobeys,True,56.8,100,77,Only if needed,#2 of 2 stores; 7 prior prices
Safeway,"COMPLIMENTS Beef, Chicken or Vegetable Lasagna or Macaroni & Cheese",10.99,10.99,each,2026-10-01T03:00:00-04:00,2026-10-07T23:59:59-04:00,8160254,,,,True,,False,70.0,✅ Good Buy,LOWEST PRICE in 6 months (usually $10.99). Best price across 2 stores,Lasagna,Frozen,nan,cached,4.49,15.99,8.84,10,20.0,False,-24.3,4,4,2.49,Sobeys,True,22.9,100,85,Skip,24% above average; 10 prior prices
Safeway,Sausage Stuffed Mushroom Caps or Portabella Mushroom Caps,5.99,5.99,each,2026-10-01T03:00:00-04:00,2026-10-07T23:59:59-04:00,8160254,,,,True,,False,70.0,✅ Good Buy,"At historical price of $5.99 (only 2 data points), at/below min, best price across 2 stores",Stuffed Mushroom Caps (Sausage),Other,Deli (Prepared),claude_code,2.49,5.99,5.07,10,15.0,False,-18.1,,1,,,False,30.9,100,70,Skip,18% above average; 10 prior prices
Safeway,Turkey Bacon,5.99,5.99,each,2026-10-01T03:00:00-04:00,2026-10-07T23:59:59-04:00,8160254,,,,True,,False,74.0,✅ Good Buy,"5% below avg of $6.33, at historical low, best price across 2 stores",Turkey Bacon,Poultry,Turkey,claude_code,5.99,6.49,6.29,3,66.7,True,4.7,2,2,5.99,Sobeys,True,68.3,100,73,Only if needed,Lowest seen; #2 of 2 stores; 3 prior prices
Safeway,Fresh Pork Shoulder Blade Roasts or Steak,4.49,4.49,each,2026-10-01T03:00:00-04:00,2026-10-07T23:59:59-04:00,8160254,,,,True,,False,53.0,😐 Fair,Above average (usually $3.97). Best price across 2 stores,Pork Shoulder Blade Roast,Pork,Roast,cached,3.27,4.49,3.83,7,7.1,False,-17.2,2,2,4.49,Sobeys,False,41.4,100,77,Skip,17% above average; #2 of 2 stores; 7 prior prices
Safeway,COMPLIMENTS Ground Chicken or Turkey,6.0,6.0,each,2026-10-01T03:00:00-04:00,2026-10-07T23:59:59-04:00,8160254,,,,True,,False,70.0,✅ Good Buy,"Matches historical price of $6.00, best price across 2 stores",Ground Chicken,Poultry,Ground Poultry,claude_code,4.0,9.0,7.61,9,88.9,False,21.1,2,2,6.0,Sobeys,False,64.8,100,77,Only if needed,21% below avg $7.61; #2 of 2 stores; 9 prior prices
Safeway,Pork Back Ribs,9.99,9.99,each,2026-10-01T03:00:00-04:00,2026-10-07T23:59:59-04:00,8160254,,,,True,,False,46.0,⚠️ Below Average,Slightly below avg ($10.22). $6.99 at Calgary Co-op,Pork Ribs,Pork,nan,cached,5.49,14.99,10.49,3,66.7,False,4.8,3,3,6.99,Calgary Co-op,False,48.4,100,77,Skip,#3 of 3 stores; 3 prior prices
Safeway,COMPLIMENTS Chicken or Beef Individual Pot Pies,11.99,11.99,each,2026-10-01T03:00:00-04:00,2026-10-07T23:59:59-04:00,8160254,,,,True,,False,73.0,✅ Good Buy,LOWEST PRICE in 6 months (usually $12.66). Best price across 2 stores,Pot Pies (Individual),Frozen,Meals/Entrees,cached,11.99,12.99,12.59,5,70.0,True,4.8,2,2,11.99,Sobeys,False,63.4,100,77,Only if needed,Lowest seen; #2 of 2 stores; 5 prior prices
Safeway,MAPLE LODGE FARMS Chicken Sausage,5.99,5.99,each,2026-10-01T03:00:00-04:00,2026-10-07T23:59:59-04:00,8160254,,,,True,,False,50.0,😐 Fair,LOWEST PRICE in 6 months (usually $5.99),Chicken Sausage,Poultry,Sausage (Poultry),cached,3.6,5.99,5.51,10,35.0,False,-8.7,2,2,5.99,Sobeys,False,45.6,100,81,Skip,9% above average; #2 of 2 stores; 10 prior prices
Safeway,Fresh Boneless Peeled Top Blade/Flat Iron Simmering Steak,19.99,19.99,each,2026-10-01T03:00:00-04:00,2026-10-07T23:59:59-04:00,8160254,,,,True,,False,70.0,✅ Good Buy,"Matches historical avg/min of $19.99, best price across 2 stores",Flat Iron Steak (Boneless),Beef,Steak,claude_code,19.99,19.99,19.99,4,37.5,True,0.0,,1,,,False,50.0,100,62,Only if needed,Lowest seen; 4 prior prices
Safeway,COMPLIMENTS Breakfast or Dinner Pork Sausage,6.49,6.49,each,2026-10-01T03:00:00-04:00,2026-10-07T23:59:59-04:00,8160254,,,,True,,False,49.0,⚠️ Below Average,Above average (usually $5.35). Best price across 2 stores,Pork Sausage,Pork,Sausage (Fresh),cached,3.99,6.49,5.16,6,8.3,False,-25.9,2,2,6.49,Sobeys,False,37.0,100,77,Skip,26% above average; #2 of 2 stores; 6 prior prices
Safeway,"COMPLIMENTS Premium or Stuffed, CARDINAL ROADHOUSE or BELMONT Burgers",15.99,15.99,each,2026-10-01T03:00:00-04:00,2026-10-07T23:59:59-04:00,8160254,,,,True,,False,70.0,✅ Good Buy,LOWEST PRICE in 6 months (usually $15.99). Best price across 2 stores,Burgers (Premium),Beef,Burgers,cached,10.99,15.99,14.32,15,23.3,False,-11.6,2,2,15.99,Sobeys,False,44.2,100,81,Skip,12% above average; #2 of 2 stores; 15 prior prices
Safeway,Pepperoni,9.99,9.99,each,2026-10-01T03:00:00-04:00,2026-10-07T23:59:59-04:00,8160254,,,,True,,False,35.0,⚠️ Below Average,"14% above avg of $8.79, Calgary Co-op has it for $7.99 (best of 6 stores)",Pepperoni,Other,Deli (Prepared),claude_code,3.29,7.99,4.97,5,0.0,False,-101.0,2,3,9.99,Sobeys,False,25.0,100,81,Skip,101% above average; #2 of 3 stores; 5 prior prices
Safeway,Mcintosh Apples - Apple Fest,1.99,1.99,each,2026-10-01T03:00:00-04:00,2026-10-07T23:59:59-04:00,8160254,,,,True,,False,65.0,😐 Fair,No price history available; best price across 2 stores at $1.99,Apples (McIntosh),Produce,Fruit,claude_code,1.77,6.99,5.14,3,66.7,False,61.3,4,6,1.99,Sobeys,True,70.0,100,77,Compare first,61% below avg $5.14; 3 prior prices
Safeway,COMPLIMENTS Pie or Tart Shells or Phyllo Pastry - Apple Fest,3.0,3.0,each,2026-10-01T03:00:00-04:00,2026-10-07T23:59:59-04:00,8160254,,,,True,,False,65.0,😐 Fair,No price history available; best price across 2 stores at $3.00,Pie Shells,Bakery,Pastries/Donuts,claude_code,2.99,4.99,3.99,5,60.0,False,24.8,4,5,3.0,Sobeys,False,47.4,100,81,Skip,25% below avg $3.99; 5 prior prices
Safeway,COMPLIMENTS Flour - Apple Fest,4.99,4.99,each,2026-10-01T03:00:00-04:00,2026-10-07T23:59:59-04:00,8160254,,,,True,,False,65.0,😐 Fair,No price history available; best price across 2 stores at $4.99,Flour,Pantry,Baking Supplies,claude_code,3.0,11.99,7.55,32,82.8,False,33.9,,1,,,True,68.7,100,73,Only if needed,34% below avg $7.55; 32 prior prices
Safeway,Oats - Apple Fest,3.99,3.99,each,2026-10-01T03:00:00-04:00,2026-10-07T23:59:59-04:00,8160254,,,,True,,False,65.0,😐 Fair,No price history available; best price across 2 stores at $3.99,Oats,Pantry,Breakfast/Cereal,claude_code,2.77,10.49,4.27,11,36.4,False,6.6,4,5,3.99,Sobeys,False,34.6,100,85,Skip,7% below avg $4.27; 11 prior prices
Safeway,LIBERTÉ Mediterranée Yogurt,3.49,3.49,each,2026-10-01T03:00:00-04:00,2026-10-07T23:59:59-04:00,8160254,,,,True,statistical_scoring,False,40.0,⚠️ Below Average,Standard pricing (no historical data),LIBERTÉ Mediterranée Yogurt,Dairy & Eggs,General,statistical,2.97,8.97,5.01,37,77.0,False,30.3,,1,,,True,66.2,90,73,Only if needed,30% below avg $5.01; 37 prior prices
Safeway,Crema e Gusto or Qualità Rossa Whole Bean Coffee,29.99,29.99,each,2026-10-01T03:00:00-04:00,2026-10-07T23:59:59-04:00,8160254,,,,True,,False,65.0,😐 Fair,No price history available; best price across 2 stores at $29.99,Whole Bean Coffee,Beverages,Coffee,claude_code,15.99,28.99,19.55,16,0.0,False,-53.4,7,7,10.99,Save-On-Foods,True,10.0,100,85,Skip,53% above average; 16 prior prices
Safeway,Fresh Boneless Sirloin Tip Roast Royale,11.99,11.99,each,2026-10-01T03:00:00-04:00,2026-10-07T23:59:59-04:00,8160254,,,,True,,False,40.0,⚠️ Below Average,Standard pricing (no historical data),Fresh Boneless Sirloin Tip Roast,Beef,Roasts,cached,8.99,12.99,11.32,6,50.0,False,-5.9,,1,,,False,37.0,100,66,Skip,6% above average; 6 prior prices
Safeway,NANA'S Samosas,3.0,3.0,each,2026-10-01T03:00:00-04:00,2026-10-07T23:59:59-04:00,8160254,,,,True,,False,97.0,🔥 Hot Deal,LOWEST PRICE in 6 months (usually $4.92). Best price across 2 stores,Samosas,Frozen,nan,cached,2.99,12.5,5.64,14,71.4,False,46.8,4,6,3.0,Sobeys,False,62.8,100,85,Only if needed,47% below avg $5.64; 14 prior prices
Safeway,Spraymum Bouquet,11.99,11.99,each,2026-10-01T03:00:00-04:00,2026-10-07T23:59:59-04:00,8160254,,,,True,,False,80.0,✅ Good Buy,"14% below avg of $13.99, at historical low, best price across 2 stores",Spray Mum Bouquet,Other,Floral,claude_code,8.99,25.99,14.82,12,62.5,False,19.1,,1,,,False,53.4,100,70,Only if needed,19% below avg $14.82; 12 prior prices
No Frills,"D'ITALIANO BREAD, 620/675 G OR BUNS, 0/8'S",3.0,3.0,each,2026-10-01T03:00:00-04:00,2026-10-07T23:59:59-04:00,8163435,4.44,$/kg,675.0,True,,False,50.0,😐 Fair,"Matches historical price of $3.00 across 4 data points, no cross-store comparison available",Bread,Bakery,Bread,claude_code,3.67,12.96,6.24,17,47.1,False,28.9,1,4,4.44,No Frills,True,90.2,100,93,Stock up,29% below avg $6.24; Cheapest of 4 stores; 17 prior prices
No Frills,PUMPKINS,3.99,3.99,each,2026-10-01T03:00:00-04:00,2026-10-07T23:59:59-04:00,8163435,,,,True,,False,40.0,⚠️ Below Average,"7% above avg of $3.72, Save-On-Foods has them for $0.79 (best of 5 stores)",Pumpkins,Produce,Vegetables,claude_code,2.0,5.99,3.72,11,45.5,False,-7.2,,1,,,False,36.4,100,70,Skip,7% above average; 11 prior prices
No Frills,"REAL FRUIT, 50's",10.99,10.99,each,2026-10-01T03:00:00-04:00,2026-10-07T23:59:59-04:00,8163435,0.22,$/each,50.0,True,,False,45.0,⚠️ Below Average,No price history or cross-store data available; neutral score assigned,Fruit Snacks (50-Pack),Snacks,Candy/Chocolate,claude_code,2.0,12.0,6.01,12,16.7,False,-82.8,,1,,,False,20.0,100,78,Skip,83% above average; 12 prior prices; Unit price checked $/each
No Frills,LIBERTÉ GREEK 650/750 g or YOPLAIT SOURCE 16 x 100 g YOGURT,7.0,7.0,each,2026-10-01T03:00:00-04:00,2026-10-07T23:59:59-04:00,8163435,4.38,$/kg,1600.0,True,,False,45.0,⚠️ Below Average,No price history or cross-store data available; neutral score assigned,Greek Yogurt,Dairy & Eggs,Yogurt,claude_code,5.42,35.0,13.56,5,100.0,True,67.7,1,2,4.38,No Frills,True,100.0,100,85,Stock up,68% below avg $13.56; Lowest seen; Cheapest of 2 stores
No Frills,"I CAN'T BELIEVE IT'S NOT BUTTER!, 400 g",1.89,1.89,each,2026-10-01T03:00:00-04:00,2026-10-07T23:59:59-04:00,8163435,4.72,$/kg,400.0,True,,False,62.0,😐 Fair,"32% below avg of $2.78, just above historical low of $1.88",Margarine,Dairy & Eggs,Butter/Margarine,claude_code,5.14,10.96,8.35,10,100.0,True,43.5,1,2,1.89,No Frills,True,100.0,100,89,Stock up,44% below avg $8.35; Lowest seen; Cheapest of 2 stores
No Frills,"MADE GOOD BARS, COOKIES, MINIS, CRISPY SQUARES or CRUNCHY SQUARES, 110-150 g",3.5,3.5,each,2026-10-01T03:00:00-04:00,2026-10-07T23:59:59-04:00,8163435,23.33,$/kg,150.0,True,,False,45.0,⚠️ Below Average,No price history or cross-store data available; neutral score assigned,Granola Bars,Snacks,Bars/Granola,claude_code,9.3,39.13,21.69,8,37.5,False,-7.5,2,2,13.27,No Frills,False,51.2,100,85,Only if needed,8% above average; #2 of 2 stores; 8 prior prices
No Frills,"PC® THE DECADENT® COOKIES, 280/300 g",4.5,4.5,each,2026-10-01T03:00:00-04:00,2026-10-07T23:59:59-04:00,8163435,15.0,$/kg,300.0,True,,False,51.0,😐 Fair,LOWEST PRICE in 6 months (usually $4.60),Cookies,Snacks,Cookies,cached,4.0,34.62,11.79,30,20.0,False,-27.2,4,7,2.28,Walmart,False,21.4,100,96,Skip,27% above average; 30 prior prices; Unit price checked $/kg
No Frills,"ALWAYS FLEX FOAM PADS, 10-72's",10.5,10.5,each,2026-10-01T03:00:00-04:00,2026-10-07T23:59:59-04:00,8163435,0.15,$/each,72.0,True,,False,45.0,⚠️ Below Average,No price history or cross-store data available; neutral score assigned,Pads (Foam),Household & Personal,Personal Care,claude_code,0.14,0.29,0.22,4,50.0,False,30.2,,1,,,False,66.1,100,70,Only if needed,30% below avg $0.22; 4 prior prices; Unit price checked $/each
No Frills,"GUSTA VEGAN SAUSAGES, 350 g",6.0,6.0,each,2026-10-01T03:00:00-04:00,2026-10-07T23:59:59-04:00,8163435,17.14,$/kg,350.0,True,,False,37.0,⚠️ Below Average,"4% above avg of $5.75, no cross-store comparison available",Vegan Sausages,Other,General,claude_code,17.14,25.0,19.82,4,62.5,True,13.5,,1,,,False,64.5,100,70,Only if needed,14% below avg $19.82; Lowest seen; 4 prior prices
No Frills,"TENDERFLAKE LARD or CRISCO SHORTENING, 454 g",3.49,3.49,each,2026-10-01T03:00:00-04:00,2026-10-07T23:59:59-04:00,8163435,7.69,$/kg,454.0,True,no_history,False,40.0,⚠️ Below Average,Standard pricing (no historical data),Lard,Pantry,nan,cached,,,,0,,False,,,1,,,False,45.0,80,33,Skip,No price history; Unit price checked $/kg
No Frills,"BURNBRAE NESTLAID EGGS, 12's",5.5,5.5,each,2026-10-01T03:00:00-04:00,2026-10-07T23:59:59-04:00,8163435,0.46,$/each,12.0,True,,False,40.0,⚠️ Below Average,Standard pricing (no historical data),Eggs,Dairy & Eggs,nan,cached,0.42,0.5,0.46,4,50.0,False,1.1,,1,,,True,50.8,100,70,Only if needed,4 prior prices; Unit price checked $/each
No Frills,"CAMPBELL'S BROTH or CONCENTRATED BROTH, 250/900 mL",1.5,1.5,each,2026-10-01T03:00:00-04:00,2026-10-07T23:59:59-04:00,8163435,1.67,$/L,900.0,True,,False,44.0,⚠️ Below Average,"5.7% below avg of $1.59, but above historical min of $1.49",Broth,Pantry,Soups,claude_code,1.39,4.44,2.16,6,66.7,False,22.7,2,7,1.47,Walmart,False,70.9,100,89,Compare first,23% below avg $2.16; #2 of 7 stores; 6 prior prices
No Frills,"TRE STELLE CREAM CHEESE, 200 g",2.99,2.99,each,2026-10-01T03:00:00-04:00,2026-10-07T23:59:59-04:00,8163435,14.95,$/kg,200.0,True,,False,52.0,😐 Fair,LOWEST PRICE in 6 months (usually $3.12),Cream Cheese,Dairy & Eggs,Cheese (Block),cached,12.0,17.45,14.87,17,55.9,False,-0.5,1,3,14.95,No Frills,True,69.8,100,93,Only if needed,Cheapest of 3 stores; 17 prior prices; Unit price checked $/kg
No Frills,BARTLETT PEARs,2.49,2.49,each,2026-10-01T03:00:00-04:00,2026-10-07T23:59:59-04:00,8163435,,,,True,,False,80.0,✅ Good Buy,29% below 6-month avg of $3.51. Best price across 4 stores,Pears (Bartlett),Produce,Fruit,cached,1.99,8.99,3.28,22,38.6,False,24.1,1,5,2.49,No Frills,False,76.9,100,88,Buy this week,24% below avg $3.28; Cheapest of 5 stores; 22 prior prices
No Frills,"MASTRO GENOA SALAMI CHUBS, 600 G OR SLICED DELI MEAT, 200-375 G",10.0,10.0,each,2026-10-01T03:00:00-04:00,2026-10-07T23:59:59-04:00,8163435,16.67,$/kg,600.0,True,,False,50.0,😐 Fair,No price history available for comparison,Salami,Other,Deli (Prepared),claude_code,22.86,43.33,31.59,3,100.0,True,47.2,1,3,16.67,No Frills,False,100.0,100,85,Stock up,47% below avg $31.59; Lowest seen; Cheapest of 3 stores
No Frills,"SAPUTO MOZZARELLISSIMA, 500 G",6.0,6.0,each,2026-10-01T03:00:00-04:00,2026-10-07T23:59:59-04:00,8163435,12.0,$/kg,500.0,True,,False,50.0,😐 Fair,LOWEST PRICE in 6 months (usually $6.07),Mozzarella Cheese,Dairy & Eggs,Cheese (Block),cached,12.0,13.0,12.33,3,50.0,True,2.7,,1,,,False,56.9,100,70,Only if needed,Lowest seen; 3 prior prices; Unit price checked $/kg
No Frills,"BRANDS UNLIMITED CANDY, 400 g",6.49,6.49,each,2026-10-01T03:00:00-04:00,2026-10-07T23:59:59-04:00,8163435,16.22,$/kg,400.0,True,,False,50.0,😐 Fair,No price history available for comparison,Candy,Snacks,Candy/Chocolate,claude_code,5.51,80.0,18.49,19,36.8,False,12.3,2,2,10.71,No Frills,False,63.6,100,89,Only if needed,12% below avg $18.49; #2 of 2 stores; 19 prior prices
No Frills,"NERDS GUMMY CLUSTERS, 454.8 G FERRERO ROCHER ASSORTED TREATS VARIETY MIX, 393 g",7.99,7.99,each,2026-10-01T03:00:00-04:00,2026-10-07T23:59:59-04:00,8163435,17.57,$/kg,454.8,True,,False,50.0,😐 Fair,No price history available for comparison,Gummy Candy,Snacks,Candy/Chocolate,claude_code,1.09,16.99,4.69,7,28.6,False,-70.3,,1,,,False,20.0,100,74,Skip,70% above average; 7 prior prices; Unit price checked $/kg
No Frills,"PC® NUTRITION FIRST® DRY DOG FOOD, 2 KG",11.0,11.0,each,2026-10-01T03:00:00-04:00,2026-10-07T23:59:59-04:00,8163435,5.5,$/kg,2000.0,True,,False,40.0,⚠️ Below Average,Standard pricing (no historical data),Dry Dog Food,Household & Personal,Pet Food/Supplies,cached,3.49,5.5,4.51,6,8.3,False,-22.0,1,5,11.0,No Frills,False,54.0,100,89,Only if needed,22% above average; Cheapest of 5 stores; 6 prior prices
No Frills,PELEE MUMS,7.49,7.49,each,2026-10-01T03:00:00-04:00,2026-10-07T23:59:59-04:00,8163435,,,,True,no_history,False,50.0,😐 Fair,No price history available for comparison,Mums,Other,Floral,claude_code,,,,0,,False,,,1,,,False,40.0,80,25,Skip,No price history
No Frills,"CLUB HOUSE GRAVY OR SEASONING MIXES, 21-47 G",1.0,1.0,each,2026-10-01T03:00:00-04:00,2026-10-07T23:59:59-04:00,8163435,21.28,$/kg,47.0,True,low_history,False,50.0,😐 Fair,No price history available for comparison,Gravy Mix,Pantry,Sauces/Condiments,claude_code,21.28,21.28,21.28,2,25.0,True,0.0,1,2,21.28,No Frills,False,75.0,90,75,Compare first,Lowest seen; Cheapest of 2 stores; Only 2 prior prices
No Frills,"TIDE WASHING MACHINE CLEANER, 3'S OR LAUNDRY STAIN REMOVER, 22OZ",6.0,6.0,each,2026-10-01T03:00:00-04:00,2026-10-07T23:59:59-04:00,8163435,9.62,$/kg,623.689,True,no_history,False,50.0,😐 Fair,No price history available for comparison,Washing Machine Cleaner,Household & Personal,Cleaning Supplies,claude_code,,,,0,,False,,,1,,,False,45.0,80,33,Skip,No price history; Unit price checked $/kg
No Frills,"D'ITALIANO BREAD, 620/675 G OR BUNS, 6/8'S",3.0,3.0,each,2026-10-01T03:00:00-04:00,2026-10-07T23:59:59-04:00,8163435,4.44,$/kg,675.0,True,,False,50.0,😐 Fair,LOWEST PRICE in 6 months (usually $3.00),D'Italiano Bread or Buns,Bakery,Bread,cached,4.44,4.44,4.44,3,33.3,True,0.0,,1,,,True,60.0,100,70,Only if needed,Lowest seen; 3 prior prices; Unit price checked $/kg
No Frills,"FARMER'S MARKET™ MCINTOSH OR ROYAL GALA APPLES, 5 LB BAG",6.99,6.99,each,2026-10-01T03:00:00-04:00,2026-10-07T23:59:59-04:00,8163435,3.08,$/kg,2267.96,True,low_history,False,40.0,⚠️ Below Average,Standard pricing (no historical data),Apples (McIntosh),Produce,Fruit,cached,2.93,3.08,3.0,2,0.0,False,-2.5,6,6,1.99,Sobeys,True,38.8,90,79,Skip,Only 2 prior prices; Unit price checked $/kg
No Frills,"FINISH AUTO DISHWASHER TABS, 60-105's",20.0,20.0,each,2026-10-01T03:00:00-04:00,2026-10-07T23:59:59-04:00,8163435,0.19,$/each,105.0,True,,False,40.0,⚠️ Below Average,Standard pricing (no historical data),Auto Dishwasher Tabs,Household & Personal,nan,cached,0.19,0.33,0.24,9,77.8,True,21.6,,1,,,False,70.1,100,74,Compare first,22% below avg $0.24; Lowest seen; 9 prior prices
No Frills,"KINDER SURPRISE MILK CHOCOLATE EGG, 100 G",6.99,6.99,each,2026-10-01T03:00:00-04:00,2026-10-07T23:59:59-04:00,8163435,69.9,$/kg,100.0,True,,False,40.0,⚠️ Below Average,Standard pricing (no historical data),Milk Chocolate Egg,Snacks,Candy/Chocolate,cached,31.03,150.0,75.05,8,31.2,False,6.9,,1,,,True,54.8,100,74,Only if needed,7% below avg $75.05; 8 prior prices; Unit price checked $/kg
No Frills,"ROYALE ULTRA STRENGTH PAPER TOWELS, 6=12 ROLLS",12.0,12.0,each,2026-10-01T03:00:00-04:00,2026-10-07T23:59:59-04:00,8163435,,,,True,,False,72.0,✅ Good Buy,31.4% below avg of $17.48 and below historical min of $15.97,Paper Towels,Household & Personal,Paper Products,claude_code,2.99,24.99,10.87,33,27.3,False,-10.4,1,2,12.0,No Frills,False,54.8,100,84,Only if needed,10% above average; Cheapest of 2 stores; 33 prior prices
No Frills,"NO NAME® NATURALLY IMPERFECT™ RED OR RUSSET POTATOES, 20 LB BAG",7.0,7.0,each,2026-10-01T03:00:00-04:00,2026-10-07T23:59:59-04:00,8163435,0.77,$/kg,9071.84,True,,False,54.0,😐 Fair,Above average (usually $6.27). Best price across 2 stores,Potatoes (20 lb),Produce,Vegetables,cached,7.0,9.0,7.96,3,66.7,True,12.1,,1,,,True,68.5,100,70,Only if needed,12% below avg $7.96; Lowest seen; 3 prior prices
No Frills,"NO NAME® DISHWASHER LIQUID, 800ML",2.29,2.29,each,2026-10-01T03:00:00-04:00,2026-10-07T23:59:59-04:00,8163435,2.86,$/L,800.0,True,,False,50.0,😐 Fair,No price history available for comparison,Dishwasher Liquid,Household & Personal,Cleaning Supplies,claude_code,2.0,5.05,3.25,3,33.3,False,12.1,,1,,,False,53.5,100,70,Only if needed,12% below avg $3.25; 3 prior prices; Unit price checked $/L
No Frills,"KRAFT PEANUT BUTTER, 500 g",3.75,3.75,each,2026-10-01T03:00:00-04:00,2026-10-07T23:59:59-04:00,8163435,7.5,$/kg,500.0,True,,False,50.0,😐 Fair,No price history available for comparison,Peanut Butter,Pantry,Sauces/Condiments,claude_code,4.47,16.0,6.98,16,25.0,False,-7.5,3,3,4.5,No Frills,True,51.2,100,93,Only if needed,8% above average; #3 of 3 stores; 16 prior prices
No Frills,"NO NAME® LAUNDRY DETERGENT, 1.92/2.03 L",5.0,5.0,each,2026-10-01T03:00:00-04:00,2026-10-07T23:59:59-04:00,8163435,2.46,$/L,2029.9999999999998,True,,False,50.0,😐 Fair,No price history available for comparison,Laundry Detergent,Household & Personal,Laundry,claude_code,0.11,5.64,2.82,6,50.0,False,12.8,1,11,5.0,No Frills,False,74.0,100,89,Compare first,13% below avg $2.82; Cheapest of 11 stores; 6 prior prices
No Frills,"POGO CORN DOGS, 20'S",10.5,10.5,each,2026-10-01T03:00:00-04:00,2026-10-07T23:59:59-04:00,8163435,0.53,$/each,20.0,True,,False,50.0,😐 Fair,No price history available for comparison,Corn Dogs,Frozen,Meals/Entrees,claude_code,7.99,15.0,10.6,5,40.0,False,0.9,2,3,7.99,Real Canadian Superstore,False,55.6,100,89,Only if needed,#2 of 3 stores; 5 prior prices; Unit price checked $/each
No Frills,"TRE STELLE FETA GREEK STYLE CHEESE, 850 g",15.0,15.0,each,2026-10-01T03:00:00-04:00,2026-10-07T23:59:59-04:00,8163435,17.65,$/kg,850.0,True,low_history,False,50.0,😐 Fair,No price history available for comparison,Feta Cheese (Greek Style),Dairy & Eggs,Cheese (Block),claude_code,17.65,17.65,17.65,2,25.0,True,0.0,,1,,,True,60.0,90,64,Only if needed,Lowest seen; Only 2 prior prices; Unit price checked $/kg
No Frills,"MCCAIN DEEP 'N DELICIOUS CAKE, 510 g or CHAPMAN'S PREMIUM ICE CREAM, 2 L",6.0,6.0,each,2026-10-01T03:00:00-04:00,2026-10-07T23:59:59-04:00,8163435,11.76,$/kg,510.0,True,,False,37.0,⚠️ Below Average,"4.5% above avg of $5.74, above historical min of $5.50",Chocolate Cake,Bakery,Desserts/Cakes,claude_code,7.84,11.75,10.04,4,0.0,False,-17.1,,1,,,False,36.5,100,70,Skip,17% above average; 4 prior prices; Unit price checked $/kg
No Frills,EVERYDAY ESSENTIALS™ SALAD SPINNER,8.0,8.0,each,2026-10-01T03:00:00-04:00,2026-10-07T23:59:59-04:00,8163435,,,,True,,False,50.0,😐 Fair,No price history available for comparison,Salad Spinner,Other,General,claude_code,8.0,15.0,12.67,3,66.7,True,36.8,,1,,,False,75.8,100,62,Compare first,37% below avg $12.67; Lowest seen; 3 prior prices
No Frills,"NO NAME® PEANUT BUTTER, 1 KG",4.5,4.5,each,2026-10-01T03:00:00-04:00,2026-10-07T23:59:59-04:00,8163435,4.5,$/kg,1000.0,True,,False,50.0,😐 Fair,LOWEST PRICE in 6 months (usually $4.50),Peanut Butter,Pantry,Sauces/Condiments,cached,4.47,16.0,6.98,16,84.4,False,35.5,1,3,4.5,No Frills,True,94.8,100,93,Stock up,36% below avg $6.98; Cheapest of 3 stores; 16 prior prices
No Frills,"PC® FROZEN FRUIT, 300-600 g",5.5,5.5,each,2026-10-01T03:00:00-04:00,2026-10-07T23:59:59-04:00,8163435,9.17,$/kg,600.0,True,,False,34.0,⚠️ Below Average,Above average (usually $4.92),Frozen Fruit,Frozen,Fruit/Vegetables,cached,6.65,9.17,7.71,8,6.2,False,-19.0,1,2,5.5,No Frills,False,55.5,100,85,Only if needed,19% above average; Cheapest of 2 stores; 8 prior prices
No Frills,"TILDA BASMATI RICE, 4.54 KG",12.98,12.98,each,2026-10-01T03:00:00-04:00,2026-10-07T23:59:59-04:00,8163435,2.86,$/kg,4540.0,True,,False,40.0,⚠️ Below Average,Standard pricing (no historical data),Basmati Rice,Pantry,nan,cached,1.76,3.75,2.8,7,42.9,False,-2.3,2,3,2.2,Real Canadian Superstore,True,58.9,100,89,Only if needed,#2 of 3 stores; 7 prior prices; Unit price checked $/kg
No Frills,ROYAL GALA APPLES,1.49,1.49,each,2026-10-01T03:00:00-04:00,2026-10-07T23:59:59-04:00,8163435,,,,True,,False,100.0,🔥 Hot Deal,"62.7% below avg of $3.99, best price of 2 stores at $1.49",Apples (Gala),Produce,Fruit,claude_code,1.28,7.99,5.66,9,88.9,False,73.7,2,4,1.28,Walmart,True,90.0,100,81,Stock up,74% below avg $5.66; #2 of 4 stores; 9 prior prices
No Frills,"CARNATION EVAPORATED MILK, 354 ML",1.75,1.75,each,2026-10-01T03:00:00-04:00,2026-10-07T23:59:59-04:00,8163435,4.94,$/L,354.0,True,,False,54.0,😐 Fair,LOWEST PRICE in 6 months (usually $1.88),Evaporated Milk,Dairy & Eggs,nan,cached,4.24,4.24,4.24,4,0.0,False,-16.5,1,2,4.94,No Frills,True,61.8,100,81,Only if needed,16% above average; Cheapest of 2 stores; 4 prior prices
No Frills,"LYSOL TOILET BOWL CLEANER, 2x710 mL, DISINFECTANT SPRAY, 425/539 g or LAUNDRY DISINFECTANT, 1.2 L",8.0,8.0,each,2026-10-01T03:00:00-04:00,2026-10-07T23:59:59-04:00,8163435,5.63,$/L,1420.0,True,,False,34.0,⚠️ Below Average,"9.1% above avg of $7.33, above historical min of $7.00",Toilet Bowl Cleaner,Household & Personal,Cleaning Supplies,claude_code,4.93,5.28,5.05,3,0.0,False,-11.6,3,3,6.97,Walmart,False,44.2,100,85,Skip,12% above average; #3 of 3 stores; 3 prior prices
No Frills,"ZIGGY'S FRESH PASTA, 350 G",2.5,2.5,each,2026-10-01T03:00:00-04:00,2026-10-07T23:59:59-04:00,8163435,7.14,$/kg,350.0,True,,False,56.0,😐 Fair,"9.1% below avg of $2.75, matches historical min of $2.50",Fresh Pasta,Pantry,Pasta/Grains,claude_code,8.57,8.57,8.57,3,100.0,True,16.7,1,3,2.5,No Frills,True,91.7,100,85,Stock up,17% below avg $8.57; Lowest seen; Cheapest of 3 stores
No Frills,"NO NAME® ALUMINUM FOIL, 25 ft",2.0,2.0,each,2026-10-01T03:00:00-04:00,2026-10-07T23:59:59-04:00,8163435,,,,True,,False,40.0,⚠️ Below Average,Standard pricing (no historical data),Aluminum Foil,Household & Personal,nan,cached,1.5,8.99,5.91,12,91.7,False,66.1,1,2,2.0,No Frills,False,95.0,100,81,Stock up,66% below avg $5.91; Cheapest of 2 stores; 12 prior prices
No Frills,"PC® BATHROOM TISSUE, 30=100 rolls",22.0,22.0,each,2026-10-01T03:00:00-04:00,2026-10-07T23:59:59-04:00,8163435,,,,True,,False,50.0,😐 Fair,No price history available for comparison,Bathroom Tissue,Household & Personal,Paper Products,claude_code,3.49,699.0,18.69,134,18.7,False,-17.7,6,7,6.99,Save-On-Foods,False,21.1,100,88,Skip,18% above average; 134 prior prices
No Frills,"FARMER'S MARKET™ SWEET PEPPERS, PKG OF 4 or AVOCADOS, PKG OF 5 OR 6",4.99,4.99,each,2026-10-01T03:00:00-04:00,2026-10-07T23:59:59-04:00,8163435,,,,True,,False,66.0,😐 Fair,"23.5% below avg of $6.52, matches historical min of $4.99 (18 data points)",Sweet Peppers,Produce,Vegetables,claude_code,2.99,7.49,6.32,12,91.7,False,21.1,1,2,4.99,No Frills,False,74.8,100,81,Compare first,21% below avg $6.32; Cheapest of 2 stores; 12 prior prices
No Frills,"SUNRISE TOFU SMOOTH, 700 G",2.88,2.88,each,2026-10-01T03:00:00-04:00,2026-10-07T23:59:59-04:00,8163435,4.11,$/kg,700.0,True,,False,50.0,😐 Fair,No price history available for comparison,Tofu (Smooth),Other,General,claude_code,4.11,4.26,4.22,4,75.0,True,2.7,,1,,,False,56.9,100,70,Only if needed,Lowest seen; 4 prior prices; Unit price checked $/kg
No Frills,MINI SEEDLESS WATERMELON,5.99,5.99,each,2026-10-01T03:00:00-04:00,2026-10-07T23:59:59-04:00,8163435,,,,True,,False,38.0,⚠️ Below Average,Near average ($5.83),Watermelon (Mini Seedless),Produce,nan,cached,4.5,9.99,6.32,18,50.0,False,5.3,,1,,,False,43.7,100,70,Skip,5% below avg $6.32; 18 prior prices
No Frills,"TRE STELLE FETA, CHEDDAR, 200 g, MASCARPONE, 275 g or RICOTTA, 475 g",6.0,6.0,each,2026-10-01T03:00:00-04:00,2026-10-07T23:59:59-04:00,8163435,30.0,$/kg,200.0,True,,False,50.0,😐 Fair,No price history available for comparison,Feta Cheese,Dairy & Eggs,Cheese (Block),claude_code,2.99,6.99,4.32,3,33.3,False,-38.8,,1,,,False,25.6,100,70,Skip,39% above average; 3 prior prices; Unit price checked $/kg
No Frills,"EASY OFF OVEN CLEANER, 400 G / 475 ML",7.99,7.99,each,2026-10-01T03:00:00-04:00,2026-10-07T23:59:59-04:00,8163435,19.97,$/kg,400.0,True,,False,50.0,😐 Fair,No price history available for comparison,Oven Cleaner,Household & Personal,Cleaning Supplies,claude_code,14.97,17.14,15.94,3,0.0,False,-25.3,,1,,,False,32.4,100,70,Skip,25% above average; 3 prior prices; Unit price checked $/kg
No Frills,"OCEAN SPRAY CRANBERRY SAUCE, 348 ml",1.57,1.57,each,2026-10-01T03:00:00-04:00,2026-10-07T23:59:59-04:00,8163435,4.51,$/L,348.0,True,,False,60.0,😐 Fair,Best price across 2 stores,Cranberry Sauce,Pantry,nan,cached,1.85,3.97,2.28,8,0.0,False,-97.4,2,2,4.51,Real Canadian Superstore,False,30.0,100,85,Skip,97% above average; #2 of 2 stores; 8 prior prices
No Frills,"NO NAME® LAUNDRY DETERGENT, 4.43 L, FAB SOFTENER, 3.5 L or DRYER SHEETS, 200's",8.5,8.5,each,2026-10-01T03:00:00-04:00,2026-10-07T23:59:59-04:00,8163435,1.92,$/L,4430.0,True,,False,36.0,⚠️ Below Average,"6.25% above avg of $8.00, above historical min of $8.00",Laundry Detergent,Household & Personal,Laundry,claude_code,0.11,5.64,2.82,6,83.3,False,32.0,2,11,5.0,No Frills,False,77.4,100,89,Buy this week,32% below avg $2.82; #2 of 11 stores; 6 prior prices
No Frills,"NO NAME® DISINFECTANT WIPES, 75's",3.5,3.5,each,2026-10-01T03:00:00-04:00,2026-10-07T23:59:59-04:00,8163435,0.05,$/each,75.0,True,,False,78.0,✅ Good Buy,LOWEST PRICE in 6 months (usually $5.96),Disinfectant Wipes,Household & Personal,Cleaning Supplies,cached,0.05,0.09,0.07,5,80.0,True,30.6,,1,,,False,76.4,100,74,Buy this week,31% below avg $0.07; Lowest seen; 5 prior prices
No Frills,"NATURE VALLEY GRANOLA BARS, GENERAL MILLS CEREAL BARS OR BETTY CROCKER FRUIT SNACKS, 120-226 G",3.0,3.0,each,2026-10-01T03:00:00-04:00,2026-10-07T23:59:59-04:00,8163435,13.27,$/kg,226.0,True,,False,50.0,😐 Fair,No price history available for comparison,Granola Bars,Snacks,Bars/Granola,claude_code,9.3,39.13,21.69,8,75.0,False,38.8,1,2,13.27,No Frills,True,97.2,100,85,Stock up,39% below avg $21.69; Cheapest of 2 stores; 8 prior prices
No Frills,"WAGH BAKRI PREMIUM TEA, 907 G",9.99,9.99,each,2026-10-01T03:00:00-04:00,2026-10-07T23:59:59-04:00,8163435,11.01,$/kg,907.0,True,,False,76.0,✅ Good Buy,LOWEST PRICE in 6 months (usually $11.00). Best price across 2 stores,Premium Tea,Beverages,nan,cached,11.01,13.23,12.12,3,66.7,True,9.2,2,2,11.01,Real Canadian Superstore,False,71.4,100,81,Compare first,9% below avg $12.12; Lowest seen; #2 of 2 stores
No Frills,"ACORN, BUTTERNUT, KABOCHA OR SPAGHETTI SQUASH OR GREEN CABBAGE",0.99,0.99,each,2026-10-01T03:00:00-04:00,2026-10-07T23:59:59-04:00,8163435,,,,True,no_history,False,50.0,😐 Fair,No price history available for comparison,Squash (Acorn),Produce,Vegetables,claude_code,,,,0,,False,,,1,,,True,45.0,80,25,Skip,No price history
No Frills,"POGO CORN DOGS, 1.5 KG",10.5,10.5,each,2026-10-01T03:00:00-04:00,2026-10-07T23:59:59-04:00,8163435,7.0,$/kg,1500.0,True,low_history,False,50.0,😐 Fair,No price history available for comparison,Corn Dogs,Frozen,Meals/Entrees,claude_code,10.0,11.33,10.66,2,100.0,True,34.4,3,3,7.99,Real Canadian Superstore,False,84.1,90,79,Buy this week,34% below avg $10.66; Lowest seen; #3 of 3 stores
No Frills,"NO NAME® ALL-PURPOSE SPONGE, 4'S OR HEAVY DUTY SPONGE, 2'S, SPIRAL SCRUBBER, REUSABLE ALL-PURPOSE CLOTHS, 10'S OR DISINFECTANT MULTI SURFACE SPRAY, 650 ML",3.0,3.0,each,2026-10-01T03:00:00-04:00,2026-10-07T23:59:59-04:00,8163435,4.62,$/L,650.0,True,,False,50.0,😐 Fair,No price history available for comparison,Sponges,Household & Personal,Cleaning Supplies,claude_code,4.23,4.62,4.54,5,30.0,False,-1.7,,1,,,False,44.1,100,74,Skip,5 prior prices; Unit price checked $/L
No Frills,BUNCH SPINACH or CELERY,2.49,2.49,each,2026-10-01T03:00:00-04:00,2026-10-07T23:59:59-04:00,8163435,,,,True,,False,50.0,😐 Fair,No price history available for comparison,Spinach (Bunch),Produce,Vegetables,claude_code,1.99,2.99,2.51,17,50.0,False,0.7,,1,,,False,40.5,100,70,Skip,17 prior prices
No Frills,"BUBLY, 12X355 ML OR MONTELLIER, 10X355 ML SPARKLING WATER",6.5,6.5,each,2026-10-01T03:00:00-04:00,2026-10-07T23:59:59-04:00,8163435,1.53,$/L,4260.0,True,,False,38.0,⚠️ Below Average,"2.7% above avg of $6.33, above historical min of $5.99",Sparkling Water,Beverages,Water,claude_code,1.23,6.01,2.02,20,40.0,False,24.3,3,4,1.17,Real Canadian Superstore,False,67.0,100,96,Only if needed,24% below avg $2.02; #3 of 4 stores; 20 prior prices
No Frills,"KRAFT SALAD DRESSING, 425 ml",3.0,3.0,each,2026-10-01T03:00:00-04:00,2026-10-07T23:59:59-04:00,8163435,7.06,$/L,425.0,True,,False,32.0,⚠️ Below Average,Above average (usually $2.59),Salad Dressing,Pantry,Sauces/Condiments,cached,4.68,14.06,7.33,18,27.8,False,3.7,4,8,2.97,Sobeys,False,37.6,100,93,Skip,18 prior prices; Unit price checked $/L
No Frills,HÄAGEN-DAZS ICE CREAM 400-450 mL or BARS 3/4's,4.99,4.99,each,2026-10-01T03:00:00-04:00,2026-10-07T23:59:59-04:00,8163435,11.09,$/L,450.0,True,,False,50.0,😐 Fair,No price history available for comparison,Ice Cream,Frozen,Ice Cream/Dessert,claude_code,2.25,29.59,7.6,25,18.0,False,-45.9,2,2,2.82,Real Canadian Superstore,False,32.0,100,92,Skip,46% above average; #2 of 2 stores; 25 prior prices
No Frills,"PC® SOFT DRINKS, 12x355 mL",6.75,6.75,each,2026-10-01T03:00:00-04:00,2026-10-07T23:59:59-04:00,8163435,1.58,$/L,4260.0,True,,False,39.0,⚠️ Below Average,Near average ($6.65),Soft Drinks,Beverages,Soda/Pop,cached,0.94,3.38,1.72,19,44.7,False,8.0,1,2,1.58,No Frills,False,70.6,100,89,Compare first,8% below avg $1.72; Cheapest of 2 stores; 19 prior prices
No Frills,"DEL MONTE JUICE BLENDS, 2.5 L",7.0,7.0,each,2026-10-01T03:00:00-04:00,2026-10-07T23:59:59-04:00,8163435,2.8,$/L,2500.0,True,,False,40.0,⚠️ Below Average,Slightly below avg ($7.05),Juice Blends,Beverages,Juice,cached,2.7,3.0,2.82,6,41.7,False,0.6,,1,,,False,45.4,100,74,Skip,6 prior prices; Unit price checked $/L
No Frills,LACTANTIA CREAM 473 ml / L or WHIPPING CREAM 473/946 ml,3.75,3.75,each,2026-10-01T03:00:00-04:00,2026-10-07T23:59:59-04:00,8163435,7.93,$/L,473.0,True,,False,50.0,😐 Fair,No price history available for comparison,Cream,Dairy & Eggs,Cream,claude_code,3.5,3.75,3.64,3,0.0,False,-117.7,,1,,,False,20.0,100,70,Skip,118% above average; 3 prior prices; Unit price checked $/L
No Frills,"ROGERS SUGAR, 1 kg",2.79,2.79,each,2026-10-01T03:00:00-04:00,2026-10-07T23:59:59-04:00,8163435,2.79,$/kg,1000.0,True,,False,39.0,⚠️ Below Average,Near average ($2.78),Rogers Sugar,Pantry,Baking Supplies,cached,0.99,5.37,2.18,17,14.7,False,-28.2,,1,,,True,35.9,100,78,Skip,28% above average; 17 prior prices; Unit price checked $/kg
No Frills,PC® FLATBREAD 338-395 g or FOCACCIA 415-456 g,5.0,5.0,each,2026-10-01T03:00:00-04:00,2026-10-07T23:59:59-04:00,8163435,12.66,$/kg,395.0,True,,False,50.0,😐 Fair,No price history available for comparison,Flatbread,Bakery,Bread,claude_code,8.86,20.25,13.88,7,35.7,False,8.8,,1,,,True,56.2,100,74,Only if needed,9% below avg $13.88; 7 prior prices; Unit price checked $/kg
No Frills,"FRANCO-AMERICAN GRAVY, 284 mL",0.79,0.79,each,2026-10-01T03:00:00-04:00,2026-10-07T23:59:59-04:00,8163435,2.78,$/L,284.0,True,,False,40.0,⚠️ Below Average,Standard pricing (no historical data),Franco-American Gravy,Pantry,nan,cached,2.78,12.56,6.19,3,66.7,True,55.1,,1,,,False,90.0,100,70,Buy this week,55% below avg $6.19; Lowest seen; 3 prior prices
No Frills,"NO NAME® OLIVES, 375 mL",2.49,2.49,each,2026-10-01T03:00:00-04:00,2026-10-07T23:59:59-04:00,8163435,6.64,$/L,375.0,True,,False,40.0,⚠️ Below Average,Standard pricing (no historical data),Olives,Pantry,Canned Goods,cached,1.99,7.99,5.09,5,80.0,False,51.1,,1,,,False,80.0,100,74,Buy this week,51% below avg $5.09; 5 prior prices; Unit price checked $/L
No Frills,"COCA-COLA OR PEPSI SOFT DRINKS, 24X355 ML",13.99,13.99,each,2026-10-01T03:00:00-04:00,2026-10-07T23:59:59-04:00,8163435,1.64,$/L,8520.0,True,,False,15.0,❌ Poor Value,Above average (usually $6.97),Soft Drinks,Beverages,nan,cached,0.94,3.38,1.72,19,28.9,False,4.5,2,2,1.58,No Frills,False,58.1,100,89,Only if needed,#2 of 2 stores; 19 prior prices; Unit price checked $/L
No Frills,PLANTERS PEANUTS 600 g or CASHEWS 200 g,5.0,5.0,each,2026-10-01T03:00:00-04:00,2026-10-07T23:59:59-04:00,8163435,8.33,$/kg,600.0,True,,False,50.0,😐 Fair,No price history available for comparison,Peanuts,Snacks,Nuts/Seeds,claude_code,6.5,9.29,8.13,5,40.0,False,-2.5,1,3,5.0,No Frills,False,63.8,100,89,Only if needed,Cheapest of 3 stores; 5 prior prices; Unit price checked $/kg
No Frills,"HELUVAGOOD! DIPS, 250 G",2.5,2.5,each,2026-10-01T03:00:00-04:00,2026-10-07T23:59:59-04:00,8163435,10.0,$/kg,250.0,True,low_history,False,50.0,😐 Fair,No price history available for comparison,Dip,Pantry,Sauces/Condiments,claude_code,8.81,13.22,11.02,2,50.0,False,9.2,1,2,10.0,No Frills,False,71.4,90,75,Compare first,9% below avg $11.02; Cheapest of 2 stores; Only 2 prior prices
No Frills,"PC® CINNAMON RAISIN BREAD, 675 G",4.0,4.0,each,2026-10-01T03:00:00-04:00,2026-10-07T23:59:59-04:00,8163435,5.93,$/kg,675.0,True,,False,40.0,⚠️ Below Average,Standard pricing (no historical data),Cinnamon Raisin Bread,Bakery,Bread,cached,5.93,8.07,7.09,3,66.7,True,16.4,1,2,5.93,No Frills,True,91.5,100,81,Stock up,16% below avg $7.09; Lowest seen; Cheapest of 2 stores
No Frills,"DE CECCO PASTA, 454 G OR UNICO PASSATA PASTA SAUCE, 680 ML",2.75,2.75,each,2026-10-01T03:00:00-04:00,2026-10-07T23:59:59-04:00,8163435,6.06,$/kg,454.0,True,,False,50.0,😐 Fair,"At avg of $2.75, matches historical min of $2.75",Pasta,Pantry,Pasta/Grains,claude_code,2.19,6.98,4.64,14,21.4,False,-30.7,2,3,2.19,Real Canadian Superstore,True,44.6,100,93,Skip,31% above average; #2 of 3 stores; 14 prior prices
No Frills,"DOLE PINEAPPLE, 398 mL",1.97,1.97,each,2026-10-01T03:00:00-04:00,2026-10-07T23:59:59-04:00,8163435,4.95,$/L,398.0,True,,False,60.0,😐 Fair,Best price across 2 stores,Pineapple,Pantry,nan,cached,3.86,12.99,5.86,16,100.0,True,66.4,2,2,4.95,Real Canadian Superstore,False,100.0,100,89,Stock up,66% below avg $5.86; Lowest seen; #2 of 2 stores
No Frills,NO NAME® VEGETABLES,2.77,2.77,each,2026-10-01T03:00:00-04:00,2026-10-07T23:59:59-04:00,8163435,,,,True,,False,58.0,😐 Fair,27% below 6-month avg of $3.80,Frozen Vegetables,Frozen,nan,cached,2.96,17.99,5.43,23,100.0,True,49.0,1,5,2.77,No Frills,False,100.0,100,88,Stock up,49% below avg $5.43; Lowest seen; Cheapest of 5 stores
No Frills,EVERYDAY ESSENTIALS™ 3 PIECE COOKIE SHEET SET,8.0,8.0,each,2026-10-01T03:00:00-04:00,2026-10-07T23:59:59-04:00,8163435,,,,True,,False,50.0,😐 Fair,No price history available for comparison,Cookie Sheet Set,Other,General,claude_code,1.0,30.0,15.29,17,64.7,False,47.7,,1,,,False,73.4,100,70,Compare first,48% below avg $15.29; 17 prior prices
No Frills,"MCCAIN DEEP 'N DELICIOUS CAKE, 510 g, CHAPMAN'S PREMIUM ICE CREAM, 2 L or YUKON NOVELTIES, 5-8's",6.0,6.0,each,2026-10-01T03:00:00-04:00,2026-10-07T23:59:59-04:00,8163435,11.76,$/kg,510.0,True,low_history,False,37.0,⚠️ Below Average,"4.5% above avg of $5.74, above historical min of $5.50",Chocolate Cake,Bakery,Desserts/Cakes,claude_code,10.78,11.75,11.26,2,0.0,False,-4.4,,1,,,False,42.8,90,64,Skip,Only 2 prior prices; Unit price checked $/kg
No Frills,"DARE CRACKERS, 100-225 G, TOWNHOUSE, 247-391 G OR CHEEZ IT SNAP'D CRACKERS, 213 G",2.5,2.5,each,2026-10-01T03:00:00-04:00,2026-10-07T23:59:59-04:00,8163435,11.11,$/kg,225.0,True,,False,50.0,😐 Fair,No price history available for comparison,Crackers,Snacks,Crackers,claude_code,6.39,15.96,10.66,25,40.0,False,-4.2,3,4,7.86,Real Canadian Superstore,False,47.9,100,96,Skip,#3 of 4 stores; 25 prior prices; Unit price checked $/kg
No Frills,CANARY MELON or HAMI MELON,1.99,1.99,each,2026-10-01T03:00:00-04:00,2026-10-07T23:59:59-04:00,8163435,,,,True,,False,50.0,😐 Fair,No price history available for comparison,Melon (Canary),Produce,Fruit,claude_code,1.29,2.0,1.43,11,9.1,False,-39.4,,1,,,False,20.3,100,70,Skip,39% above average; 11 prior prices
No Frills,"PAMPERS EASY UPS TRAINING UNDERWEAR OR NINJAMAS NIGHTTIME UNDERWEAR, 34-74'S",26.99,26.99,each,2026-10-01T03:00:00-04:00,2026-10-07T23:59:59-04:00,8163435,0.36,$/each,74.0,True,,False,68.0,😐 Fair,"11.5% below avg of $30.50 ($26.99 vs $30.50), and the best price across 2 stores",Training Underwear,Household & Personal,Baby,claude_code,0.33,0.61,0.41,10,50.0,False,12.0,2,2,0.36,Real Canadian Superstore,False,63.4,100,89,Only if needed,12% below avg $0.41; #2 of 2 stores; 10 prior prices
No Frills,"NESCAFÉ SWEET & CREAMY, 144-351 G, RICH INSTANT COFFEE, 100-170 G OR ESPRESSO CONCENTRATE, 500 ML",6.44,6.44,each,2026-10-01T03:00:00-04:00,2026-10-07T23:59:59-04:00,8163435,18.35,$/kg,351.0,True,low_history,False,45.0,⚠️ Below Average,No price history or cross-store data available; neutral score at $6.44,Instant Coffee (Sweet & Creamy),Beverages,Coffee,claude_code,38.18,38.18,38.18,2,100.0,True,51.9,,1,,,True,95.0,90,64,Buy this week,52% below avg $38.18; Lowest seen; Only 2 prior prices
No Frills,"NO NAME® ALL PURPOSE CLEANER, 1.3 L OR TOILET BOWL CLEANER, 710 ML",3.0,3.0,each,2026-10-01T03:00:00-04:00,2026-10-07T23:59:59-04:00,8163435,2.31,$/L,1300.0,True,,False,45.0,⚠️ Below Average,No price history or cross-store data available; neutral score at $3.00,All Purpose Cleaner,Household & Personal,Cleaning Supplies,claude_code,4.0,11.0,6.59,5,100.0,True,54.5,1,2,2.31,No Frills,False,100.0,100,85,Stock up,54% below avg $6.59; Lowest seen; Cheapest of 2 stores
No Frills,"NO NAME® BLEACH, 2.4 L",3.5,3.5,each,2026-10-01T03:00:00-04:00,2026-10-07T23:59:59-04:00,8163435,1.46,$/L,2400.0,True,,False,50.0,😐 Fair,LOWEST PRICE in 6 months (usually $3.50),Bleach,Household & Personal,nan,cached,3.87,7.99,5.68,7,100.0,True,38.4,,1,,,False,81.9,100,74,Buy this week,38% below avg $5.68; Lowest seen; 7 prior prices
No Frills,"BUNCH MINT, EACH OR METHI LEAF, EACH, OR RED CARROTS",1.49,1.49,each,2026-10-01T03:00:00-04:00,2026-10-07T23:59:59-04:00,8163435,,,,True,no_history,False,45.0,⚠️ Below Average,No price history or cross-store data available; neutral score at $1.49,Mint (Bunch),Produce,Herbs,claude_code,,,,0,,False,,,1,,,False,40.0,80,25,Skip,No price history
No Frills,"PINE-SOL ALL PURPOSE CLEANER, 1.44 L",4.29,4.29,each,2026-10-01T03:00:00-04:00,2026-10-07T23:59:59-04:00,8163435,2.98,$/L,1440.0,True,,False,52.0,😐 Fair,"At historic low of $4.29, only 3.2% below avg of $4.43",All Purpose Cleaner,Household & Personal,Cleaning Supplies,claude_code,4.0,11.0,6.59,5,60.0,False,34.9,2,2,2.31,No Frills,False,79.4,100,85,Buy this week,35% below avg $6.59; #2 of 2 stores; 5 prior prices
No Frills,OKRA,3.99,3.99,each,2026-10-01T03:00:00-04:00,2026-10-07T23:59:59-04:00,8163435,,,,True,,False,48.0,⚠️ Below Average,Only 4.5% below avg of $4.18; Walmart offers it for $1.17 across 2 stores,Okra,Produce,Vegetables,claude_code,3.97,5.47,4.56,8,75.0,False,12.4,,1,,,False,48.7,100,66,Skip,12% below avg $4.56; 8 prior prices
No Frills,"CLASSICO PASTA or PIZZA SAUCE, 410/600 mL",2.97,2.97,each,2026-10-01T03:00:00-04:00,2026-10-07T23:59:59-04:00,8163435,4.95,$/L,600.0,True,,False,45.0,⚠️ Below Average,No price history or cross-store data available; neutral score at $2.97,Pasta Sauce,Pantry,Sauces/Condiments,claude_code,2.94,5.45,4.36,6,16.7,False,-13.5,3,4,2.97,Real Canadian Superstore,True,48.2,100,89,Skip,14% above average; #3 of 4 stores; 6 prior prices
No Frills,"HEINZ BEANS or PASTA, 398 mL",1.27,1.27,each,2026-10-01T03:00:00-04:00,2026-10-07T23:59:59-04:00,8163435,3.19,$/L,398.0,True,,False,58.0,😐 Fair,LOWEST PRICE in 6 months (usually $1.44),Beans,Pantry,nan,cached,2.78,16.13,6.07,6,66.7,False,47.5,1,4,1.27,No Frills,True,100.0,100,89,Stock up,48% below avg $6.07; Cheapest of 4 stores; 6 prior prices
No Frills,"PC® LAUNDRY DETERGENT STRIPS, 32'S OR TOILET STRIPS, 39'S",9.0,9.0,each,2026-10-01T03:00:00-04:00,2026-10-07T23:59:59-04:00,8163435,0.28,$/each,32.0,True,,False,45.0,⚠️ Below Average,No price history or cross-store data available; neutral score at $9.00,Laundry Detergent Strips,Household & Personal,Laundry,claude_code,0.23,0.28,0.25,5,0.0,False,-12.9,,1,,,False,38.5,100,74,Skip,13% above average; 5 prior prices; Unit price checked $/each
No Frills,"TETLEY TEA, 80/144's",6.99,6.99,each,2026-10-01T03:00:00-04:00,2026-10-07T23:59:59-04:00,8163435,0.05,$/each,144.0,True,low_history,False,54.0,😐 Fair,LOWEST PRICE in 6 months (usually $7.50),Tetley Tea,Beverages,Tea,cached,0.05,0.06,0.06,2,50.0,True,9.1,,1,,,False,61.4,90,64,Only if needed,9% below avg $0.06; Lowest seen; Only 2 prior prices
No Frills,"HALDIRAM'S INDIAN SNACKS, 90-160 g",1.0,1.0,each,2026-10-01T03:00:00-04:00,2026-10-07T23:59:59-04:00,8163435,6.25,$/kg,160.0,True,,False,45.0,⚠️ Below Average,No price history or cross-store data available; neutral score at $1.00,Indian Snack Mix,Snacks,Chips/Pretzels,claude_code,10.0,46.67,33.21,9,100.0,True,81.2,,1,,,False,90.0,100,74,Stock up,81% below avg $33.21; Lowest seen; 9 prior prices
No Frills,"PC® LITTLE GEMS® RED, YELLOW OR MIXED MINI POTATOES, 608 G",3.99,3.99,each,2026-10-01T03:00:00-04:00,2026-10-07T23:59:59-04:00,8163435,6.56,$/kg,608.0,True,,False,50.0,😐 Fair,"Matches historic avg and low of $3.99, unchanged price",Mini Potatoes,Produce,Vegetables,claude_code,4.38,5.87,5.5,4,0.0,False,-19.3,,1,,,True,40.4,100,70,Skip,19% above average; 4 prior prices; Unit price checked $/kg
No Frills,"WATSON RIDGE CHICKEN BREASTS, 800 G",13.0,13.0,each,2026-10-01T03:00:00-04:00,2026-10-07T23:59:59-04:00,8163435,16.25,$/kg,800.0,True,,False,54.0,😐 Fair,"8.3% above avg of $12.00, but still the best price across 2 stores",Chicken Breasts,Poultry,Chicken Breast,claude_code,23.02,25.4,24.61,3,100.0,True,34.0,1,2,16.25,No Frills,True,100.0,100,81,Stock up,34% below avg $24.61; Lowest seen; Cheapest of 2 stores
No Frills,"STRAWBERRIES, 1 LB CLAMSHELL",4.99,4.99,each,2026-10-01T03:00:00-04:00,2026-10-07T23:59:59-04:00,8163435,11.0,$/kg,453.592,True,,False,35.0,⚠️ Below Average,Near average ($4.54),Strawberries,Produce,Fruit,cached,4.41,17.65,10.06,10,30.0,False,-9.4,2,2,4.49,Calgary Co-op,False,50.3,100,89,Only if needed,9% above average; #2 of 2 stores; 10 prior prices
No Frills,"PC® SPLENDIDO® GRANA PADANO OR PECORINO ROMANO CHEESE, 250 G",8.0,8.0,each,2026-10-01T03:00:00-04:00,2026-10-07T23:59:59-04:00,8163435,32.0,$/kg,250.0,True,,False,45.0,⚠️ Below Average,No price history or cross-store data available; neutral score at $8.00,Grana Padano Cheese,Dairy & Eggs,Cheese (Block),claude_code,5.49,5.99,5.82,3,0.0,False,-37.4,,1,,,True,31.3,100,70,Skip,37% above average; 3 prior prices; Unit price checked $/kg
No Frills,"PC® DIP or HUMMUS, 200/227 g or NAAN DIPPERS, 200 g",3.5,3.5,each,2026-10-01T03:00:00-04:00,2026-10-07T23:59:59-04:00,8163435,15.42,$/kg,227.0,True,low_history,False,45.0,⚠️ Below Average,No price history or cross-store data available; neutral score at $3.50,Dip,Other,Deli (Prepared),claude_code,8.81,13.22,11.02,2,0.0,False,-40.0,2,2,10.0,No Frills,False,35.0,90,75,Skip,40% above average; #2 of 2 stores; Only 2 prior prices
No Frills,STEFANO SAUCE 648 mL or KRAFT GRATED PARMESAN CHEESE 250 g,6.99,6.99,each,2026-10-01T03:00:00-04:00,2026-10-07T23:59:59-04:00,8163435,27.96,$/kg,250.0,True,,False,45.0,⚠️ Below Average,No price history or cross-store data available; neutral score at $6.99,Pasta Sauce,Pantry,Sauces/Condiments,claude_code,2.0,12.99,6.56,61,50.0,False,-6.6,4,4,2.97,Real Canadian Superstore,True,36.7,100,96,Skip,7% above average; 61 prior prices; Unit price checked $/kg
No Frills,"PC® BLACK LABEL ICE CREAM, 500 mL",4.5,4.5,each,2026-10-01T03:00:00-04:00,2026-10-07T23:59:59-04:00,8163435,9.0,$/L,500.0,True,,False,50.0,😐 Fair,LOWEST PRICE in 6 months (usually $4.50),Black Label Ice Cream,Frozen,nan,cached,4.67,15.15,7.2,17,17.6,False,-25.0,,1,,,False,32.5,100,78,Skip,25% above average; 17 prior prices; Unit price checked $/L
No Frills,"PC® NUTRITION FIRST® DRY CAT FOOD, 2 KG",14.0,14.0,each,2026-10-01T03:00:00-04:00,2026-10-07T23:59:59-04:00,8163435,7.0,$/kg,2000.0,True,low_history,False,45.0,⚠️ Below Average,No price history or cross-store data available; neutral score at $14.00,Dry Cat Food,Household & Personal,Pet Food/Supplies,claude_code,4.0,6.22,5.11,2,0.0,False,-37.0,2,3,4.5,Real Canadian Superstore,False,36.5,90,79,Skip,37% above average; #2 of 3 stores; Only 2 prior prices
No Frills,"MAPLE LEAF HAM, 600 g",7.0,7.0,each,2026-10-01T03:00:00-04:00,2026-10-07T23:59:59-04:00,8163435,11.67,$/kg,600.0,True,,False,45.0,⚠️ Below Average,No price history or cross-store data available; neutral score at $7.00,Ham,Pork,Ham,claude_code,1.99,14.99,4.88,17,11.8,False,-43.3,3,3,2.99,Save-On-Foods,False,28.4,100,93,Skip,43% above average; #3 of 3 stores; 17 prior prices
No Frills,"NATREL COFFEE CREAMER, 1 L",5.99,5.99,each,2026-10-01T03:00:00-04:00,2026-10-07T23:59:59-04:00,8163435,5.99,$/L,1000.0,True,,False,37.0,⚠️ Below Average,Near average ($5.66),Coffee Creamer,Dairy & Eggs,Cream,cached,4.99,8.44,6.8,6,58.3,False,12.0,2,3,4.76,Real Canadian Superstore,True,68.4,100,89,Only if needed,12% below avg $6.80; #2 of 3 stores; 6 prior prices
No Frills,"ROGERS GRANULATED WHITE SUGAR, 10 kg",12.99,12.99,each,2026-10-01T03:00:00-04:00,2026-10-07T23:59:59-04:00,8163435,1.3,$/kg,10000.0,True,,False,25.0,❌ Poor Value,"22% above avg of $10.65 ($12.99 vs $10.65), well above the historic low of $4.99",Granulated White Sugar,Pantry,Baking Supplies,claude_code,0.99,2.79,1.83,13,69.2,False,29.1,,1,,,True,70.4,100,78,Compare first,29% below avg $1.83; 13 prior prices; Unit price checked $/kg
No Frills,"SAN DANIELE PROSCIUTTO, 100 g or MASTRO SALAMI, 150 g",5.0,5.0,each,2026-10-01T03:00:00-04:00,2026-10-07T23:59:59-04:00,8163435,50.0,$/kg,100.0,True,,False,45.0,⚠️ Below Average,No price history or cross-store data available; neutral score at $5.00,Prosciutto,Other,Deli (Prepared),claude_code,6.29,6.99,6.87,6,100.0,True,27.3,3,3,4.49,Sobeys,False,79.1,100,89,Buy this week,27% below avg $6.87; Lowest seen; #3 of 3 stores
No Frills,"SAPUTO MOZZARELLISSIMA, 500 g",6.0,6.0,each,2026-10-01T03:00:00-04:00,2026-10-07T23:59:59-04:00,8163435,12.0,$/kg,500.0,True,,False,50.0,😐 Fair,LOWEST PRICE in 6 months (usually $6.07),Mozzarella Cheese,Dairy & Eggs,Cheese (Block),cached,12.0,13.0,12.33,3,50.0,True,2.7,,1,,,False,56.9,100,70,Only if needed,Lowest seen; 3 prior prices; Unit price checked $/kg
No Frills,"CASTELLO HAVARTI, 170/200 g or BLUE CHEESE, 125 g",5.0,5.0,each,2026-10-01T03:00:00-04:00,2026-10-07T23:59:59-04:00,8163435,25.0,$/kg,200.0,True,,False,45.0,⚠️ Below Average,No price history or cross-store data available; neutral score at $5.00,Havarti Cheese,Dairy & Eggs,Cheese (Block),claude_code,2.15,7.99,5.78,4,75.0,False,13.5,,1,,,True,59.5,100,70,Only if needed,14% below avg $5.78; 4 prior prices; Unit price checked $/kg
No Frills,"PC® SPLENDIDO® EXTRA VIRGIN OLIVE OIL, 1 L",12.0,12.0,each,2026-10-01T03:00:00-04:00,2026-10-07T23:59:59-04:00,8163435,12.0,$/L,1000.0,True,,False,45.0,⚠️ Below Average,No price history or cross-store data available; neutral score at $12.00,Extra Virgin Olive Oil,Pantry,Spices/Oils,claude_code,8.99,19.98,15.94,6,83.3,False,24.7,,1,,,False,62.3,100,74,Only if needed,25% below avg $15.94; 6 prior prices; Unit price checked $/L
No Frills,GINGER ROOT OR LONG EGGPLANT,1.99,1.99,each,2026-10-01T03:00:00-04:00,2026-10-07T23:59:59-04:00,8163435,,,,True,,False,39.0,⚠️ Below Average,Near average ($1.98),Ginger Root,Produce,nan,cached,1.97,2.5,2.05,25,48.0,False,2.8,,1,,,False,42.0,100,73,Skip,25 prior prices
No Frills,"LIBERTÉ GREEK, 650/750 G OR YOPLAIT SOURCE, 16 X 100 G YOGURT",7.0,7.0,each,2026-10-01T03:00:00-04:00,2026-10-07T23:59:59-04:00,8163435,4.38,$/kg,1600.0,True,,False,45.0,⚠️ Below Average,No price history or cross-store data available; neutral score at $7.00,Greek Yogurt,Dairy & Eggs,Yogurt,claude_code,5.42,35.0,13.56,5,100.0,True,67.7,2,2,4.38,No Frills,True,100.0,100,85,Stock up,68% below avg $13.56; Lowest seen; #2 of 2 stores
No Frills,"BLUEBERRIES, BLACKBERRIES OR RASPBERRIES, 6 OZ CLAMSHELL",3.99,3.99,each,2026-10-01T03:00:00-04:00,2026-10-07T23:59:59-04:00,8163435,23.46,$/kg,170.09699999999998,True,,False,45.0,⚠️ Below Average,No price history or cross-store data available; neutral score at $3.99,Blueberries,Produce,Fruit,claude_code,11.0,28.74,18.98,4,50.0,False,-23.6,,1,,,False,33.2,100,70,Skip,24% above average; 4 prior prices; Unit price checked $/kg
No Frills,"FARMER'S MARKET™ RED ONIONS, 3 LB BAG",3.99,3.99,each,2026-10-01T03:00:00-04:00,2026-10-07T23:59:59-04:00,8163435,2.93,$/kg,1360.776,True,low_history,False,53.0,😐 Fair,"At historic low of $3.99, 4.1% below avg of $4.16",Red Onions,Produce,Vegetables,claude_code,1.98,2.93,2.46,2,0.0,False,-19.3,1,2,3.99,No Frills,True,60.4,90,75,Only if needed,19% above average; Cheapest of 2 stores; Only 2 prior prices
No Frills,"FARMER'S MARKET™ ENGLISH CUCUMBERS or MINI CARROTS, PKG 3",3.99,3.99,each,2026-10-01T03:00:00-04:00,2026-10-07T23:59:59-04:00,8163435,,,,True,,False,33.0,⚠️ Below Average,17.7% above avg of $3.39 ($3.99 vs $3.39); Real Canadian Superstore has it for $2.99,English Cucumbers,Produce,Vegetables,claude_code,2.52,5.99,4.29,42,47.6,False,6.9,,1,,,False,44.8,100,73,Skip,7% below avg $4.29; 42 prior prices
No Frills,"BEETS, RUTABAGAS, FARMER'S MARKET™ CARROTS OR YELLOW ONIONS, 10 LB BAG",4.99,4.99,each,2026-10-01T03:00:00-04:00,2026-10-07T23:59:59-04:00,8163435,1.1,$/kg,4535.92,True,,False,45.0,⚠️ Below Average,No price history or cross-store data available; neutral score at $4.99,Beets,Produce,Vegetables,claude_code,1.69,3.99,3.16,4,0.0,False,-57.7,1,2,4.99,No Frills,True,45.0,100,81,Skip,58% above average; Cheapest of 2 stores; 4 prior prices
No Frills,"FARMER'S MARKET™ LEMONS, 3 LB BAG",5.99,5.99,each,2026-10-01T03:00:00-04:00,2026-10-07T23:59:59-04:00,8163435,4.4,$/kg,1360.776,True,,False,50.0,😐 Fair,LOWEST PRICE in 6 months (usually $5.99),Lemons,Produce,nan,cached,3.86,4.41,4.24,5,40.0,False,-3.7,1,2,4.4,No Frills,False,63.1,100,85,Only if needed,Cheapest of 2 stores; 5 prior prices; Unit price checked $/kg
No Frills,"DORITOS TORTILLA CHIPS or ROLLED TORTILLA CHIPS, 210-280 g",3.0,3.0,each,2026-10-01T03:00:00-04:00,2026-10-07T23:59:59-04:00,8163435,10.71,$/kg,280.0,True,,False,45.0,⚠️ Below Average,No price history or cross-store data available; neutral score at $3.00,Tortilla Chips,Snacks,Chips/Pretzels,claude_code,7.14,22.68,12.25,19,63.2,False,12.6,2,3,7.14,Real Canadian Superstore,False,63.8,100,93,Only if needed,13% below avg $12.25; #2 of 3 stores; 19 prior prices
No Frills,"NO NAME® NATURALLY IMPERFECT™ RED or RUSSET POTATOES, 20 LB BAG",7.0,7.0,each,2026-10-01T03:00:00-04:00,2026-10-07T23:59:59-04:00,8163435,0.77,$/kg,9071.84,True,,False,54.0,😐 Fair,Above average (usually $6.27). Best price across 2 stores,Potatoes (20 lb),Produce,Vegetables,cached,7.0,9.0,7.96,3,66.7,True,12.1,,1,,,True,68.5,100,70,Only if needed,12% below avg $7.96; Lowest seen; 3 prior prices
No Frills,"MCCAIN SUPER FRIES or SPECIALTY FRIES, 454-800 g or POCKETS, 300 g",3.0,3.0,each,2026-10-01T03:00:00-04:00,2026-10-07T23:59:59-04:00,8163435,3.75,$/kg,800.0,True,,False,45.0,⚠️ Below Average,No price history or cross-store data available; neutral score at $3.00,Super Fries,Frozen,Fruit/Vegetables,claude_code,3.46,4.38,3.94,10,70.0,False,4.8,,1,,,False,48.4,100,78,Skip,10 prior prices; Unit price checked $/kg
No Frills,"FARMER'S MARKET™ MANDARINS, 4 LB BAG",6.99,6.99,each,2026-10-01T03:00:00-04:00,2026-10-07T23:59:59-04:00,8163435,3.85,$/kg,1814.368,True,,False,40.0,⚠️ Below Average,Standard pricing (no historical data),Mandarins,Produce,nan,cached,3.85,5.14,4.62,6,83.3,True,16.6,4,4,1.69,Sobeys,False,56.6,100,89,Only if needed,17% below avg $4.62; Lowest seen; 6 prior prices
No Frills,SWEET POTATOES,1.99,1.99,each,2026-10-01T03:00:00-04:00,2026-10-07T23:59:59-04:00,8163435,,,,True,,False,50.0,😐 Fair,"7% below avg of $2.14, but Walmart offers it for $1.24 across 4 stores",Sweet Potatoes,Produce,Vegetables,claude_code,1.94,2.27,2.12,8,62.5,False,6.3,4,4,1.24,Walmart,True,39.4,100,81,Skip,6% below avg $2.12; 8 prior prices
No Frills,"ALLEN'S FRUIT COCKTAIL, 1 L OR POWERADE SPORT DRINKS, 710 ML",1.0,1.0,each,2026-10-01T03:00:00-04:00,2026-10-07T23:59:59-04:00,8163435,1.0,$/L,1000.0,True,,False,40.0,⚠️ Below Average,Standard pricing (no historical data),Fruit Cocktail,Pantry,nan,cached,1.0,1.76,1.44,5,80.0,True,30.4,,1,,,False,76.3,100,74,Buy this week,30% below avg $1.44; Lowest seen; 5 prior prices
No Frills,"BEATRICE OR DAIRYLAND CHOCOLATE MILK, 946 ML / 1 L",2.0,2.0,each,2026-10-01T03:00:00-04:00,2026-10-07T23:59:59-04:00,8163435,2.0,$/L,1000.0,True,,False,62.0,😐 Fair,"At historic low of $2.00, 17% below avg of $2.41",Chocolate Milk,Dairy & Eggs,Milk,claude_code,2.11,2.64,2.33,5,100.0,True,14.2,,1,,,True,69.9,100,74,Only if needed,14% below avg $2.33; Lowest seen; 5 prior prices
No Frills,"NO NAME® FLOUR, 10 kg",9.88,9.88,each,2026-10-01T03:00:00-04:00,2026-10-07T23:59:59-04:00,8163435,0.99,$/kg,10000.0,True,,False,70.0,✅ Good Buy,LOWEST PRICE in 6 months (usually $9.88). Best price across 2 stores,Flour,Pantry,Baking Supplies,cached,0.99,2.2,1.23,6,58.3,True,19.3,1,3,0.99,No Frills,True,93.5,100,89,Stock up,19% below avg $1.23; Lowest seen; Cheapest of 3 stores
No Frills,"NO NAME® FLAKED or CHUNK LIGHT TUNA, 85/170 g",1.0,1.0,each,2026-10-01T03:00:00-04:00,2026-10-07T23:59:59-04:00,8163435,5.88,$/kg,170.0,True,,False,45.0,⚠️ Below Average,No price history or cross-store data available; neutral score at $1.00,Flaked Light Tuna,Pantry,Canned Goods,claude_code,5.88,13.47,8.28,8,87.5,True,29.0,,1,,,False,75.3,100,74,Compare first,29% below avg $8.28; Lowest seen; 8 prior prices
No Frills,"CAMPBELL'S TOMATO, CREAM OF MUSHROOM, VEGETABLE or CHICKEN NOODLE SOUP, 284 ML",0.95,0.95,each,2026-10-01T03:00:00-04:00,2026-10-07T23:59:59-04:00,8163435,3.35,$/L,284.0,True,low_history,False,52.0,😐 Fair,LOWEST PRICE in 6 months (usually $0.98),Tomato Soup,Pantry,Soups,cached,3.35,3.52,3.44,2,50.0,True,2.5,,1,,,False,56.8,90,64,Only if needed,Lowest seen; Only 2 prior prices; Unit price checked $/L
No Frills,"ARMSTRONG or PC® SHREDDED CHEESE, 250 - 320 g or ARMSTRONG CHEESE, 400 g",4.99,4.99,each,2026-10-01T03:00:00-04:00,2026-10-07T23:59:59-04:00,8163435,15.59,$/kg,320.0,True,,False,41.0,⚠️ Below Average,Only 1.2% below avg of $5.05 ($4.99 vs $5.05),Shredded Cheese,Dairy & Eggs,Cheese (Shredded/Sliced),claude_code,15.0,21.88,17.05,10,70.0,False,8.6,1,2,4.99,No Frills,True,76.0,100,89,Buy this week,9% below avg $17.05; Cheapest of 2 stores; 10 prior prices
No Frills,NEW ZEALAND SHORT CUT LAMB LEG,5.99,5.99,each,2026-10-01T03:00:00-04:00,2026-10-07T23:59:59-04:00,8163435,,,,True,,False,75.0,✅ Good Buy,LOWEST PRICE in 6 months (usually $9.33),Lamb Leg (Short Cut),Lamb,nan,cached,5.97,10.0,8.49,4,75.0,False,29.4,,1,,,False,60.6,100,62,Only if needed,29% below avg $8.49; 4 prior prices
No Frills,PORK HALF LOIN,2.49,2.49,each,2026-10-01T03:00:00-04:00,2026-10-07T23:59:59-04:00,8163435,,,,True,,False,56.0,😐 Fair,LOWEST PRICE in 6 months (usually $2.76),Pork Loin (Half),Pork,Roast,cached,2.49,15.99,6.04,173,99.1,True,58.8,,1,,,False,85.0,100,73,Buy this week,59% below avg $6.04; Lowest seen; 173 prior prices
No Frills,"STOVE TOP STUFFING MIX, 120 g",1.29,1.29,each,2026-10-01T03:00:00-04:00,2026-10-07T23:59:59-04:00,8163435,10.75,$/kg,120.0,True,no_history,False,53.0,😐 Fair,"No price history, but close to Real Canadian Superstore's best price of $1.25 vs $1.29 here",Stuffing Mix,Pantry,Pasta/Grains,claude_code,,,,0,,False,,2,2,10.42,Real Canadian Superstore,False,55.0,80,44,Only if needed,#2 of 2 stores; No price history; Unit price checked $/kg
No Frills,"BLACK DIAMOND PROCESSED CHEESE SLICES, 410 g or LACTANTIA CREAM CHEESE, 227 g",3.33,3.33,each,2026-10-01T03:00:00-04:00,2026-10-07T23:59:59-04:00,8163435,8.12,$/kg,410.0,True,,False,36.0,⚠️ Below Average,5.7% above avg of $3.15 ($3.33 vs $3.15),Processed Cheese Slices,Dairy & Eggs,Cheese (Shredded/Sliced),claude_code,7.24,26.43,10.8,6,33.3,False,24.8,,1,,,True,67.4,100,74,Only if needed,25% below avg $10.80; 6 prior prices; Unit price checked $/kg
No Frills,YELLOW PEACHES,3.99,3.99,each,2026-10-01T03:00:00-04:00,2026-10-07T23:59:59-04:00,8163435,,,,True,,False,49.0,⚠️ Below Average,Slightly below avg ($4.59),Peaches (Yellow),Produce,Fruit,cached,1.99,3.49,2.59,5,0.0,False,-54.1,,1,,,False,15.0,100,66,Skip,54% above average; 5 prior prices
No Frills,"NO NAME® BAGELS or ENGLISH MUFFINS, 6's",2.25,2.25,each,2026-10-01T03:00:00-04:00,2026-10-07T23:59:59-04:00,8163435,0.38,$/each,6.0,True,,False,38.0,⚠️ Below Average,Near average ($2.17),Bagels or English Muffins,Bakery,Bagels/Muffins,cached,0.33,0.38,0.37,4,25.0,False,-3.4,,1,,,False,43.3,100,70,Skip,4 prior prices; Unit price checked $/each
No Frills,"ACE ARTISAN STYLE ROLLS, 400-530 G",5.0,5.0,each,2026-10-01T03:00:00-04:00,2026-10-07T23:59:59-04:00,8163435,9.43,$/kg,530.0,True,,False,27.0,❌ Poor Value,Above average (usually $4.00),Artisan Rolls,Bakery,Buns/Rolls,cached,7.55,8.49,7.86,3,0.0,False,-19.9,,1,,,False,35.0,100,70,Skip,20% above average; 3 prior prices; Unit price checked $/kg
No Frills,"FARMER'S MARKET™ SQUARES, 400/450 g or CHARLOTTE'S CAKE POPPERS, 280 g",5.5,5.5,each,2026-10-01T03:00:00-04:00,2026-10-07T23:59:59-04:00,8163435,12.22,$/kg,450.0,True,,False,65.0,😐 Fair,"No price history, but the best price at $5.50 across 2 stores",Dessert Squares,Bakery,Desserts/Cakes,claude_code,3.99,8.99,6.99,3,66.7,False,21.3,1,2,12.22,No Frills,False,79.9,100,81,Buy this week,21% below avg $6.99; Cheapest of 2 stores; 3 prior prices
No Frills,CAULIFLOWER,3.99,3.99,each,2026-10-01T03:00:00-04:00,2026-10-07T23:59:59-04:00,8163435,,,,True,,False,63.0,😐 Fair,21.2% below avg of $5.06 ($3.99 vs $5.06); Walmart is close at $3.44,Cauliflower,Produce,Vegetables,claude_code,2.99,4.99,4.49,12,70.8,False,11.1,,1,,,False,47.8,100,70,Skip,11% below avg $4.49; 12 prior prices
No Frills,"PC® WHOLE CREMINI or WHITE MUSHROOMS, 454 G",3.99,3.99,each,2026-10-01T03:00:00-04:00,2026-10-07T23:59:59-04:00,8163435,8.79,$/kg,454.0,True,,False,59.0,😐 Fair,Near average ($3.94). Best price across 2 stores,Mushrooms (Whole),Produce,nan,cached,8.79,9.91,9.17,3,66.7,True,4.1,2,2,8.79,Real Canadian Superstore,False,67.9,100,81,Only if needed,Lowest seen; #2 of 2 stores; 3 prior prices
No Frills,PIE PUMPKINS,1.99,1.99,each,2026-10-01T03:00:00-04:00,2026-10-07T23:59:59-04:00,8163435,,,,True,no_history,False,65.0,😐 Fair,"No price history, but the best price at $1.99 across 3 stores",Pie Pumpkins,Produce,Vegetables,claude_code,,,,0,,False,,1,2,1.99,No Frills,False,60.0,80,36,Only if needed,Cheapest of 2 stores; No price history
No Frills,"RESER'S SALADS, 425/454 g or ZIGGY'S® PASTA, 350 g",2.5,2.5,each,2026-10-01T03:00:00-04:00,2026-10-07T23:59:59-04:00,8163435,5.51,$/kg,454.0,True,,False,56.0,😐 Fair,"At historic low of $2.50, 9.1% below avg of $2.75",Prepared Salad,Other,Deli (Prepared),claude_code,5.51,8.57,6.95,5,70.0,True,20.8,,1,,,True,74.6,100,74,Compare first,21% below avg $6.95; Lowest seen; 5 prior prices
No Frills,LEAN GROUND BEEF,7.49,7.49,each,2026-10-01T03:00:00-04:00,2026-10-07T23:59:59-04:00,8163435,,,,True,,False,70.0,✅ Good Buy,Slightly below avg ($8.78). Best price across 2 stores,Ground Beef (Lean),Beef,Ground Beef,cached,3.99,11.88,7.62,36,52.8,False,1.7,,1,,,True,46.2,100,73,Skip,36 prior prices
No Frills,"NO NAME® WHOLE GRAIN, LARGE FLAKES or ONE MINUTE OATS, 900 g-1 kg",3.0,3.0,each,2026-10-01T03:00:00-04:00,2026-10-07T23:59:59-04:00,8163435,3.0,$/kg,1000.0,True,no_history,False,45.0,⚠️ Below Average,No price history or cross-store data available; neutral score at $3.00,Rolled Oats,Pantry,Breakfast/Cereal,claude_code,,,,0,,False,,,1,,,False,45.0,80,33,Skip,No price history; Unit price checked $/kg
No Frills,BEEFSTEAK TOMATOES,1.99,1.99,each,2026-10-01T03:00:00-04:00,2026-10-07T23:59:59-04:00,8163435,,,,True,,False,56.0,😐 Fair,23.5% below avg of $2.60 ($1.99 vs $2.60),Beefsteak Tomatoes,Produce,Vegetables,claude_code,1.92,3.49,2.6,7,57.1,False,23.5,,1,,,True,61.5,100,66,Only if needed,24% below avg $2.60; 7 prior prices
No Frills,"E.D. SMITH PIE FILLING, 540/79 6ML",4.79,4.79,each,2026-10-01T03:00:00-04:00,2026-10-07T23:59:59-04:00,8163435,,,,True,,False,45.0,⚠️ Below Average,No price history or cross-store data available; neutral score at $4.79,Pie Filling,Pantry,Baking Supplies,claude_code,4.49,6.99,5.96,15,93.3,False,19.6,4,4,2.49,Sobeys,False,43.7,100,85,Skip,20% below avg $5.96; 15 prior prices
No Frills,"NO NAME® SOUR CREAM, 500 ML",2.5,2.5,each,2026-10-01T03:00:00-04:00,2026-10-07T23:59:59-04:00,8163435,5.0,$/L,500.0,True,,False,56.0,😐 Fair,LOWEST PRICE in 6 months (usually $2.74),Sour Cream,Dairy & Eggs,Sour Cream,cached,5.0,6.58,5.75,6,75.0,True,13.1,3,3,2.49,Sobeys,False,69.2,100,89,Only if needed,13% below avg $5.75; Lowest seen; #3 of 3 stores
No Frills,NO NAME® WHIPPED TOPPING 1 L or PIE SHELLS 350-380 g,4.0,4.0,each,2026-10-01T03:00:00-04:00,2026-10-07T23:59:59-04:00,8163435,10.53,$/kg,380.0,True,low_history,False,45.0,⚠️ Below Average,No pricing history or cross-store data available; neutral score assigned.,Whipped Topping,Frozen,Ice Cream/Dessert,claude_code,15.56,19.96,17.76,2,100.0,True,40.7,2,5,2.97,Walmart,False,93.5,90,79,Buy this week,41% below avg $17.76; Lowest seen; #2 of 5 stores
No Frills,"CARNATION EVAPORATED MILK, 354 mL",1.75,1.75,each,2026-10-01T03:00:00-04:00,2026-10-07T23:59:59-04:00,8163435,4.94,$/L,354.0,True,,False,54.0,😐 Fair,LOWEST PRICE in 6 months (usually $1.88),Evaporated Milk,Dairy & Eggs,nan,cached,4.24,4.24,4.24,4,0.0,False,-16.5,2,2,4.94,No Frills,True,51.8,100,81,Only if needed,16% above average; #2 of 2 stores; 4 prior prices
No Frills,"FRITO-LAY MINIS CANISTERS, 102-145 g",3.75,3.75,each,2026-10-01T03:00:00-04:00,2026-10-07T23:59:59-04:00,8163435,25.86,$/kg,145.0,True,no_history,False,40.0,⚠️ Below Average,Standard pricing (no historical data),Minis Canisters,Snacks,nan,cached,,,,0,,False,,,1,,,False,45.0,80,33,Skip,No price history; Unit price checked $/kg
No Frills,"STARBUCKS GROUND COFFEE, 793 g",23.49,23.49,each,2026-10-01T03:00:00-04:00,2026-10-07T23:59:59-04:00,8163435,29.62,$/kg,793.0,True,,False,39.0,⚠️ Below Average,Near average ($23.24),Ground Coffee,Beverages,Coffee,cached,16.54,59.96,30.03,13,30.8,False,1.4,2,3,21.49,No Frills,True,61.0,100,93,Only if needed,#2 of 3 stores; 13 prior prices; Unit price checked $/kg
No Frills,"NANAK PANEER, 341 g",4.0,4.0,each,2026-10-01T03:00:00-04:00,2026-10-07T23:59:59-04:00,8163435,11.73,$/kg,341.0,True,,False,57.0,😐 Fair,Slightly below avg ($4.49). $3.99 at Real Canadian Superstore,Paneer,Dairy & Eggs,nan,cached,11.7,15.0,13.29,5,80.0,False,11.7,2,2,11.7,Real Canadian Superstore,False,63.2,100,85,Only if needed,12% below avg $13.29; #2 of 2 stores; 5 prior prices
No Frills,"KFI COOKING SAUCE, 375 mL",3.49,3.49,each,2026-10-01T03:00:00-04:00,2026-10-07T23:59:59-04:00,8163435,9.31,$/L,375.0,True,,False,45.0,⚠️ Below Average,No pricing history or cross-store data available; neutral score assigned.,Cooking Sauce,Pantry,Sauces/Condiments,claude_code,7.87,10.72,9.42,7,57.1,False,1.1,,1,,,False,45.8,100,74,Skip,7 prior prices; Unit price checked $/L
No Frills,"SURAJ® BEANS, PEAS OR LENTILS, 1.81 KG",4.49,4.49,each,2026-10-01T03:00:00-04:00,2026-10-07T23:59:59-04:00,8163435,2.48,$/kg,1810.0,True,low_history,False,45.0,⚠️ Below Average,No pricing history or cross-store data available; neutral score assigned.,Beans,Pantry,Pasta/Grains,claude_code,3.89,4.21,4.05,2,100.0,True,38.8,3,4,1.27,No Frills,False,87.2,90,79,Buy this week,39% below avg $4.05; Lowest seen; #3 of 4 stores
No Frills,"MAYNARDS CANDY, 1.12 KG OR CADBURY CHOCOLATES, 993 G",11.99,11.99,each,2026-10-01T03:00:00-04:00,2026-10-07T23:59:59-04:00,8163435,10.71,$/kg,1120.0,True,,False,45.0,⚠️ Below Average,No pricing history or cross-store data available; neutral score assigned.,Candy,Snacks,Candy/Chocolate,claude_code,5.51,80.0,18.49,19,78.9,False,42.1,1,2,10.71,No Frills,False,94.5,100,89,Stock up,42% below avg $18.49; Cheapest of 2 stores; 19 prior prices
No Frills,"FARMER'S MARKET™ | PC® FARMER'S MARKET™ GRAPE TOMATOES 907 G OR PC® LITTLE BEAUTS VARIETY TOMATOES, 567 G",5.99,5.99,each,2026-10-01T03:00:00-04:00,2026-10-07T23:59:59-04:00,8163435,6.6,$/kg,907.0,True,,False,45.0,⚠️ Below Average,No pricing history or cross-store data available; neutral score assigned.,Grape Tomatoes,Produce,Vegetables,claude_code,6.6,10.56,7.26,6,50.0,True,9.1,1,3,5.99,No Frills,True,86.4,100,89,Buy this week,9% below avg $7.26; Lowest seen; Cheapest of 3 stores
No Frills,LEEKS,4.99,4.99,each,2026-10-01T03:00:00-04:00,2026-10-07T23:59:59-04:00,8163435,,,,True,,False,41.0,⚠️ Below Average,$4.99 is 5.3% above avg of $4.74 and not the best price; Save-On-Foods offers $3.49.,Leeks,Produce,Vegetables,claude_code,3.99,4.99,4.32,3,0.0,False,-15.4,2,2,3.49,Save-On-Foods,False,42.3,100,73,Skip,15% above average; #2 of 2 stores; 3 prior prices
No Frills,"UTILITY OR GRADE A TURKEY, 5-7 kg",23.0,23.0,each,2026-10-01T03:00:00-04:00,2026-10-07T23:59:59-04:00,8163435,3.29,$/kg,7000.0,True,no_history,False,45.0,⚠️ Below Average,No pricing history or cross-store data available; neutral score assigned.,Turkey (Whole),Poultry,Turkey,claude_code,,,,0,,False,,2,4,3.18,No Frills,False,55.0,80,48,Only if needed,#2 of 4 stores; No price history; Unit price checked $/kg
No Frills,"MOTHER'S MAGIC HIMALAYAN PINK ROCK SALT, 2 Kg",6.99,6.99,each,2026-10-01T03:00:00-04:00,2026-10-07T23:59:59-04:00,8163435,3.5,$/kg,2000.0,True,low_history,False,40.0,⚠️ Below Average,Standard pricing (no historical data),Mother's Magic Himalayan Pink Rock Salt,Pantry,nan,cached,3.5,3.5,3.5,2,25.0,True,0.0,,1,,,False,55.0,90,64,Only if needed,Lowest seen; Only 2 prior prices; Unit price checked $/kg
No Frills,"RAPINI each, INDIAN EGGPLANT, INDIAN KARELA",2.99,2.99,each,2026-10-01T03:00:00-04:00,2026-10-07T23:59:59-04:00,8163435,,,,True,no_history,False,45.0,⚠️ Below Average,No pricing history or cross-store data available; neutral score assigned.,Rapini,Produce,Vegetables,claude_code,,,,0,,False,,,1,,,False,40.0,80,25,Skip,No price history
No Frills,GREEN OR RED SEEDLESS GRAPES,3.99,3.99,each,2026-10-01T03:00:00-04:00,2026-10-07T23:59:59-04:00,8163435,,,,True,,False,39.0,⚠️ Below Average,Near average ($3.92),Grapes (Seedless),Produce,nan,cached,2.49,4.77,3.96,14,50.0,False,-0.8,,1,,,False,39.6,100,70,Skip,14 prior prices
No Frills,"NO NAME® OXY-BURST, 651 mL OXY-PRO STAIN REMOVER 68X",4.0,4.0,each,2026-10-01T03:00:00-04:00,2026-10-07T23:59:59-04:00,8163435,6.14,$/L,651.0,True,low_history,False,45.0,⚠️ Below Average,No pricing history or cross-store data available; neutral score assigned.,Stain Remover,Household & Personal,Cleaning Supplies,claude_code,4.0,4.0,4.0,2,25.0,True,0.0,,1,,,False,55.0,90,64,Only if needed,Lowest seen; Only 2 prior prices; Unit price checked $/L
No Frills,"NO NAME® WET MOPPING REFILLS, 12'S",5.0,5.0,each,2026-10-01T03:00:00-04:00,2026-10-07T23:59:59-04:00,8163435,0.42,$/each,12.0,True,,False,45.0,⚠️ Below Average,No pricing history or cross-store data available; neutral score assigned.,Wet Mopping Refills,Household & Personal,Cleaning Supplies,claude_code,6.97,15.97,10.35,8,100.0,True,51.7,,1,,,False,90.0,100,74,Stock up,52% below avg $10.35; Lowest seen; 8 prior prices
No Frills,"PC® THE DECADENT® CHOCOLATE CHIPS or CHUNKS, 226-300 g",5.0,5.0,each,2026-10-01T03:00:00-04:00,2026-10-07T23:59:59-04:00,8163435,16.67,$/kg,300.0,True,low_history,False,58.0,😐 Fair,$5.00 is 11.8% below avg of $5.67 and matches the historical low of $5.00.,Chocolate Chips,Pantry,Baking Supplies,claude_code,18.52,20.33,19.42,2,100.0,True,14.2,2,2,16.67,Real Canadian Superstore,False,74.9,90,75,Compare first,14% below avg $19.42; Lowest seen; #2 of 2 stores
No Frills,"PC® DINNER ENTRÉES, 212-365 g",4.0,4.0,each,2026-10-01T03:00:00-04:00,2026-10-07T23:59:59-04:00,8163435,10.96,$/kg,365.0,True,,False,40.0,⚠️ Below Average,Standard pricing (no historical data),Dinner Entrees,Frozen,nan,cached,5.28,14.71,9.61,11,31.8,False,-14.1,,1,,,False,38.0,100,78,Skip,14% above average; 11 prior prices; Unit price checked $/kg
No Frills,"NO NAME® FREEZER BAGS, 30/40'S",5.5,5.5,each,2026-10-01T03:00:00-04:00,2026-10-07T23:59:59-04:00,8163435,0.14,$/each,40.0,True,low_history,False,40.0,⚠️ Below Average,Standard pricing (no historical data),Freezer Bags,Household & Personal,Cleaning Supplies,cached,0.1,0.16,0.13,2,50.0,False,-7.7,,1,,,False,41.1,90,64,Skip,8% above average; Only 2 prior prices; Unit price checked $/each
No Frills,"MAPLE LEAF FLAKED MEAT, 156 g or HOLIDAY LUNCHEON MEAT, 340 g",2.0,2.0,each,2026-10-01T03:00:00-04:00,2026-10-07T23:59:59-04:00,8163435,12.82,$/kg,156.0,True,,False,45.0,⚠️ Below Average,No pricing history or cross-store data available; neutral score assigned.,Flaked Meat,Pantry,Canned Goods,claude_code,5.88,12.82,10.3,8,18.8,False,-24.5,,1,,,False,32.8,100,74,Skip,24% above average; 8 prior prices; Unit price checked $/kg
No Frills,"TIDE LIQUID, 3.46/3.9 L OR PODS OR FLINGS, 45, 57 OR 76'S LAUNDRY DETERGENT",22.0,22.0,each,2026-10-01T03:00:00-04:00,2026-10-07T23:59:59-04:00,8163435,5.64,$/L,3900.0,True,,False,45.0,⚠️ Below Average,No pricing history or cross-store data available; neutral score assigned.,Laundry Detergent,Household & Personal,Laundry,claude_code,0.11,5.64,2.82,6,0.0,False,-99.9,11,11,5.0,No Frills,False,10.0,100,89,Skip,100% above average; 6 prior prices; Unit price checked $/L
No Frills,"CASTELLO HAVARTI, 200 g",5.0,5.0,each,2026-10-01T03:00:00-04:00,2026-10-07T23:59:59-04:00,8163435,25.0,$/kg,200.0,True,,False,45.0,⚠️ Below Average,No pricing history or cross-store data available; neutral score assigned.,Havarti Cheese,Dairy & Eggs,Cheese (Block),claude_code,2.15,7.99,5.78,4,75.0,False,13.5,,1,,,False,54.5,100,70,Only if needed,14% below avg $5.78; 4 prior prices; Unit price checked $/kg
No Frills,ROBIN HOOD FLOUR,4.5,4.5,each,2026-10-01T03:00:00-04:00,2026-10-07T23:59:59-04:00,8163435,,,,True,,False,97.0,🔥 Hot Deal,LOWEST PRICE in 6 months (usually $7.37). Best price across 3 stores,Flour,Pantry,Baking Supplies,cached,3.0,11.99,7.55,32,96.9,False,40.4,,1,,,True,73.3,100,73,Compare first,40% below avg $7.55; 32 prior prices
No Frills,"SWIFFER WET REFILLS, 12-24's, DRY REFILLS, 16-32's or DUSTER REFILLS, 6-10's",11.0,11.0,each,2026-10-01T03:00:00-04:00,2026-10-07T23:59:59-04:00,8163435,0.46,$/each,24.0,True,,False,40.0,⚠️ Below Average,Standard pricing (no historical data),Swiffer Refills,Household & Personal,nan,cached,6.97,12.99,9.74,8,12.5,False,-13.0,,1,,,False,38.5,100,74,Skip,13% above average; 8 prior prices; Unit price checked $/each
No Frills,"PUREX, 3.45-3.85 L SUNLIGHT, 3.85 L LIQUID LAUNDRY DETERGENT, SNUGGLE FABRIC SOFTENER, 2.77 L OR DRYER SHEETS, 200'S",13.0,13.0,each,2026-10-01T03:00:00-04:00,2026-10-07T23:59:59-04:00,8163435,3.38,$/L,3850.0,True,,False,45.0,⚠️ Below Average,No pricing history or cross-store data available; neutral score assigned.,Laundry Detergent,Household & Personal,Laundry,claude_code,0.11,5.64,2.82,6,33.3,False,-19.8,7,11,5.0,No Frills,False,25.1,100,89,Skip,20% above average; 6 prior prices; Unit price checked $/L
No Frills,"MCCAIN SUPERFRIES OR SPECIALTY FRIES, 454-800 G OR POCKETS, 300 G",3.0,3.0,each,2026-10-01T03:00:00-04:00,2026-10-07T23:59:59-04:00,8163435,3.75,$/kg,800.0,True,,False,38.0,⚠️ Below Average,"$3.00 is 3.1% above avg of $2.91, at the top of the $2.77-$3.00 historical range.",French Fries,Frozen,Fruit/Vegetables,claude_code,3.46,4.38,3.84,6,50.0,False,2.4,,1,,,False,46.7,100,74,Skip,6 prior prices; Unit price checked $/kg
No Frills,"KINDER OR KINDER BUENO MINI HALLOWEEN CHOCOLATES, 297/330 G",10.99,10.99,each,2026-10-01T03:00:00-04:00,2026-10-07T23:59:59-04:00,8163435,33.3,$/kg,330.0,True,low_history,False,45.0,⚠️ Below Average,No pricing history or cross-store data available; neutral score assigned.,Chocolates (Halloween Mini),Snacks,Candy/Chocolate,claude_code,33.33,33.64,33.48,2,100.0,True,0.6,,1,,,False,55.4,90,64,Only if needed,Lowest seen; Only 2 prior prices; Unit price checked $/kg
No Frills,"NABOB GROUND COFFEE, 915/930 g",19.99,19.99,each,2026-10-01T03:00:00-04:00,2026-10-07T23:59:59-04:00,8163435,21.49,$/kg,930.0,True,,False,40.0,⚠️ Below Average,Standard pricing (no historical data),Ground Coffee,Beverages,nan,cached,16.54,59.96,30.03,13,69.2,False,28.4,1,3,21.49,No Frills,True,89.9,100,93,Stock up,28% below avg $30.03; Cheapest of 3 stores; 13 prior prices
No Frills,"HERSHEY'S OR REESE'S CHOCOLATE BARS 90-120 G, JOLLY RANCHER OR TWIZZLERS CANDY 170-198 G",2.5,2.5,each,2026-10-01T03:00:00-04:00,2026-10-07T23:59:59-04:00,8163435,20.83,$/kg,120.0,True,,False,45.0,⚠️ Below Average,No pricing history or cross-store data available; neutral score assigned.,Chocolate Bars,Snacks,Candy/Chocolate,claude_code,20.59,100.0,34.44,15,93.3,False,39.5,1,5,2.5,No Frills,False,92.7,100,93,Stock up,40% below avg $34.44; Cheapest of 5 stores; 15 prior prices
No Frills,"PC® ORGANICS BROTH, 900 mL",2.0,2.0,each,2026-10-01T03:00:00-04:00,2026-10-07T23:59:59-04:00,8163435,2.22,$/L,900.0,True,,False,40.0,⚠️ Below Average,Standard pricing (no historical data),Organic Broth,Pantry,nan,cached,4.99,5.49,5.12,4,100.0,True,60.9,,1,,,False,90.0,100,70,Buy this week,61% below avg $5.12; Lowest seen; 4 prior prices
No Frills,"GOGO SQUEEZ FRUIT SAUCE, 4X90 G",3.0,3.0,each,2026-10-01T03:00:00-04:00,2026-10-07T23:59:59-04:00,8163435,8.33,$/kg,360.0,True,,False,53.0,😐 Fair,LOWEST PRICE in 6 months (usually $3.17),Fruit Sauce Pouches,Pantry,Canned Goods,cached,8.33,8.33,8.33,3,33.3,True,0.0,,1,,,False,55.0,100,70,Only if needed,Lowest seen; 3 prior prices; Unit price checked $/kg
No Frills,"SEAQUEST® PACIFIC RAW WHITE SHRIMP, 300 G",8.0,8.0,each,2026-10-01T03:00:00-04:00,2026-10-07T23:59:59-04:00,8163435,26.67,$/kg,300.0,True,,False,45.0,⚠️ Below Average,No pricing history or cross-store data available; neutral score assigned.,Raw White Shrimp,Seafood,Shrimp/Prawns,claude_code,1.87,92.31,21.81,58,16.4,False,-22.3,,1,,,False,33.9,100,81,Skip,22% above average; 58 prior prices; Unit price checked $/kg
No Frills,"GLAD GARBAGE BAGS WHITE, 30-52's",8.0,8.0,each,2026-10-01T03:00:00-04:00,2026-10-07T23:59:59-04:00,8163435,0.15,$/each,52.0,True,,False,35.0,⚠️ Below Average,$8.00 is 14.4% above avg of $6.99 and not the best price; Real Canadian Superstore offers $6.99.,Garbage Bags,Household & Personal,Paper Products,claude_code,0.14,0.38,0.25,3,66.7,False,39.2,1,2,8.0,No Frills,False,92.4,100,81,Stock up,39% below avg $0.25; Cheapest of 2 stores; 3 prior prices
No Frills,EVERYDAY ESSENTIALS™ FALL CANDLES,6.0,6.0,each,2026-10-01T03:00:00-04:00,2026-10-07T23:59:59-04:00,8163435,,,,True,,False,45.0,⚠️ Below Average,No pricing history or cross-store data available; neutral score assigned.,Fall Candles,Other,Seasonal,claude_code,1.0,345.0,19.69,195,75.1,False,69.5,,1,,,False,75.0,100,73,Compare first,70% below avg $19.69; 195 prior prices
No Frills,"CLOROX BLEACH, 2.8 L",4.99,4.99,each,2026-10-01T03:00:00-04:00,2026-10-07T23:59:59-04:00,8163435,1.78,$/L,2800.0,True,,False,45.0,⚠️ Below Average,No pricing history or cross-store data available; neutral score assigned.,Bleach,Household & Personal,Cleaning Supplies,claude_code,3.87,7.99,5.68,7,57.1,False,12.2,,1,,,False,53.5,100,74,Only if needed,12% below avg $5.68; 7 prior prices; Unit price checked $/L
No Frills,"AIR WICK SCENTED OIL REFILL OR KITS, 5X20 ML",18.0,18.0,each,2026-10-01T03:00:00-04:00,2026-10-07T23:59:59-04:00,8163435,180.0,$/L,100.0,True,,False,38.0,⚠️ Below Average,Near average ($17.33),Scented Oil Refill,Household & Personal,nan,cached,159.7,275.0,192.22,11,31.8,False,6.4,,1,,,False,49.5,100,78,Skip,6% below avg $192.22; 11 prior prices; Unit price checked $/L
No Frills,"NO NAME® SULTANA RAISINS, CRANBERRIES or WHOLE PITTED DATES, 750 g / 1 kg",8.0,8.0,each,2026-10-01T03:00:00-04:00,2026-10-07T23:59:59-04:00,8163435,8.0,$/kg,1000.0,True,,False,45.0,⚠️ Below Average,No pricing history or cross-store data available; neutral score assigned.,Raisins,Pantry,Baking Supplies,claude_code,8.0,11.33,8.72,6,66.7,True,8.3,,1,,,False,60.8,100,74,Only if needed,8% below avg $8.72; Lowest seen; 6 prior prices
No Frills,"SMUCKER'S FRUIT SPREADS, JAM, JELLY OR MARMALADE, 310/500 ML OR LOTUS BISCOFF COOKIE OR BISCUIT SPREAD, 380-400 G",5.99,5.99,each,2026-10-01T03:00:00-04:00,2026-10-07T23:59:59-04:00,8163435,14.97,$/kg,400.0,True,no_history,False,45.0,⚠️ Below Average,No pricing history or cross-store data available; neutral score assigned.,Fruit Spread/Jam,Pantry,Sauces/Condiments,claude_code,,,,0,,False,,,1,,,False,45.0,80,33,Skip,No price history; Unit price checked $/kg
No Frills,"MARCANGELO JUMBO PORK SAUSAGE, 500/675 G",7.99,7.99,each,2026-10-01T03:00:00-04:00,2026-10-07T23:59:59-04:00,8163435,11.84,$/kg,675.0,True,,False,45.0,⚠️ Below Average,No pricing history or cross-store data available; neutral score assigned.,Pork Sausage (Jumbo),Pork,Sausage (Fresh),claude_code,10.37,11.84,11.35,3,16.7,False,-4.3,,1,,,False,42.9,100,70,Skip,3 prior prices; Unit price checked $/kg
No Frills,"LACTANTIA CREAM, 473 ML/1 L OR DAIRYLAND CREAM, 473/946 ML",3.75,3.75,each,2026-10-01T03:00:00-04:00,2026-10-07T23:59:59-04:00,8163435,3.75,$/L,1000.0,True,,False,45.0,⚠️ Below Average,No pricing history or cross-store data available; neutral score assigned.,Cream,Dairy & Eggs,Cream,claude_code,3.5,3.75,3.64,3,0.0,False,-2.9,,1,,,False,43.5,100,70,Skip,3 prior prices; Unit price checked $/L
No Frills,"PC® THE DECADENT® COOKIE, 280/300 g",4.5,4.5,each,2026-10-01T03:00:00-04:00,2026-10-07T23:59:59-04:00,8163435,15.0,$/kg,300.0,True,,False,51.0,😐 Fair,LOWEST PRICE in 6 months (usually $4.60),Cookie,Snacks,Cookies,cached,15.0,15.97,15.32,3,50.0,True,2.1,,1,,,False,56.5,100,70,Only if needed,Lowest seen; 3 prior prices; Unit price checked $/kg
No Frills,"NESTLÉ KITKAT, AERO, SMARTIES or COTTON CRISP MINI BARS & CANDIES",16.99,16.99,each,2026-10-01T03:00:00-04:00,2026-10-07T23:59:59-04:00,8163435,,,,True,no_history,False,45.0,⚠️ Below Average,No pricing history or cross-store data available; neutral score assigned.,Mini Chocolate Bars,Snacks,Candy/Chocolate,claude_code,,,,0,,False,,,1,,,False,40.0,80,25,Skip,No price history
No Frills,"GUSTA VEGGIE GROUNDS or VEGGIE BURGERS, 300/340 G",5.5,5.5,each,2026-10-01T03:00:00-04:00,2026-10-07T23:59:59-04:00,8163435,16.18,$/kg,340.0,True,no_history,False,45.0,⚠️ Below Average,No pricing history or cross-store data available; neutral score assigned.,Veggie Grounds,Frozen,Meals/Entrees,claude_code,,,,0,,False,,,1,,,False,45.0,80,33,Skip,No price history; Unit price checked $/kg
No Frills,"SURAJ® NAAN, 10'S",5.0,5.0,each,2026-10-01T03:00:00-04:00,2026-10-07T23:59:59-04:00,8163435,0.5,$/each,10.0,True,,False,38.0,⚠️ Below Average,Near average ($4.88),Naan,Bakery,Bread,cached,0.4,0.5,0.47,5,20.0,False,-6.4,3,3,3.49,Sobeys,False,46.8,100,89,Skip,6% above average; #3 of 3 stores; 5 prior prices
No Frills,"CASCADE AUTO DISHWASHER TABS, 30-45's",15.0,15.0,each,2026-10-01T03:00:00-04:00,2026-10-07T23:59:59-04:00,8163435,0.33,$/each,45.0,True,,False,0.0,❌ Poor Value,"$15.00 is 69.3% above avg of $8.86, far above the historical range of $5.00-$22.00.",Auto Dishwasher Tabs,Household & Personal,Cleaning Supplies,claude_code,0.19,0.5,0.31,15,33.3,False,-8.1,,1,,,False,41.0,100,78,Skip,8% above average; 15 prior prices; Unit price checked $/each
No Frills,"BASSE NUTS, 415-600 g",5.5,5.5,each,2026-10-01T03:00:00-04:00,2026-10-07T23:59:59-04:00,8163435,9.17,$/kg,600.0,True,,False,40.0,⚠️ Below Average,Standard pricing (no historical data),Nuts,Snacks,nan,cached,9.17,32.0,20.45,7,85.7,True,55.2,,1,,,False,90.0,100,74,Stock up,55% below avg $20.45; Lowest seen; 7 prior prices
No Frills,PEELE MUMS,7.49,7.49,each,2026-10-01T03:00:00-04:00,2026-10-07T23:59:59-04:00,8163435,,,,True,no_history,False,45.0,⚠️ Below Average,No pricing history or cross-store data available; neutral score assigned.,Mums,Other,Floral,claude_code,,,,0,,False,,,1,,,False,40.0,80,25,Skip,No price history
No Frills,"PC® WORLD OF FLAVOURS PORK ROASTS, 730/900 g",14.0,14.0,each,2026-10-01T03:00:00-04:00,2026-10-07T23:59:59-04:00,8163435,15.56,$/kg,900.0,True,,False,38.0,⚠️ Below Average,"$14.00 is 3.2% above avg of $13.57, at the top of the $13.00-$14.00 historical range.",Pork Roast,Pork,Roast,claude_code,14.44,15.56,15.0,4,12.5,False,-3.7,,1,,,False,43.1,100,70,Skip,4 prior prices; Unit price checked $/kg
No Frills,"UTILITY or GRADE A TURKEY, 3-5 kg",18.0,18.0,each,2026-10-01T03:00:00-04:00,2026-10-07T23:59:59-04:00,8163435,3.6,$/kg,5000.0,True,no_history,False,45.0,⚠️ Below Average,No pricing history or cross-store data available; neutral score assigned.,Turkey (Whole),Poultry,Turkey,claude_code,,,,0,,False,,4,4,3.18,No Frills,False,35.0,80,48,Skip,No price history; Unit price checked $/kg
No Frills,"FARMER'S MARKET™ MUFFINS, 6's or PC® THE DECADENT MUFFINS, 4's",6.0,6.0,each,2026-10-01T03:00:00-04:00,2026-10-07T23:59:59-04:00,8163435,1.0,$/each,6.0,True,,False,37.0,⚠️ Below Average,"$6.00 is 4.3% above avg of $5.75, at the top of the $5.50-$6.00 historical range.",Muffins,Bakery,Bagels/Muffins,claude_code,0.92,1.5,1.09,5,40.0,False,8.4,2,3,5.78,Walmart,False,60.9,100,89,Only if needed,8% below avg $1.09; #2 of 3 stores; 5 prior prices
No Frills,"NANAK DAHI, 750 G",2.79,2.79,each,2026-10-01T03:00:00-04:00,2026-10-07T23:59:59-04:00,8163435,3.72,$/kg,750.0,True,,False,58.0,😐 Fair,LOWEST PRICE in 6 months (usually $3.16),Dahi,Dairy & Eggs,nan,cached,2.65,14.99,5.21,8,62.5,False,28.6,,1,,,False,65.0,100,74,Only if needed,29% below avg $5.21; 8 prior prices; Unit price checked $/kg
No Frills,"UTILITY OR GRADE A TURKEY, 9-11 kg",35.0,35.0,each,2026-10-01T03:00:00-04:00,2026-10-07T23:59:59-04:00,8163435,3.18,$/kg,11000.0,True,no_history,False,45.0,⚠️ Below Average,No pricing history or cross-store data available; neutral score assigned.,Turkey (Whole),Poultry,Turkey,claude_code,,,,0,,False,,1,4,3.18,No Frills,False,65.0,80,48,Only if needed,Cheapest of 4 stores; No price history; Unit price checked $/kg
No Frills,"NO NAME® HONEY, 1 KG OR FLOURISH PROTEIN PANCAKE & WAFFLE MIX, 430 G",9.0,9.0,each,2026-10-01T03:00:00-04:00,2026-10-07T23:59:59-04:00,8163435,9.0,$/kg,1000.0,True,,False,45.0,⚠️ Below Average,No pricing history or cross-store data available; neutral score assigned.,Honey,Pantry,Baking Supplies,claude_code,8.88,17.0,13.08,5,80.0,False,31.2,3,4,3.0,No Frills,True,76.8,100,89,Buy this week,31% below avg $13.08; #3 of 4 stores; 5 prior prices
No Frills,"ACTIVIA PROBIOTIC YOGURT, 650 G OR DANONE DANINO KIDS YOGURT DRINK, 6X93 ML",3.5,3.5,each,2026-10-01T03:00:00-04:00,2026-10-07T23:59:59-04:00,8163435,6.27,$/L,558.0,True,no_history,False,45.0,⚠️ Below Average,No pricing history or cross-store data available; neutral score assigned.,Probiotic Yogurt,Dairy & Eggs,Yogurt,claude_code,,,,0,,False,,,1,,,True,50.0,80,33,Only if needed,No price history; Unit price checked $/L
No Frills,"UTILITY OR GRADE A TURKEY, 7-9 KG",30.0,30.0,each,2026-10-01T03:00:00-04:00,2026-10-07T23:59:59-04:00,8163435,3.33,$/kg,9000.0,True,no_history,False,45.0,⚠️ Below Average,No pricing history or cross-store data available; neutral score assigned.,Turkey (Whole),Poultry,Turkey,claude_code,,,,0,,False,,3,4,3.18,No Frills,False,50.0,80,48,Only if needed,#3 of 4 stores; No price history; Unit price checked $/kg
No Frills,"BETTY CROCKER SUPER MOIST CAKE MIX 375/404 g, SNACK SIZE MIX 184-212 g or FROSTING 340/450 g",1.87,1.87,each,2026-10-01T03:00:00-04:00,2026-10-07T23:59:59-04:00,8163435,4.63,$/kg,404.0,True,,False,82.0,✅ Good Buy,"$1.87 is 16.9% below avg of $2.25, matches the historical low, and is the best price among 2 stores.",Cake Mix,Pantry,Baking Supplies,claude_code,1.89,5.0,3.29,8,100.0,True,43.2,2,3,1.87,Walmart,False,95.2,100,89,Stock up,43% below avg $3.29; Lowest seen; #2 of 3 stores
No Frills,"MR. CLEAN ALL-PURPOSE CLEANER, FEBREZE AIR 230 g, BATHROOM 7.5ml CAR 2 ml AIR FRESHENER or MAGIC ERASER 2's",4.0,4.0,each,2026-10-01T03:00:00-04:00,2026-10-07T23:59:59-04:00,8163435,17.39,$/kg,230.0,True,,False,45.0,⚠️ Below Average,No pricing history or cross-store data available; neutral score assigned.,All-Purpose Cleaner,Household & Personal,Cleaning Supplies,claude_code,3.0,9.99,5.83,3,66.7,False,31.4,1,3,4.0,No Frills,False,87.0,100,85,Buy this week,31% below avg $5.83; Cheapest of 3 stores; 3 prior prices
No Frills,"TRE STELLE RICOTTA, 475 g",6.0,6.0,each,2026-10-01T03:00:00-04:00,2026-10-07T23:59:59-04:00,8163435,12.63,$/kg,475.0,True,,False,45.0,⚠️ Below Average,No pricing history or cross-store data available; neutral score assigned.,Ricotta Cheese,Dairy & Eggs,Cheese (Block),claude_code,3.99,6.99,4.99,3,33.3,False,-20.2,1,2,6.0,No Frills,False,54.9,100,81,Only if needed,20% above average; Cheapest of 2 stores; 3 prior prices
No Frills,"SNACK FACTORY PRETZEL CRISPS, 200 g",4.0,4.0,each,2026-10-01T03:00:00-04:00,2026-10-07T23:59:59-04:00,8163435,20.0,$/kg,200.0,True,,False,50.0,😐 Fair,15% below 6-month avg of $4.72,Pretzel Crisps,Snacks,Chips/Pretzels,cached,17.5,25.0,21.88,4,75.0,False,8.6,1,3,4.0,No Frills,False,71.0,100,85,Compare first,9% below avg $21.88; Cheapest of 3 stores; 4 prior prices
No Frills,"FLEISCHMANN'S CORN STARCH, 454 G OR BAKING POWDER, 340 G",3.49,3.49,each,2026-10-01T03:00:00-04:00,2026-10-07T23:59:59-04:00,8163435,7.69,$/kg,454.0,True,,False,45.0,⚠️ Below Average,No pricing history available; score set to neutral baseline,Corn Starch,Pantry,Baking Supplies,claude_code,4.41,6.61,5.88,3,0.0,False,-30.9,,1,,,False,29.6,100,70,Skip,31% above average; 3 prior prices; Unit price checked $/kg
No Frills,"PHILADELPHIA CREAM CHEESE OR DIPS, 227/250 G",3.99,3.99,each,2026-10-01T03:00:00-04:00,2026-10-07T23:59:59-04:00,8163435,15.96,$/kg,250.0,True,,False,45.0,⚠️ Below Average,No pricing history available; score set to neutral baseline,Cream Cheese,Dairy & Eggs,Cheese (Block),claude_code,12.0,17.45,14.87,17,29.4,False,-7.3,3,3,14.95,No Frills,True,51.4,100,93,Only if needed,7% above average; #3 of 3 stores; 17 prior prices
No Frills,"AIR WICK SCENTED OIL REFILL, 2x20 mL, VIBRANT STARTER KIT, 23.9 mL or REFILL, 2x23.9 mL or ESSENTIAL MIST STARTER KIT, 20 mL",11.0,11.0,each,2026-10-01T03:00:00-04:00,2026-10-07T23:59:59-04:00,8163435,275.0,$/L,40.0,True,,False,45.0,⚠️ Below Average,No pricing history available; score set to neutral baseline,Scented Oil Refill,Household & Personal,Cleaning Supplies,claude_code,250.0,275.0,258.33,3,0.0,False,-6.5,,1,,,False,41.8,100,70,Skip,6% above average; 3 prior prices; Unit price checked $/L
No Frills,"NANAK DESI GHEE, 800 G",11.99,11.99,each,2026-10-01T03:00:00-04:00,2026-10-07T23:59:59-04:00,8163435,14.99,$/kg,800.0,True,,False,50.0,😐 Fair,LOWEST PRICE in 6 months (usually $11.99),Desi Ghee,Pantry,nan,cached,2.64,14.37,12.31,6,0.0,False,-21.8,,1,,,False,34.1,100,74,Skip,22% above average; 6 prior prices; Unit price checked $/kg
No Frills,OSKAR BROOM WITH DUSTPAN or SUPER TWIST XL MOP,11.5,11.5,each,2026-10-01T03:00:00-04:00,2026-10-07T23:59:59-04:00,8163435,,,,True,,False,45.0,⚠️ Below Average,No pricing history available; score set to neutral baseline,Broom with Dustpan,Household & Personal,Cleaning Supplies,claude_code,9.87,11.99,11.29,5,40.0,False,-1.8,,1,,,False,39.1,100,66,Skip,5 prior prices
No Frills,"DOVE BAR WHITE, 6X106 G OR DOVE PEONY ROSE BODY WASH, 591 ML",10.0,10.0,each,2026-10-01T03:00:00-04:00,2026-10-07T23:59:59-04:00,8163435,15.72,$/kg,636.0,True,,False,45.0,⚠️ Below Average,No pricing history available; score set to neutral baseline,Bar Soap,Household & Personal,Personal Care,claude_code,5.56,60.28,22.21,9,22.2,False,29.2,,1,,,False,65.4,100,74,Only if needed,29% below avg $22.21; 9 prior prices; Unit price checked $/kg
No Frills,"NANAK RASMALAI, 850 g",8.99,8.99,each,2026-10-01T03:00:00-04:00,2026-10-07T23:59:59-04:00,8163435,10.58,$/kg,850.0,True,,False,52.0,😐 Fair,LOWEST PRICE in 6 months (usually $9.32),Rasmalai,Frozen,Ice Cream/Dessert,cached,10.58,11.75,10.97,3,50.0,True,3.6,,1,,,False,57.5,100,70,Only if needed,Lowest seen; 3 prior prices; Unit price checked $/kg
No Frills,"GUSTA VEGGIE SLICES, 155 g",4.0,4.0,each,2026-10-01T03:00:00-04:00,2026-10-07T23:59:59-04:00,8163435,25.81,$/kg,155.0,True,,False,45.0,⚠️ Below Average,No pricing history available; score set to neutral baseline,Veggie Slices,Other,Deli (Prepared),claude_code,4.0,4.0,4.0,3,33.3,True,0.0,,1,,,False,55.0,100,70,Only if needed,Lowest seen; 3 prior prices; Unit price checked $/kg
No Frills,"MASTRO CAPOCOLLO, PROSCIUTTO COTTO, ROSEMARY HAM, 125 g or SAN DANIELE MORTADELLA, 175 g",3.5,3.5,each,2026-10-01T03:00:00-04:00,2026-10-07T23:59:59-04:00,8163435,28.0,$/kg,125.0,True,low_history,False,45.0,⚠️ Below Average,No pricing history available; score set to neutral baseline,Capocollo,Other,Deli (Prepared),claude_code,15.0,21.43,18.22,2,0.0,False,-53.7,,1,,,False,20.0,90,64,Skip,54% above average; Only 2 prior prices; Unit price checked $/kg
No Frills,"MASTRO GENOA SALAMI CHUBS, 600 g or SLICED DELI MEAT, 200-375 g",10.0,10.0,each,2026-10-01T03:00:00-04:00,2026-10-07T23:59:59-04:00,8163435,16.67,$/kg,600.0,True,low_history,False,45.0,⚠️ Below Average,No pricing history available; score set to neutral baseline,Genoa Salami,Other,Deli (Prepared),claude_code,18.33,30.0,24.16,2,100.0,True,31.0,,1,,,False,76.7,90,64,Buy this week,31% below avg $24.16; Lowest seen; Only 2 prior prices
No Frills,MASTRO SALAMI 100-175 g or SAN DANIELE PROSCIUTTO 100 g,5.0,5.0,each,2026-10-01T03:00:00-04:00,2026-10-07T23:59:59-04:00,8163435,28.57,$/kg,175.0,True,,False,45.0,⚠️ Below Average,No pricing history available; score set to neutral baseline,Salami,Other,Deli (Prepared),claude_code,22.86,43.33,31.59,3,33.3,False,9.6,2,3,16.67,No Frills,False,61.7,100,85,Only if needed,10% below avg $31.59; #2 of 3 stores; 3 prior prices
No Frills,"PAM COOKING OIL SPRAY, 141/170 g",4.99,4.99,each,2026-10-01T03:00:00-04:00,2026-10-07T23:59:59-04:00,8163435,29.35,$/kg,170.0,True,,False,52.0,😐 Fair,LOWEST PRICE in 6 months (usually $5.14),Cooking Oil Spray,Pantry,Spices/Oils,cached,8.36,32.29,26.59,8,43.8,False,-10.4,,1,,,True,44.8,100,74,Skip,10% above average; 8 prior prices; Unit price checked $/kg
No Frills,"PC® ORGANICS FLOUR, 2.5 KG OR CHOCOLATE CHIPS, 205 G",8.0,8.0,each,2026-10-01T03:00:00-04:00,2026-10-07T23:59:59-04:00,8163435,3.2,$/kg,2500.0,True,,False,40.0,⚠️ Below Average,Standard pricing (no historical data),Organic Flour,Pantry,nan,cached,2.8,10.0,5.33,3,33.3,False,40.0,,1,,,True,78.0,100,70,Buy this week,40% below avg $5.33; 3 prior prices; Unit price checked $/kg
No Frills,"PC® SWEETENED CONDENSED MILK, 300 mL",2.5,2.5,each,2026-10-01T03:00:00-04:00,2026-10-07T23:59:59-04:00,8163435,8.33,$/L,300.0,True,,False,40.0,⚠️ Below Average,Standard pricing (no historical data),Sweetened Condensed Milk,Dairy & Eggs,nan,cached,8.27,11.63,9.75,7,71.4,False,14.6,1,2,2.5,No Frills,True,80.2,100,85,Buy this week,15% below avg $9.75; Cheapest of 2 stores; 7 prior prices
No Frills,"GIUSEPPE THIN CRUST or RISING CRUST PIZZA, 439-785 g",3.97,3.97,each,2026-10-01T03:00:00-04:00,2026-10-07T23:59:59-04:00,8163435,5.06,$/kg,785.0,True,,False,69.0,😐 Fair,LOWEST PRICE in 6 months (usually $5.50),Thin Crust Pizza,Frozen,nan,cached,6.29,9.04,7.2,10,100.0,True,29.7,,1,,,False,75.8,100,78,Compare first,30% below avg $7.20; Lowest seen; 10 prior prices
No Frills,BRUSSELS SPROUTS or BROCCOLI CROWNS,2.99,2.99,each,2026-10-01T03:00:00-04:00,2026-10-07T23:59:59-04:00,8163435,,,,True,,False,45.0,⚠️ Below Average,No pricing history available; score set to neutral baseline,Brussels Sprouts,Produce,Vegetables,claude_code,2.49,3.99,3.26,13,57.7,False,8.3,1,2,2.99,No Frills,False,65.8,100,81,Only if needed,8% below avg $3.26; Cheapest of 2 stores; 13 prior prices
No Frills,"KURKURE SNACKS, 115 g",1.5,1.5,each,2026-10-01T03:00:00-04:00,2026-10-07T23:59:59-04:00,8163435,13.04,$/kg,115.0,True,,False,75.0,✅ Good Buy,LOWEST PRICE in 6 months (usually $1.62). Best price across 2 stores,Snacks,Snacks,Chips/Pretzels,cached,5.87,78.12,21.21,16,56.2,False,38.5,3,4,5.87,Real Canadian Superstore,False,77.0,100,93,Buy this week,38% below avg $21.21; #3 of 4 stores; 16 prior prices
No Frills,"NO NAME® HONEY, 1 kg or FLOURISH PROTEIN PANCAKE & WAFFLE MIX, 430 g",3.0,3.0,each,2026-10-01T03:00:00-04:00,2026-10-07T23:59:59-04:00,8163435,3.0,$/kg,1000.0,True,,False,45.0,⚠️ Below Average,No pricing history available; score set to neutral baseline,Honey,Pantry,Sauces/Condiments,claude_code,8.88,17.0,13.08,5,100.0,True,77.1,1,4,3.0,No Frills,True,100.0,100,89,Stock up,77% below avg $13.08; Lowest seen; Cheapest of 4 stores
No Frills,"ROGERS GRANULATED SUGAR, 10 kg",12.99,12.99,each,2026-10-01T03:00:00-04:00,2026-10-07T23:59:59-04:00,8163435,1.3,$/kg,10000.0,True,,False,40.0,⚠️ Below Average,Standard pricing (no historical data),Granulated Sugar,Pantry,nan,cached,0.99,5.37,2.17,18,77.8,False,40.2,,1,,,True,78.1,100,78,Buy this week,40% below avg $2.17; 18 prior prices; Unit price checked $/kg
No Frills,"NO NAME® HONEY or BLACK FOREST HAM, 1.3 kg",15.49,15.49,each,2026-10-01T03:00:00-04:00,2026-10-07T23:59:59-04:00,8163435,11.92,$/kg,1300.0,True,,False,45.0,⚠️ Below Average,No pricing history available; score set to neutral baseline,Honey,Pantry,Sauces/Condiments,claude_code,8.88,17.0,13.08,5,60.0,False,8.8,4,4,3.0,No Frills,False,41.2,100,89,Skip,9% below avg $13.08; 5 prior prices; Unit price checked $/kg
No Frills,NO NAME® AIR FRESHENER,1.29,1.29,each,2026-10-01T03:00:00-04:00,2026-10-07T23:59:59-04:00,8163435,,,,True,,False,45.0,⚠️ Below Average,No pricing history available; score set to neutral baseline,Air Freshener,Household & Personal,Cleaning Supplies,claude_code,3.99,7.0,4.79,5,100.0,True,73.1,,1,,,False,85.0,100,66,Buy this week,73% below avg $4.79; Lowest seen; 5 prior prices
No Frills,"EVERYDAY ESSENTIALS™, 4.5 L PITCHER WITH 4 CUPS",5.0,5.0,each,2026-10-01T03:00:00-04:00,2026-10-07T23:59:59-04:00,8163435,1.11,$/L,4500.0,True,no_history,False,45.0,⚠️ Below Average,No pricing history available; score set to neutral baseline,Pitcher with Cups,Other,General,claude_code,,,,0,,False,,,1,,,False,45.0,80,33,Skip,No price history; Unit price checked $/L
No Frills,"SEAQUEST® COD, SOLE, TILAPIA, BASA, or WILD POLLOCK FILLETS, 400 g",7.0,7.0,each,2026-10-01T03:00:00-04:00,2026-10-07T23:59:59-04:00,8163435,17.5,$/kg,400.0,True,,False,50.0,😐 Fair,"Priced at $7.00, matching the historical average and matching the $7.00 low across 2 data points",Cod Fillets,Seafood,Fish Fillets,claude_code,3.49,11.99,10.29,5,80.0,False,32.0,,1,,,False,67.4,100,74,Only if needed,32% below avg $10.29; 5 prior prices; Unit price checked $/kg
No Frills,"CLUB HOUSE GRAVY or SEASONING MIXES, 21-47 g",1.0,1.0,each,2026-10-01T03:00:00-04:00,2026-10-07T23:59:59-04:00,8163435,21.28,$/kg,47.0,True,low_history,False,45.0,⚠️ Below Average,No pricing history available; score set to neutral baseline,Gravy Mix,Pantry,Spices/Oils,claude_code,21.28,21.28,21.28,2,25.0,True,0.0,2,2,21.28,No Frills,False,65.0,90,75,Only if needed,Lowest seen; #2 of 2 stores; Only 2 prior prices
Save-On-Foods,Sensodyne Premium Toothpaste,6.99,6.99,each,2026-10-01T03:00:00-04:00,2026-10-07T23:59:59-04:00,8163776,,,,True,,False,45.0,⚠️ Below Average,No pricing history available; score set to neutral baseline,Toothpaste,Household & Personal,Personal Care,claude_code,1.0,14.98,5.3,85,21.2,False,-32.0,,1,,,False,24.0,100,73,Skip,32% above average; 85 prior prices
Save-On-Foods,Abbott Similac Pro-Advance Step 1,62.99,62.99,each,2026-10-01T03:00:00-04:00,2026-10-07T23:59:59-04:00,8163776,,,,True,,False,45.0,⚠️ Below Average,No pricing history available; score set to neutral baseline,Infant Formula,Household & Personal,Baby,claude_code,24.94,78.99,55.35,26,34.6,False,-13.8,,1,,,False,33.1,100,73,Skip,14% above average; 26 prior prices
Save-On-Foods,Pampers Super Economy Diapers,39.99,39.99,each,2026-10-01T03:00:00-04:00,2026-10-07T23:59:59-04:00,8163776,,,,True,,False,50.0,😐 Fair,LOWEST PRICE in 6 months (usually $39.99),Diapers,Household & Personal,nan,cached,18.88,49.0,31.61,67,6.0,False,-26.5,,1,,,False,26.8,100,73,Skip,26% above average; 67 prior prices
Save-On-Foods,Broccoli Crowns,3.49,3.49,each,2026-10-01T03:00:00-04:00,2026-10-07T23:59:59-04:00,8163776,,,,True,,False,12.0,❌ Poor Value,Above average (usually $2.60). $2.49 at Safeway,Broccoli,Produce,nan,cached,1.99,3.44,2.65,6,0.0,False,-31.8,5,5,2.49,Sobeys,False,14.1,100,81,Skip,32% above average; 6 prior prices
Save-On-Foods,Vanilla Dessert Shell,3.99,3.99,each,2026-10-01T03:00:00-04:00,2026-10-07T23:59:59-04:00,8163776,,,,True,,False,40.0,⚠️ Below Average,Standard pricing (no historical data),Dessert Shell (Vanilla),Bakery,nan,cached,3.0,15.47,6.49,4,25.0,False,38.5,,1,,,False,67.0,100,62,Only if needed,38% below avg $6.49; 4 prior prices
Save-On-Foods,Western Family Signature Half Ham,5.99,5.99,each,2026-10-01T03:00:00-04:00,2026-10-07T23:59:59-04:00,8163776,,,,True,low_history,False,40.0,⚠️ Below Average,Standard pricing (no historical data),Ham (Half),Pork,nan,cached,3.49,14.99,9.24,2,50.0,False,35.2,,1,,,False,64.6,90,56,Only if needed,35% below avg $9.24; Only 2 prior prices
Save-On-Foods,Western Family Orange Juice,5.49,5.49,each,2026-10-01T03:00:00-04:00,2026-10-07T23:59:59-04:00,8163776,,,,True,,False,34.0,⚠️ Below Average,Above average (usually $4.99),Orange Juice,Beverages,Juice,cached,3.99,9.99,5.86,66,49.2,False,6.3,6,7,4.97,Walmart,True,39.4,100,88,Skip,6% below avg $5.86; 66 prior prices
Save-On-Foods,Only Goodness Organic Coconut Oil,14.99,14.99,each,2026-10-01T03:00:00-04:00,2026-10-07T23:59:59-04:00,8163776,,,,True,,False,40.0,⚠️ Below Average,Standard pricing (no historical data),Organic Coconut Oil,Pantry,Spices/Oils,cached,2.49,29.99,8.75,52,9.6,False,-71.3,,1,,,False,15.0,100,73,Skip,71% above average; 52 prior prices
Save-On-Foods,Glutino Chocolate Wafers,4.99,4.99,each,2026-10-01T03:00:00-04:00,2026-10-07T23:59:59-04:00,8163776,,,,True,no_history,False,45.0,⚠️ Below Average,No pricing history available; score set to neutral baseline,Chocolate Wafers,Snacks,Cookies,claude_code,,,,0,,False,,,1,,,False,40.0,80,25,Skip,No price history
Save-On-Foods,Dawn Ultra Dish Soap,5.99,5.99,each,2026-10-01T03:00:00-04:00,2026-10-07T23:59:59-04:00,8163776,,,,True,,False,40.0,⚠️ Below Average,Standard pricing (no historical data),Dish Soap,Household & Personal,Cleaning Supplies,cached,1.97,11.97,5.18,17,29.4,False,-15.7,1,2,5.99,Save-On-Foods,False,52.1,100,81,Only if needed,16% above average; Cheapest of 2 stores; 17 prior prices
Save-On-Foods,Robin Hood Almond Flour,16.99,16.99,each,2026-10-01T03:00:00-04:00,2026-10-07T23:59:59-04:00,8163776,,,,True,,False,40.0,⚠️ Below Average,Standard pricing (no historical data),Flour (Almond),Pantry,nan,cached,4.97,14.99,7.74,14,0.0,False,-119.5,,1,,,True,20.0,100,70,Skip,120% above average; 14 prior prices
Save-On-Foods,Purex Bathroom Tissue,6.99,6.99,each,2026-10-01T03:00:00-04:00,2026-10-07T23:59:59-04:00,8163776,,,,True,,False,86.0,🔥 Hot Deal,38% below 6-month avg of $11.35. Best price across 2 stores,Bathroom Tissue,Household & Personal,Paper Products,cached,3.49,699.0,18.69,134,76.5,False,62.6,1,7,6.99,Save-On-Foods,False,95.0,100,88,Stock up,63% below avg $18.69; Cheapest of 7 stores; 134 prior prices
Save-On-Foods,Canadian Harvest Bouquet,24.99,24.99,each,2026-10-01T03:00:00-04:00,2026-10-07T23:59:59-04:00,8163776,,,,True,,False,65.0,😐 Fair,"No price history, but confirmed best price at $24.99 across 3 stores",Harvest Bouquet,Other,Floral,claude_code,5.99,23.99,10.74,4,0.0,False,-132.7,1,2,24.99,Save-On-Foods,False,35.0,100,73,Skip,133% above average; Cheapest of 2 stores; 4 prior prices
Save-On-Foods,Western Family Cream Cheese,3.79,3.79,each,2026-10-01T03:00:00-04:00,2026-10-07T23:59:59-04:00,8163776,,,,True,,False,38.0,⚠️ Below Average,Near average ($3.69),Cream Cheese,Dairy & Eggs,Cheese (Block),cached,2.99,6.99,4.21,55,59.1,False,10.1,,1,,,True,52.1,100,73,Only if needed,10% below avg $4.21; 55 prior prices
Save-On-Foods,Honeycrisp Apples,6.99,6.99,each,2026-10-01T03:00:00-04:00,2026-10-07T23:59:59-04:00,8163776,,,,True,,False,25.0,❌ Poor Value,Above average (usually $4.32). $2.98 at Walmart,Apples,Produce,Fruit,cached,1.77,8.99,5.36,21,38.1,False,-30.4,4,5,5.99,Calgary Co-op,True,19.8,100,88,Skip,30% above average; 21 prior prices
Save-On-Foods,Coloured Peppers,6.99,6.99,each,2026-10-01T03:00:00-04:00,2026-10-07T23:59:59-04:00,8163776,,,,True,,False,26.0,❌ Poor Value,Above average (usually $4.77). $3.99 at Calgary Co-op,Peppers,Produce,Vegetables,cached,2.99,7.99,4.58,17,5.9,False,-52.7,,1,,,False,15.0,100,70,Skip,53% above average; 17 prior prices
Save-On-Foods,High Liner Chips & Fish,7.99,7.99,each,2026-10-01T03:00:00-04:00,2026-10-07T23:59:59-04:00,8163776,,,,True,,False,50.0,😐 Fair,LOWEST PRICE in 6 months (usually $7.99),Chips & Fish,Frozen,Meals/Entrees,cached,5.0,26.99,9.59,61,68.9,False,16.7,,1,,,False,51.7,100,73,Only if needed,17% below avg $9.59; 61 prior prices
Save-On-Foods,My Offers,11.99,11.99,each,2026-10-01T03:00:00-04:00,2026-10-07T23:59:59-04:00,8163776,,,,True,,False,22.0,❌ Poor Value,$11.99 is about 26% above the $9.52 average over 29 data points,My Offers,Other,General,claude_code,3.49,25.0,11.91,13,46.2,False,-0.6,,1,,,False,39.7,100,70,Skip,13 prior prices
Save-On-Foods,Natural Bakery Canadian Rye Bread,4.99,4.99,each,2026-10-01T03:00:00-04:00,2026-10-07T23:59:59-04:00,8163776,,,,True,,False,45.0,⚠️ Below Average,No pricing history available; score set to neutral baseline,Rye Bread,Bakery,Bread,claude_code,2.98,5.0,3.46,8,12.5,False,-44.0,2,2,2.78,Walmart,True,33.0,100,77,Skip,44% above average; #2 of 2 stores; 8 prior prices
Save-On-Foods,Cinnamon Buns,6.99,6.99,each,2026-10-01T03:00:00-04:00,2026-10-07T23:59:59-04:00,8163776,,,,True,,False,42.0,⚠️ Below Average,$6.99 is about 7% above the $6.55 average (16 data points); not best price - Walmart has it for $4.98 across 4 stores,Cinnamon Buns,Bakery,Pastries/Donuts,claude_code,4.0,7.99,6.35,11,40.9,False,-10.0,4,4,4.98,Walmart,False,25.0,100,85,Skip,10% above average; 11 prior prices
Save-On-Foods,Western Family Tarts,7.49,7.49,each,2026-10-01T03:00:00-04:00,2026-10-07T23:59:59-04:00,8163776,,,,True,,False,40.0,⚠️ Below Average,At the $7.49 average (3 data points) but above the $6.99 historical low,Tarts,Bakery,Pastries/Donuts,claude_code,5.99,6.0,6.0,4,0.0,False,-24.9,,1,,,False,27.6,100,62,Skip,25% above average; 4 prior prices
Save-On-Foods,Parmigiano Reggiano Cheese,6.79,6.79,each,2026-10-01T03:00:00-04:00,2026-10-07T23:59:59-04:00,8163776,,,,True,,False,35.0,⚠️ Below Average,$6.79 is about 18% above the $5.76 average (6 data points); not best price - Real Canadian Superstore has it for $5.00 across 2 stores,Parmigiano Reggiano Cheese,Dairy & Eggs,Cheese (Block),claude_code,4.4,14.0,7.36,6,16.7,False,7.7,2,2,5.0,Real Canadian Superstore,True,60.4,100,77,Only if needed,8% below avg $7.36; #2 of 2 stores; 6 prior prices
Save-On-Foods,Western Family Signature Soft Cheese,5.99,5.99,each,2026-10-01T03:00:00-04:00,2026-10-07T23:59:59-04:00,8163776,,,,True,,False,45.0,⚠️ Below Average,No pricing history available; score set to neutral baseline,Soft Cheese,Dairy & Eggs,Cheese (Block),claude_code,1.79,23.99,6.68,69,43.5,False,10.3,,1,,,True,52.2,100,73,Only if needed,10% below avg $6.68; 69 prior prices
Save-On-Foods,Tre Stelle Mascarpone Cheese,11.49,11.49,each,2026-10-01T03:00:00-04:00,2026-10-07T23:59:59-04:00,8163776,,,,True,,False,45.0,⚠️ Below Average,No pricing history available; score set to neutral baseline,Mascarpone Cheese,Dairy & Eggs,Cheese (Block),claude_code,2.99,21.99,7.43,72,13.9,False,-54.7,,1,,,True,20.0,100,73,Skip,55% above average; 72 prior prices
Save-On-Foods,Western Family Signature Italian Selection,13.99,13.99,each,2026-10-01T03:00:00-04:00,2026-10-07T23:59:59-04:00,8163776,,,,True,,False,45.0,⚠️ Below Average,No pricing history available; score set to neutral baseline,Italian Cheese Selection,Dairy & Eggs,Cheese (Block),claude_code,4.99,7.99,5.86,4,0.0,False,-138.5,,1,,,False,15.0,100,62,Skip,138% above average; 4 prior prices
Save-On-Foods,Tre Stelle Ricotta Cheese,9.49,9.49,each,2026-10-01T03:00:00-04:00,2026-10-07T23:59:59-04:00,8163776,,,,True,,False,45.0,⚠️ Below Average,No pricing history available; score set to neutral baseline,Ricotta Cheese,Dairy & Eggs,Cheese (Block),claude_code,3.99,6.99,4.99,3,0.0,False,-90.2,2,2,6.0,No Frills,True,30.0,100,73,Skip,90% above average; #2 of 2 stores; 3 prior prices
Save-On-Foods,Pie Pumpkin,2.99,2.99,each,2026-10-01T03:00:00-04:00,2026-10-07T23:59:59-04:00,8163776,,,,True,,False,40.0,⚠️ Below Average,$2.99 is about 10% above the $2.72 average (2 data points); not best price - No Frills has it for $1.99 across 4 stores,Pie Pumpkin,Produce,Vegetables,claude_code,2.44,6.99,5.13,7,71.4,False,41.7,2,2,2.99,Safeway,False,79.2,100,77,Buy this week,42% below avg $5.13; #2 of 2 stores; 7 prior prices
Save-On-Foods,Harvest Pumpkin,7.99,7.99,each,2026-10-01T03:00:00-04:00,2026-10-07T23:59:59-04:00,8163776,,,,True,,False,0.0,❌ Poor Value,"$7.99 is far above the $2.25 historical average (2 data points, likely a size mismatch); not best price - Real Canadian Superstore has it for $1.50 across 2 stores",Harvest Pumpkin,Produce,Vegetables,claude_code,2.0,5.0,3.2,5,0.0,False,-149.8,,1,,,False,15.0,100,66,Skip,150% above average; 5 prior prices
Save-On-Foods,Mini Pumpkin,1.99,1.99,each,2026-10-01T03:00:00-04:00,2026-10-07T23:59:59-04:00,8163776,,,,True,,False,97.0,🔥 Hot Deal,$1.99 is about 67% below the $5.99 average and matches the $5.99 historical low benchmark (2 data points),Mini Pumpkin,Produce,Vegetables,claude_code,3.97,5.99,5.32,3,100.0,True,62.6,,1,,,False,85.0,100,62,Buy this week,63% below avg $5.32; Lowest seen; 3 prior prices
Save-On-Foods,Christie Triscuit,8.0,8.0,each,2026-10-01T03:00:00-04:00,2026-10-07T23:59:59-04:00,8163776,,,,True,,False,40.0,⚠️ Below Average,Standard pricing (no historical data),Triscuit,Snacks,nan,cached,1.98,8.0,6.2,5,0.0,False,-29.1,,1,,,False,25.4,100,66,Skip,29% above average; 5 prior prices
Save-On-Foods,Christies Cookies,6.0,6.0,each,2026-10-01T03:00:00-04:00,2026-10-07T23:59:59-04:00,8163776,,,,True,,False,45.0,⚠️ Below Average,No pricing history available; score set to neutral baseline,Cookies,Snacks,Cookies,claude_code,1.0,15.0,4.91,94,22.3,False,-22.2,5,7,2.28,Walmart,False,18.9,100,88,Skip,22% above average; 94 prior prices
Save-On-Foods,Kellogg's Mini-Wheats Cereal,5.49,5.49,each,2026-10-01T03:00:00-04:00,2026-10-07T23:59:59-04:00,8163776,,,,True,,False,58.0,😐 Fair,LOWEST PRICE in 6 months (usually $6.29),Mini-Wheats Cereal,Pantry,nan,cached,4.99,5.99,5.49,3,33.3,False,-0.0,,1,,,True,45.0,100,62,Skip,3 prior prices
Save-On-Foods,Western Family Soft Drinks,4.0,4.0,each,2026-10-01T03:00:00-04:00,2026-10-07T23:59:59-04:00,8163776,,,,True,,False,77.0,✅ Good Buy,LOWEST PRICE in 6 months (usually $6.66),Soft Drinks,Beverages,nan,cached,1.0,16.98,7.01,88,69.9,False,42.9,,1,,,False,70.0,100,73,Compare first,43% below avg $7.01; 88 prior prices
Save-On-Foods,Old Dutch Arriba Chips,3.99,3.99,each,2026-10-01T03:00:00-04:00,2026-10-07T23:59:59-04:00,8163776,,,,True,,False,45.0,⚠️ Below Average,No pricing history available; score set to neutral baseline,Tortilla Chips,Snacks,Chips/Pretzels,claude_code,2.5,12.0,5.44,82,56.1,False,26.7,,1,,,False,58.7,100,73,Only if needed,27% below avg $5.44; 82 prior prices
Save-On-Foods,Pillsbury Pizza Bites,5.99,5.99,each,2026-10-01T03:00:00-04:00,2026-10-07T23:59:59-04:00,8163776,,,,True,,False,50.0,😐 Fair,"Priced at $5.99, matching both the average and the $5.99 historical low (2 data points)",Pizza Bites,Frozen,Pizza,claude_code,1.99,18.97,5.38,33,40.9,False,-11.4,,1,,,False,34.3,100,73,Skip,11% above average; 33 prior prices
Save-On-Foods,Western Family Pickles,5.49,5.49,each,2026-10-01T03:00:00-04:00,2026-10-07T23:59:59-04:00,8163776,,,,True,,False,38.0,⚠️ Below Average,Near average ($5.33),Pickles,Pantry,nan,cached,2.99,7.49,4.55,33,21.2,False,-20.7,,1,,,False,29.6,100,73,Skip,21% above average; 33 prior prices
Save-On-Foods,Robin Hood 00 Style Pizza Flour,6.99,6.99,each,2026-10-01T03:00:00-04:00,2026-10-07T23:59:59-04:00,8163776,,,,True,,False,40.0,⚠️ Below Average,Standard pricing (no historical data),Flour (Pizza),Pantry,nan,cached,4.97,14.99,7.74,14,42.9,False,9.7,,1,,,True,51.8,100,70,Only if needed,10% below avg $7.74; 14 prior prices
Save-On-Foods,Illy Whole Bean Coffee,10.99,10.99,each,2026-10-01T03:00:00-04:00,2026-10-07T23:59:59-04:00,8163776,,,,True,,False,45.0,⚠️ Below Average,No pricing history available; score set to neutral baseline,Whole Bean Coffee,Beverages,Coffee,claude_code,15.99,28.99,19.55,16,100.0,True,43.8,1,7,10.99,Save-On-Foods,True,100.0,100,85,Stock up,44% below avg $19.55; Lowest seen; Cheapest of 7 stores
Save-On-Foods,Maxwell House Coffee,15.99,15.99,each,2026-10-01T03:00:00-04:00,2026-10-07T23:59:59-04:00,8163776,,,,True,,False,42.0,⚠️ Below Average,Slightly below avg ($16.59),Coffee,Beverages,Coffee,cached,7.49,25.99,15.83,56,39.3,False,-1.0,3,5,10.99,Calgary Co-op,True,49.5,100,88,Skip,#3 of 5 stores; 56 prior prices
Save-On-Foods,Becel Margarine,7.89,7.89,each,2026-10-01T03:00:00-04:00,2026-10-07T23:59:59-04:00,8163776,,,,True,,False,24.0,❌ Poor Value,Above average (usually $6.04),Margarine,Dairy & Eggs,Butter/Margarine,cached,3.49,7.99,5.99,36,2.8,False,-31.8,2,2,1.89,No Frills,False,34.1,100,84,Skip,32% above average; #2 of 2 stores; 36 prior prices
Save-On-Foods,Silk Soy Beverage,4.49,4.49,each,2026-10-01T03:00:00-04:00,2026-10-07T23:59:59-04:00,8163776,,,,True,,False,40.0,⚠️ Below Average,Standard pricing (no historical data),Soy Beverage,Beverages,Plant-Based Milk,cached,2.5,14.97,4.94,46,47.8,False,9.2,,1,,,False,46.4,100,73,Skip,9% below avg $4.94; 46 prior prices
Save-On-Foods,Siggi's Skyr,6.99,6.99,each,2026-10-01T03:00:00-04:00,2026-10-07T23:59:59-04:00,8163776,,,,True,,False,37.0,⚠️ Below Average,Above average (usually $5.57). $3.96 at Walmart,Skyr,Dairy & Eggs,nan,cached,6.47,6.99,6.64,3,0.0,False,-5.2,,1,,,False,37.4,100,62,Skip,5% above average; 3 prior prices
Save-On-Foods,Armstrong Cheese Slices,7.99,7.99,each,2026-10-01T03:00:00-04:00,2026-10-07T23:59:59-04:00,8163776,,,,True,,False,34.0,⚠️ Below Average,Above average (usually $7.24),Cheese Slices,Dairy & Eggs,nan,cached,1.11,15.0,6.18,85,18.2,False,-29.4,,1,,,True,30.3,100,73,Skip,29% above average; 85 prior prices
Save-On-Foods,Armstrong Shredded Cheese,9.99,9.99,each,2026-10-01T03:00:00-04:00,2026-10-07T23:59:59-04:00,8163776,,,,True,,False,17.0,❌ Poor Value,Above average (usually $6.90),Shredded Cheese,Dairy & Eggs,Cheese (Shredded/Sliced),cached,3.99,15.99,7.7,39,16.7,False,-29.7,2,2,4.99,No Frills,True,40.1,100,84,Skip,30% above average; #2 of 2 stores; 39 prior prices
Save-On-Foods,Armstrong Cheese Snack,4.99,4.99,each,2026-10-01T03:00:00-04:00,2026-10-07T23:59:59-04:00,8163776,,,,True,,False,42.0,⚠️ Below Average,Slightly below avg ($5.16),Cheese Snacks,Dairy & Eggs,Cheese (Shredded/Sliced),cached,4.5,5.5,5.09,5,50.0,False,2.0,2,2,4.0,Real Canadian Superstore,True,56.4,100,77,Only if needed,#2 of 2 stores; 5 prior prices
Save-On-Foods,Dairyland Protein Milk,5.99,5.99,each,2026-10-01T03:00:00-04:00,2026-10-07T23:59:59-04:00,8163776,,,,True,,False,39.0,⚠️ Below Average,Near average ($5.92),Protein Milk,Dairy & Eggs,nan,cached,0.98,12.48,5.3,43,27.9,False,-13.1,,1,,,True,38.5,100,73,Skip,13% above average; 43 prior prices
Save-On-Foods,Roasted Peanuts,0.69,0.69,each,2026-10-01T03:00:00-04:00,2026-10-07T23:59:59-04:00,8163776,,,,True,,False,85.0,🔥 Hot Deal,LOWEST PRICE in 6 months (usually $3.22),Peanuts (Roasted),Snacks,Nuts/Seeds,cached,0.69,0.69,0.69,3,33.3,True,0.0,,1,,,False,50.0,100,62,Only if needed,Lowest seen; 3 prior prices
Save-On-Foods,NaturSource Nut Mix,12.99,12.99,each,2026-10-01T03:00:00-04:00,2026-10-07T23:59:59-04:00,8163776,,,,True,,False,52.0,😐 Fair,LOWEST PRICE in 6 months (usually $13.49),Nut Mix,Snacks,nan,cached,0.98,55.99,10.32,46,26.1,False,-25.8,,1,,,False,27.1,100,73,Skip,26% above average; 46 prior prices
Save-On-Foods,Sanded Gummy Pumpkins,0.79,0.79,each,2026-10-01T03:00:00-04:00,2026-10-07T23:59:59-04:00,8163776,,,,True,no_history,False,45.0,⚠️ Below Average,No pricing history available; score set to neutral baseline,Gummy Pumpkins,Snacks,Candy/Chocolate,claude_code,,,,0,,False,,,1,,,False,40.0,80,25,Skip,No price history
Save-On-Foods,Value Pack Whole Natural Almonds,15.99,15.99,each,2026-10-01T03:00:00-04:00,2026-10-07T23:59:59-04:00,8163776,,,,True,,False,50.0,😐 Fair,LOWEST PRICE in 6 months (usually $15.99),"Almonds (Whole, Natural)",Snacks,nan,cached,1.99,15.99,7.59,5,10.0,False,-110.7,,1,,,False,15.0,100,66,Skip,111% above average; 5 prior prices
Save-On-Foods,Wonderful Pistachios,7.99,7.99,each,2026-10-01T03:00:00-04:00,2026-10-07T23:59:59-04:00,8163776,,,,True,,False,39.0,⚠️ Below Average,Near average ($7.86),Pistachios,Snacks,Nuts/Seeds,cached,4.99,10.99,7.81,17,47.1,False,-2.3,1,3,7.99,Save-On-Foods,False,58.9,100,85,Only if needed,Cheapest of 3 stores; 17 prior prices
Save-On-Foods,Western Family Salted Butter Popcorn,5.99,5.99,each,2026-10-01T03:00:00-04:00,2026-10-07T23:59:59-04:00,8163776,,,,True,,False,45.0,⚠️ Below Average,No pricing history available; score set to neutral baseline,Butter Popcorn,Snacks,Chips/Pretzels,claude_code,3.49,14.99,7.15,38,52.6,False,16.2,,1,,,True,56.3,100,73,Only if needed,16% below avg $7.15; 38 prior prices
Save-On-Foods,Western Family Sparkling Water,6.0,6.0,each,2026-10-01T03:00:00-04:00,2026-10-07T23:59:59-04:00,8163776,,,,True,,False,35.0,⚠️ Below Average,Near average ($5.53),Sparkling Water,Beverages,Water,cached,0.87,13.99,6.24,89,39.3,False,3.8,,1,,,False,42.7,100,73,Skip,89 prior prices
Save-On-Foods,Western Family Fruit,5.49,5.49,each,2026-10-01T03:00:00-04:00,2026-10-07T23:59:59-04:00,8163776,,,,True,,False,70.0,✅ Good Buy,44% below 6-month avg of $9.82,Fruit,Produce,Fruit,cached,3.39,16.99,9.51,10,60.0,False,42.2,,1,,,False,69.5,100,70,Only if needed,42% below avg $9.51; 10 prior prices
Save-On-Foods,Western Family Canned Vegetables,6.0,6.0,each,2026-10-01T03:00:00-04:00,2026-10-07T23:59:59-04:00,8163776,,,,True,,False,40.0,⚠️ Below Average,Standard pricing (no historical data),Canned Vegetables,Pantry,nan,cached,1.37,17.99,6.17,8,50.0,False,2.7,2,3,1.67,Walmart,False,51.9,100,81,Only if needed,#2 of 3 stores; 8 prior prices
Save-On-Foods,Western Family Broth,1.99,1.99,each,2026-10-01T03:00:00-04:00,2026-10-07T23:59:59-04:00,8163776,,,,True,,False,39.0,⚠️ Below Average,Near average ($1.96),Broth,Pantry,nan,cached,1.25,9.99,3.8,24,64.6,False,47.6,5,7,1.47,Walmart,False,63.3,100,88,Only if needed,48% below avg $3.80; 24 prior prices
Save-On-Foods,Western Family Raisin Bran Cereal,4.99,4.99,each,2026-10-01T03:00:00-04:00,2026-10-07T23:59:59-04:00,8163776,,,,True,,False,52.0,😐 Fair,LOWEST PRICE in 6 months (usually $5.17),Raisin Bran Cereal,Pantry,Breakfast/Cereal,cached,3.99,5.49,4.98,6,66.7,False,-0.3,,1,,,True,44.9,100,66,Skip,6 prior prices
Save-On-Foods,Oatly Organic Oat Barista,4.99,4.99,each,2026-10-01T03:00:00-04:00,2026-10-07T23:59:59-04:00,8163776,,,,True,,False,45.0,⚠️ Below Average,No pricing history available; score set to neutral baseline,Oat Milk (Barista),Beverages,Plant-Based Milk,claude_code,4.69,5.49,5.16,6,50.0,False,3.2,,1,,,False,42.2,100,66,Skip,6 prior prices
Save-On-Foods,Nuts for Cheese Dip,7.99,7.99,each,2026-10-01T03:00:00-04:00,2026-10-07T23:59:59-04:00,8163776,,,,True,,False,50.0,😐 Fair,"Priced at $7.99, matching both the average and the $7.99 historical low (3 data points)",Cashew Cheese Dip,Pantry,Sauces/Condiments,claude_code,1.25,25.0,8.79,29,41.4,False,9.1,,1,,,True,51.4,100,73,Only if needed,9% below avg $8.79; 29 prior prices
Save-On-Foods,Only Goodness Organic Cheese,10.99,10.99,each,2026-10-01T03:00:00-04:00,2026-10-07T23:59:59-04:00,8163776,,,,True,,False,50.0,😐 Fair,LOWEST PRICE in 6 months (usually $10.99),Cheese (Organic),Dairy & Eggs,nan,cached,2.49,19.99,8.25,54,17.6,False,-33.2,,1,,,True,28.4,100,73,Skip,33% above average; 54 prior prices
Save-On-Foods,Hornby Energy Bar,6.0,6.0,each,2026-10-01T03:00:00-04:00,2026-10-07T23:59:59-04:00,8163776,,,,True,,False,40.0,⚠️ Below Average,Standard pricing (no historical data),Energy Bar,Snacks,nan,cached,5.0,8.0,6.0,3,33.3,False,0.0,,1,,,False,40.0,100,62,Skip,3 prior prices
Save-On-Foods,Smart Sweets Candy,8.0,8.0,each,2026-10-01T03:00:00-04:00,2026-10-07T23:59:59-04:00,8163776,,,,True,,False,15.0,❌ Poor Value,Above average (usually $5.00),Candy,Snacks,Candy & Chocolate,cached,0.79,13.99,4.99,85,15.9,False,-60.4,,1,,,False,15.0,100,73,Skip,60% above average; 85 prior prices
Save-On-Foods,RW Knudsen Just Juice,10.99,10.99,each,2026-10-01T03:00:00-04:00,2026-10-07T23:59:59-04:00,8163776,,,,True,,False,50.0,😐 Fair,No price history or cross-store data available; $10.99 is typical for a specialty juice brand.,Juice,Beverages,Juice,claude_code,1.0,10.99,4.45,65,0.8,False,-147.2,2,2,1.88,Walmart,False,25.0,100,84,Skip,147% above average; #2 of 2 stores; 65 prior prices
Save-On-Foods,HydraSense Nasal Spray,12.49,12.49,each,2026-10-01T03:00:00-04:00,2026-10-07T23:59:59-04:00,8163776,,,,True,,False,50.0,😐 Fair,LOWEST PRICE in 6 months (usually $12.49),Nasal Spray,Household & Personal,nan,cached,11.49,19.99,14.66,8,43.8,False,14.8,,1,,,False,50.4,100,66,Only if needed,15% below avg $14.66; 8 prior prices
Save-On-Foods,Boost Nutritional Supplement Drinks,13.99,13.99,each,2026-10-01T03:00:00-04:00,2026-10-07T23:59:59-04:00,8163776,,,,True,,False,37.0,⚠️ Below Average,Near average ($13.36),Nutritional Supplement Drinks,Health/Pharmacy,nan,cached,8.0,39.99,21.82,57,64.0,False,35.9,,1,,,False,65.1,100,73,Only if needed,36% below avg $21.82; 57 prior prices
Save-On-Foods,Pampers Baby Wipes,8.99,8.99,each,2026-10-01T03:00:00-04:00,2026-10-07T23:59:59-04:00,8163776,,,,True,,False,50.0,😐 Fair,Slightly below avg ($10.49),Baby Wipes,Household & Personal,Baby,cached,2.0,26.0,13.49,70,64.3,False,33.4,,1,,,False,63.4,100,73,Only if needed,33% below avg $13.49; 70 prior prices
Save-On-Foods,Dove Hair Care,8.99,8.99,each,2026-10-01T03:00:00-04:00,2026-10-07T23:59:59-04:00,8163776,,,,True,,False,21.0,❌ Poor Value,Above average (usually $6.56),Hair Care,Household & Personal,Personal Care,cached,1.85,13.0,7.39,94,26.6,False,-21.7,4,6,4.99,Save-On-Foods,False,19.1,100,88,Skip,22% above average; 94 prior prices
Save-On-Foods,Tylenol Cold Tablets,11.49,11.49,each,2026-10-01T03:00:00-04:00,2026-10-07T23:59:59-04:00,8163776,,,,True,,False,50.0,😐 Fair,No price history or cross-store data available to assess $11.49 price.,Cold Tablets,Household & Personal,Health/Pharmacy,claude_code,9.77,16.34,13.4,12,75.0,False,14.3,,1,,,False,50.0,100,70,Only if needed,14% below avg $13.40; 12 prior prices
Save-On-Foods,Halls Lozenges,11.99,11.99,each,2026-10-01T03:00:00-04:00,2026-10-07T23:59:59-04:00,8163776,,,,True,,False,15.0,❌ Poor Value,Above average (usually $7.68),Lozenges,Health/Pharmacy,nan,cached,3.38,9.49,5.54,3,0.0,False,-116.6,,1,,,False,15.0,100,62,Skip,117% above average; 3 prior prices
Save-On-Foods,NeoCitran,12.49,12.49,each,2026-10-01T03:00:00-04:00,2026-10-07T23:59:59-04:00,8163776,,,,True,,False,47.0,⚠️ Below Average,Near average ($11.96). $12.39 at Real Canadian Superstore,Cold & Flu Relief,Household & Personal,Health/Pharmacy,cached,9.97,25.99,16.41,9,61.1,False,23.9,,1,,,False,56.7,100,66,Only if needed,24% below avg $16.41; 9 prior prices
Save-On-Foods,Halls Lozenges,9.0,9.0,each,2026-10-01T03:00:00-04:00,2026-10-07T23:59:59-04:00,8163776,,,,True,,False,31.0,⚠️ Below Average,Above average (usually $7.68),Lozenges,Health/Pharmacy,nan,cached,3.38,9.49,5.54,3,33.3,False,-62.6,,1,,,False,15.0,100,62,Skip,63% above average; 3 prior prices
Save-On-Foods,Buckley's Cough Syrup,16.49,16.49,each,2026-10-01T03:00:00-04:00,2026-10-07T23:59:59-04:00,8163776,,,,True,,False,37.0,⚠️ Below Average,Near average ($15.79),Cough Syrup,Household & Personal,Health/Pharmacy,cached,10.49,17.99,14.24,4,25.0,False,-15.8,2,2,13.99,Calgary Co-op,False,42.1,100,73,Skip,16% above average; #2 of 2 stores; 4 prior prices
Save-On-Foods,Halls Lozenges,5.99,5.99,each,2026-10-01T03:00:00-04:00,2026-10-07T23:59:59-04:00,8163776,,,,True,,False,55.0,😐 Fair,22% below 6-month avg of $7.68,Lozenges,Health/Pharmacy,nan,cached,3.38,9.49,5.54,3,33.3,False,-8.2,,1,,,False,35.9,100,62,Skip,8% above average; 3 prior prices
Save-On-Foods,Glad ClingWrap,4.99,4.99,each,2026-10-01T03:00:00-04:00,2026-10-07T23:59:59-04:00,8163776,,,,True,,False,32.0,⚠️ Below Average,Above average (usually $4.32),ClingWrap,Household & Personal,nan,cached,2.99,4.99,4.32,3,16.7,False,-15.4,,1,,,False,32.3,100,62,Skip,15% above average; 3 prior prices
Save-On-Foods,Western Family Freezer Storage Bags,1.99,1.99,each,2026-10-01T03:00:00-04:00,2026-10-07T23:59:59-04:00,8163776,,,,True,,False,80.0,✅ Good Buy,LOWEST PRICE in 6 months (usually $3.49),Freezer Storage Bags,Household & Personal,nan,cached,1.99,12.96,6.72,64,96.1,True,70.4,,1,,,False,85.0,100,73,Buy this week,70% below avg $6.72; Lowest seen; 64 prior prices
Save-On-Foods,Milk-Bone Soft & Chewy Dog Treats,9.99,9.99,each,2026-10-01T03:00:00-04:00,2026-10-07T23:59:59-04:00,8163776,,,,True,,False,15.0,❌ Poor Value,Above average (usually $6.56),Dog Treats (Soft & Chewy),Household & Personal,nan,cached,8.99,10.99,10.32,3,66.7,False,3.2,,1,,,True,47.2,100,62,Skip,3 prior prices
Save-On-Foods,Inaba Churu Lickable Cat Treats,10.0,10.0,each,2026-10-01T03:00:00-04:00,2026-10-07T23:59:59-04:00,8163776,,,,True,,False,63.0,😐 Fair,33% below 6-month avg of $14.96,Lickable Cat Treats,Household & Personal,nan,cached,2.58,37.98,9.6,19,31.6,False,-4.1,,1,,,False,38.0,100,70,Skip,19 prior prices
Save-On-Foods,Downy Unstopables Scent Booster,14.99,14.99,each,2026-10-01T03:00:00-04:00,2026-10-07T23:59:59-04:00,8163776,,,,True,,False,66.0,😐 Fair,LOWEST PRICE in 6 months (usually $19.64),Laundry Scent Booster,Household & Personal,Laundry,cached,5.0,24.97,12.0,53,35.8,False,-24.9,,1,,,False,27.6,100,73,Skip,25% above average; 53 prior prices
Save-On-Foods,Blue Buffalo Tastefuls Cat Food,21.99,21.99,each,2026-10-01T03:00:00-04:00,2026-10-07T23:59:59-04:00,8163776,,,,True,,False,16.0,❌ Poor Value,"35% above avg of $16.33 (history range $4.00-$22.99, 3 records), near the historical max.",Cat Food,Household & Personal,Pet Food/Supplies,claude_code,1.97,25.96,14.29,27,14.8,False,-53.8,5,5,5.0,Sobeys,False,5.0,100,88,Skip,54% above average; 27 prior prices
Save-On-Foods,Lysol Toilet Bowl Cleaner,6.99,6.99,each,2026-10-01T03:00:00-04:00,2026-10-07T23:59:59-04:00,8163776,,,,True,,False,45.0,⚠️ Below Average,Near average ($6.40). $6.97 at Walmart,Toilet Bowl Cleaner,Household & Personal,nan,cached,3.75,8.49,6.1,8,37.5,False,-14.7,2,3,6.97,Walmart,False,42.6,100,81,Skip,15% above average; #2 of 3 stores; 8 prior prices
Save-On-Foods,Diesel Whey Protein Powder,39.99,39.99,each,2026-10-01T03:00:00-04:00,2026-10-07T23:59:59-04:00,8163776,,,,True,,False,39.0,⚠️ Below Average,Near average ($39.70),Whey Protein Powder,Health/Pharmacy,nan,cached,38.99,40.47,39.98,6,41.7,False,-0.0,1,2,39.99,Save-On-Foods,False,60.0,100,77,Only if needed,Cheapest of 2 stores; 6 prior prices
Save-On-Foods,Western Family Chicken Breast,4.99,4.99,each,2026-10-01T03:00:00-04:00,2026-10-07T23:59:59-04:00,8163776,,,,True,,False,75.0,✅ Good Buy,55% below 6-month avg of $11.08,Chicken Breast,Poultry,nan,cached,3.69,22.0,10.16,23,87.0,False,50.9,,1,,,True,80.0,100,73,Buy this week,51% below avg $10.16; 23 prior prices
Save-On-Foods,Country Harvest 14 Grains Bread,2.99,2.99,each,2026-10-01T03:00:00-04:00,2026-10-07T23:59:59-04:00,8163776,,,,True,,False,60.0,😐 Fair,LOWEST PRICE in 6 months (usually $3.49),Bread (14 Grains),Bakery,nan,cached,2.98,7.0,3.67,23,65.2,False,18.4,,1,,,True,57.9,100,73,Only if needed,18% below avg $3.67; 23 prior prices
Save-On-Foods,Loxton De-Alcoholized Wine,8.99,8.99,each,2026-10-01T03:00:00-04:00,2026-10-07T23:59:59-04:00,8163776,,,,True,,False,50.0,😐 Fair,No price history or cross-store data available to assess $8.99 price.,De-Alcoholized Wine,Other,General,claude_code,7.5,8.99,8.49,3,16.7,False,-5.8,,1,,,False,37.1,100,62,Skip,6% above average; 3 prior prices
Save-On-Foods,Autumn Crisp Green Grapes,6.99,6.99,each,2026-10-01T03:00:00-04:00,2026-10-07T23:59:59-04:00,8163776,,,,True,,False,15.0,❌ Poor Value,Above average (usually $3.99),Green Grapes,Produce,Fruit,cached,2.49,9.0,4.35,59,13.6,False,-60.7,,1,,,False,15.0,100,73,Skip,61% above average; 59 prior prices
Save-On-Foods,BC Brine Pickles,8.99,8.99,each,2026-10-01T03:00:00-04:00,2026-10-07T23:59:59-04:00,8163776,,,,True,,False,50.0,😐 Fair,No price history or cross-store data available to assess $8.99 price.,Pickles,Pantry,Sauces/Condiments,claude_code,2.99,7.49,4.55,33,0.0,False,-97.7,,1,,,False,15.0,100,73,Skip,98% above average; 33 prior prices
Save-On-Foods,Western Family Signature Goat's Milk Cheese,4.99,4.99,each,2026-10-01T03:00:00-04:00,2026-10-07T23:59:59-04:00,8163776,,,,True,,False,53.0,😐 Fair,5% below avg of $5.24 and matches the historical low of $4.99 (2 records).,Goat's Milk Cheese,Dairy & Eggs,Cheese (Block),claude_code,4.99,5.49,5.16,3,50.0,True,3.2,,1,,,True,57.2,100,62,Only if needed,Lowest seen; 3 prior prices
Save-On-Foods,Western Family Signature Pepper Jelly,4.99,4.99,each,2026-10-01T03:00:00-04:00,2026-10-07T23:59:59-04:00,8163776,,,,True,,False,40.0,⚠️ Below Average,Standard pricing (no historical data),Pepper Jelly,Pantry,nan,cached,2.99,23.99,7.87,34,67.6,False,36.6,,1,,,False,65.6,100,73,Only if needed,37% below avg $7.87; 34 prior prices
Save-On-Foods,Western Family Signature Crisps,4.99,4.99,each,2026-10-01T03:00:00-04:00,2026-10-07T23:59:59-04:00,8163776,,,,True,,False,50.0,😐 Fair,LOWEST PRICE in 6 months (usually $4.99),Signature Crisps,Snacks,Crackers & Crisps,cached,2.99,23.99,7.88,32,67.2,False,36.7,,1,,,False,65.7,100,73,Only if needed,37% below avg $7.88; 32 prior prices
Save-On-Foods,Green Cabbage,1.29,1.29,each,2026-10-01T03:00:00-04:00,2026-10-07T23:59:59-04:00,8163776,,,,True,,False,22.0,❌ Poor Value,Above average (usually $1.13). $0.78 at Real Canadian Superstore,Cabbage (Green),Produce,nan,cached,0.78,1.27,1.0,5,0.0,False,-28.5,3,4,0.78,Real Canadian Superstore,False,30.8,100,81,Skip,28% above average; #3 of 4 stores; 5 prior prices
Save-On-Foods,Bartlett Pears,2.99,2.99,each,2026-10-01T03:00:00-04:00,2026-10-07T23:59:59-04:00,8163776,,,,True,,False,60.0,😐 Fair,Slightly below avg ($3.51). $2.49 at No Frills,Pears (Bartlett),Produce,Fruit,cached,1.99,8.99,3.28,22,20.5,False,8.9,4,5,2.49,No Frills,False,36.2,100,88,Skip,9% below avg $3.28; 22 prior prices
Save-On-Foods,Club House Spice,5.69,5.69,each,2026-10-01T03:00:00-04:00,2026-10-07T23:59:59-04:00,8163776,,,,True,,False,23.0,❌ Poor Value,"24% above avg of $4.59 (history range $3.29-$5.50, 3 records).",Spice,Pantry,Spices/Oils,claude_code,0.98,10.0,4.27,43,32.6,False,-33.2,,1,,,False,23.4,100,73,Skip,33% above average; 43 prior prices
Save-On-Foods,E.D. Smith Pure Pumpkin,4.99,4.99,each,2026-10-01T03:00:00-04:00,2026-10-07T23:59:59-04:00,8163776,,,,True,no_history,False,58.0,😐 Fair,No price history; only 4% above the best cross-store price of $4.79 at Real Canadian Superstore (2 stores compared).,Pumpkin Puree (Canned),Pantry,Canned Goods,claude_code,,,,0,,False,,,1,,,False,40.0,80,25,Skip,No price history
Save-On-Foods,Charcuterie Snacking Pack,8.99,8.99,each,2026-10-01T03:00:00-04:00,2026-10-07T23:59:59-04:00,8163776,,,,True,,False,50.0,😐 Fair,No price history or cross-store data available to assess $8.99 price.,Charcuterie Snacking Pack,Other,Deli (Prepared),claude_code,6.49,11.0,9.5,4,75.0,False,5.3,,1,,,False,43.7,100,62,Skip,5% below avg $9.50; 4 prior prices
Save-On-Foods,Christie Honey Maid Crumbs,5.49,5.49,each,2026-10-01T03:00:00-04:00,2026-10-07T23:59:59-04:00,8163776,,,,True,,False,50.0,😐 Fair,No price history or cross-store data available to assess $5.49 price.,Graham Cracker Crumbs,Pantry,Baking Supplies,claude_code,5.99,6.49,6.19,5,100.0,True,11.3,,1,,,False,57.9,100,66,Only if needed,11% below avg $6.19; Lowest seen; 5 prior prices
Save-On-Foods,Sumo Citrus,4.99,4.99,each,2026-10-01T03:00:00-04:00,2026-10-07T23:59:59-04:00,8163776,,,,True,no_history,False,50.0,😐 Fair,No price history or cross-store data available to assess $4.99 price.,Citrus (Sumo),Produce,Fruit,claude_code,,,,0,,False,,,1,,,False,40.0,80,25,Skip,No price history
Save-On-Foods,Potted Mum,10.99,10.99,each,2026-10-01T03:00:00-04:00,2026-10-07T23:59:59-04:00,8163776,,,,True,,False,0.0,❌ Poor Value,"120% above historical avg of $4.99 (flat $4.99 over 2 records); despite matching the current best cross-store price across 3 stores, it's far above the item's typical seasonal price.",Potted Mum,Other,Floral,claude_code,4.99,10.0,6.66,3,0.0,False,-65.0,,1,,,False,15.0,100,62,Skip,65% above average; 3 prior prices
Save-On-Foods,Watering Can Planter with Jute Bow,27.99,27.99,each,2026-10-01T03:00:00-04:00,2026-10-07T23:59:59-04:00,8163776,,,,True,no_history,False,50.0,😐 Fair,No price history or cross-store data available to assess $27.99 price.,Watering Can Planter,Other,General,claude_code,,,,0,,False,,,1,,,False,40.0,80,25,Skip,No price history
Save-On-Foods,Leeks,3.49,3.49,each,2026-10-01T03:00:00-04:00,2026-10-07T23:59:59-04:00,8163776,,,,True,,False,88.0,🔥 Hot Deal,"26% below avg of $4.74, at/below the historical low of $3.99, and the best price across 2 stores compared.",Leeks,Produce,Vegetables,claude_code,3.99,4.99,4.32,3,100.0,True,19.3,1,2,3.49,Save-On-Foods,False,83.5,100,73,Buy this week,19% below avg $4.32; Lowest seen; Cheapest of 2 stores
Save-On-Foods,Carrots,4.49,4.49,each,2026-10-01T03:00:00-04:00,2026-10-07T23:59:59-04:00,8163776,,,,True,,False,21.0,❌ Poor Value,"35% above avg of $3.33 (84 records); No Frills offers $1.49, the best of 7 stores compared, making this a weak buy.",Carrots,Produce,Vegetables,claude_code,1.28,6.99,3.49,16,18.8,False,-28.7,2,3,2.74,Walmart,False,35.6,100,85,Skip,29% above average; #2 of 3 stores; 16 prior prices
Save-On-Foods,BC Grown Bouquet,18.99,18.99,each,2026-10-01T03:00:00-04:00,2026-10-07T23:59:59-04:00,8163776,,,,True,,False,50.0,😐 Fair,No price history or cross-store data available to assess $18.99 price.,Flower Bouquet,Other,Floral,claude_code,18.99,34.99,24.99,17,85.3,True,24.0,1,2,18.99,Save-On-Foods,False,86.8,100,81,Buy this week,24% below avg $24.99; Lowest seen; Cheapest of 2 stores
Save-On-Foods,The Keg Burgers,16.99,16.99,each,2026-10-01T03:00:00-04:00,2026-10-07T23:59:59-04:00,8163776,,,,True,,False,50.0,😐 Fair,No price history or cross-store data available to assess $16.99 price.,Burgers,Beef,Burgers,claude_code,3.5,18.0,12.42,15,20.0,False,-36.8,,1,,,False,21.6,100,70,Skip,37% above average; 15 prior prices
Save-On-Foods,Schneiders Sausage Ring,7.99,7.99,each,2026-10-01T03:00:00-04:00,2026-10-07T23:59:59-04:00,8163776,,,,True,,False,54.0,😐 Fair,LOWEST PRICE in 6 months (usually $8.49),Sausage Ring,Pork,nan,cached,4.99,12.49,7.99,4,50.0,False,0.0,2,2,6.99,Calgary Co-op,False,50.0,100,73,Only if needed,#2 of 2 stores; 4 prior prices
Save-On-Foods,Janes Breaded Chicken,7.99,7.99,each,2026-10-01T03:00:00-04:00,2026-10-07T23:59:59-04:00,8163776,,,,True,,False,69.0,😐 Fair,LOWEST PRICE in 6 months (usually $10.99),Breaded Chicken,Poultry,nan,cached,6.0,12.99,10.21,14,92.9,False,21.7,1,2,7.99,Save-On-Foods,True,80.2,100,81,Buy this week,22% below avg $10.21; Cheapest of 2 stores; 14 prior prices
Save-On-Foods,Calabrese Garlic Bread,4.99,4.99,each,2026-10-01T03:00:00-04:00,2026-10-07T23:59:59-04:00,8163776,,,,True,,False,50.0,😐 Fair,No price history or cross-store data available to assess $4.99 price.,Garlic Bread,Bakery,Bread,claude_code,3.99,4.99,4.24,8,6.2,False,-17.6,,1,,,True,36.2,100,66,Skip,18% above average; 8 prior prices
Save-On-Foods,Abigail's Stuffing,3.99,3.99,each,2026-10-01T03:00:00-04:00,2026-10-07T23:59:59-04:00,8163776,,,,True,no_history,False,50.0,😐 Fair,No price history or cross-store data available to assess $3.99 price.,Stuffing Mix,Pantry,Pasta/Grains,claude_code,,,,0,,False,,,1,,,False,40.0,80,25,Skip,No price history
Save-On-Foods,Dinner Rolls,5.99,5.99,each,2026-10-01T03:00:00-04:00,2026-10-07T23:59:59-04:00,8163776,,,,True,low_history,False,55.0,😐 Fair,No price history; 71% above the best cross-store price of $3.50 at Real Canadian Superstore (2 stores compared).,Dinner Rolls,Bakery,Buns/Rolls,claude_code,3.99,3.99,3.99,2,0.0,False,-50.1,,1,,,False,15.0,90,56,Skip,50% above average; Only 2 prior prices
Save-On-Foods,Western Family Hot Dog Buns,3.49,3.49,each,2026-10-01T03:00:00-04:00,2026-10-07T23:59:59-04:00,8163776,,,,True,,False,74.0,✅ Good Buy,LOWEST PRICE in 6 months (usually $5.42),Hot Dog Buns,Bakery,Buns/Rolls,cached,2.97,5.79,4.53,12,79.2,False,22.9,,1,,,False,56.0,100,70,Only if needed,23% below avg $4.53; 12 prior prices
Save-On-Foods,Western Family Signature Carving Ham,7.99,7.99,each,2026-10-01T03:00:00-04:00,2026-10-07T23:59:59-04:00,8163776,,,,True,,False,40.0,⚠️ Below Average,Standard pricing (no historical data),Carving Ham,Pork,Ham,cached,2.49,23.99,7.09,39,19.2,False,-12.7,,1,,,False,33.6,100,73,Skip,13% above average; 39 prior prices
Save-On-Foods,Split Chicken Wings,6.99,6.99,each,2026-10-01T03:00:00-04:00,2026-10-07T23:59:59-04:00,8163776,,,,True,,False,57.0,😐 Fair,17% below 6-month avg of $8.47. $6.43 at Walmart,Chicken Wings (Split),Poultry,Wings,cached,4.99,17.0,7.08,11,22.7,False,1.3,3,3,6.43,Walmart,False,45.9,100,85,Skip,#3 of 3 stores; 11 prior prices
Save-On-Foods,Janes Chicken Breast Fillets,10.99,10.99,each,2026-10-01T03:00:00-04:00,2026-10-07T23:59:59-04:00,8163776,,,,True,,False,50.0,😐 Fair,No price history or cross-store data available to assess $10.99 price.,Chicken Breast Fillets,Poultry,Chicken Breast,claude_code,2.99,42.0,10.68,258,33.1,False,-2.9,,1,,,True,43.5,100,73,Skip,258 prior prices
Save-On-Foods,FRESH SAUSAGES,1.99,1.99,each,2026-10-01T03:00:00-04:00,2026-10-07T23:59:59-04:00,8163776,,,,True,no_history,False,50.0,😐 Fair,No price history or cross-store data available to assess $1.99 price.,Sausages (Fresh),Pork,Sausage (Fresh),claude_code,,,,0,,False,,,1,,,False,40.0,80,25,Skip,No price history
Save-On-Foods,Schneiders Chicken Wings,9.99,9.99,each,2026-10-01T03:00:00-04:00,2026-10-07T23:59:59-04:00,8163776,,,,True,,False,17.0,❌ Poor Value,"33% above avg of $7.49 (history range $6.99-$7.99, 2 records).",Chicken Wings,Poultry,Wings,claude_code,1.79,26.0,10.68,38,63.2,False,6.5,2,2,4.99,Real Canadian Superstore,False,54.5,100,84,Only if needed,6% below avg $10.68; #2 of 2 stores; 38 prior prices
Save-On-Foods,Aqua Star Snow Crab Cluster,23.99,23.99,each,2026-10-01T03:00:00-04:00,2026-10-07T23:59:59-04:00,8163776,,,,True,,False,40.0,⚠️ Below Average,Standard pricing (no historical data),Snow Crab Cluster,Seafood,nan,cached,14.0,23.99,20.75,27,0.0,False,-15.6,,1,,,False,32.2,100,73,Skip,16% above average; 27 prior prices
Save-On-Foods,Siwin Potstickers,5.49,5.49,each,2026-10-01T03:00:00-04:00,2026-10-07T23:59:59-04:00,8163776,,,,True,,False,38.0,⚠️ Below Average,Near average ($5.30),Potstickers,Frozen,nan,cached,4.98,5.99,5.32,7,42.9,False,-3.2,,1,,,False,38.4,100,66,Skip,7 prior prices
Save-On-Foods,Wild Rock Fish Taco Kit,14.99,14.99,each,2026-10-01T03:00:00-04:00,2026-10-07T23:59:59-04:00,8163776,,,,True,,False,40.0,⚠️ Below Average,Standard pricing (no historical data),Fish Taco Kit,Seafood,nan,cached,1.89,14.99,4.72,9,0.0,False,-217.4,,1,,,False,15.0,100,66,Skip,217% above average; 9 prior prices
Save-On-Foods,Prawn & Sauce Kit,24.99,24.99,each,2026-10-01T03:00:00-04:00,2026-10-07T23:59:59-04:00,8163776,,,,True,,False,50.0,😐 Fair,No price history or cross-store data available to assess $24.99 price.,Prawn & Sauce Kit,Seafood,Prepared Seafood,claude_code,3.97,9.0,4.78,14,0.0,False,-423.0,,1,,,False,15.0,100,70,Skip,423% above average; 14 prior prices
Save-On-Foods,Pumpkin Cheesecake Mash Up,14.99,14.99,each,2026-10-01T03:00:00-04:00,2026-10-07T23:59:59-04:00,8163776,,,,True,no_history,False,50.0,😐 Fair,No price history or cross-store data available to assess $14.99 price.,Pumpkin Cheesecake,Bakery,Desserts/Cakes,claude_code,,,,0,,False,,,1,,,True,45.0,80,25,Skip,No price history
Save-On-Foods,Croissants,5.99,5.99,each,2026-10-01T03:00:00-04:00,2026-10-07T23:59:59-04:00,8163776,,,,True,,False,43.0,⚠️ Below Average,"3% above avg of $5.82 (64 records); Safeway offers $2.99, the best of 6 stores compared, nearly half this price.",Croissants,Bakery,Pastries/Donuts,claude_code,2.99,5.99,4.63,23,13.0,False,-29.4,3,3,2.99,Sobeys,False,30.3,100,88,Skip,29% above average; #3 of 3 stores; 23 prior prices
Save-On-Foods,Ahi Tuna Steak,3.29,3.29,each,2026-10-01T03:00:00-04:00,2026-10-07T23:59:59-04:00,8163776,,,,True,,False,30.0,⚠️ Below Average,Above average (usually $2.77),Tuna Steak (Ahi),Seafood,nan,cached,1.99,17.0,4.84,30,63.3,False,32.0,,1,,,False,62.4,100,73,Only if needed,32% below avg $4.84; 30 prior prices
Save-On-Foods,Black Forest Ham,2.99,2.99,each,2026-10-01T03:00:00-04:00,2026-10-07T23:59:59-04:00,8163776,,,,True,,False,67.0,😐 Fair,Slightly below avg ($3.36). Best price across 2 stores,Ham,Pork,nan,cached,1.99,14.99,4.88,17,94.1,False,38.8,1,3,2.99,Save-On-Foods,False,87.2,100,85,Buy this week,39% below avg $4.88; Cheapest of 3 stores; 17 prior prices
Save-On-Foods,White Pumpkin,7.99,7.99,each,2026-10-01T03:00:00-04:00,2026-10-07T23:59:59-04:00,8163776,,,,True,,False,50.0,😐 Fair,No price history or cross-store data available to assess $7.99 price.,Pumpkin (White),Produce,Vegetables,claude_code,1.49,12.0,4.02,31,6.5,False,-99.0,,1,,,False,15.0,100,73,Skip,99% above average; 31 prior prices
Save-On-Foods,Everything Bagels,4.79,4.79,each,2026-10-01T03:00:00-04:00,2026-10-07T23:59:59-04:00,8163776,,,,True,,False,29.0,❌ Poor Value,Above average (usually $3.94),Bagels,Bakery,nan,cached,2.0,8.0,3.99,38,13.2,False,-20.0,,1,,,False,30.0,100,73,Skip,20% above average; 38 prior prices
Save-On-Foods,Ritz Crackers,8.0,8.0,each,2026-10-01T03:00:00-04:00,2026-10-07T23:59:59-04:00,8163776,,,,True,,False,25.0,❌ Poor Value,Above average (usually $5.20). $2.78 at Walmart,Crackers,Snacks,nan,cached,1.97,12.0,4.35,83,5.4,False,-83.9,,1,,,False,15.0,100,73,Skip,84% above average; 83 prior prices
Save-On-Foods,Western Family Granola,5.49,5.49,each,2026-10-01T03:00:00-04:00,2026-10-07T23:59:59-04:00,8163776,,,,True,,False,26.0,❌ Poor Value,Above average (usually $4.34),Granola,Snacks,Bars/Granola,cached,4.0,16.99,7.37,27,68.5,False,25.5,,1,,,False,57.8,100,73,Only if needed,26% below avg $7.37; 27 prior prices
Save-On-Foods,Lay's Potato Chips,10.0,10.0,each,2026-10-01T03:00:00-04:00,2026-10-07T23:59:59-04:00,8163776,,,,True,,False,35.0,⚠️ Below Average,Above average (usually $4.47). Best price across 2 stores,Potato Chips,Snacks,Chips,cached,1.43,12.99,4.91,130,4.6,False,-103.5,9,12,2.5,Real Canadian Superstore,False,5.0,100,88,Skip,104% above average; 130 prior prices
Save-On-Foods,Gardein Suprême Meal,8.99,8.99,each,2026-10-01T03:00:00-04:00,2026-10-07T23:59:59-04:00,8163776,,,,True,,False,50.0,😐 Fair,No price history or cross-store data available to assess $8.99 price.,Plant-Based Meal,Frozen,Meals/Entrees,claude_code,4.47,17.99,8.93,6,33.3,False,-0.6,,1,,,False,39.7,100,66,Skip,6 prior prices
Save-On-Foods,Benylin All-in-One Syrup,15.99,15.99,each,2026-10-01T03:00:00-04:00,2026-10-07T23:59:59-04:00,8163776,,,,True,,False,50.0,😐 Fair,No price history or cross-store data available to assess $15.99 price.,Cold & Flu Syrup,Household & Personal,Health/Pharmacy,claude_code,10.0,12.49,11.66,3,0.0,False,-37.1,,1,,,False,21.4,100,62,Skip,37% above average; 3 prior prices
Save-On-Foods,Swiffer Mopping Refills,10.99,10.99,each,2026-10-01T03:00:00-04:00,2026-10-07T23:59:59-04:00,8163776,,,,True,,False,40.0,⚠️ Below Average,Standard pricing (no historical data),Mopping Refills,Household & Personal,Cleaning Supplies,cached,6.97,15.97,11.24,23,34.8,False,2.2,,1,,,False,41.5,100,73,Skip,23 prior prices
Save-On-Foods,Fancy Feast Gems,18.99,18.99,each,2026-10-01T03:00:00-04:00,2026-10-07T23:59:59-04:00,8163776,,,,True,,False,25.0,❌ Poor Value,Above average (usually $8.85). $15.93 at Walmart,Pet Food,Pet Food/Supplies,Pet Food/Supplies,cached,1.97,18.99,8.99,9,0.0,False,-111.2,,1,,,False,15.0,100,66,Skip,111% above average; 9 prior prices
Save-On-Foods,Purina Friskies Cat Food,19.99,19.99,each,2026-10-01T03:00:00-04:00,2026-10-07T23:59:59-04:00,8163776,,,,True,,False,42.0,⚠️ Below Average,Slightly below avg ($20.74),Cat Food,Household & Personal,nan,cached,1.97,25.96,14.29,27,22.2,False,-39.8,4,5,5.0,Sobeys,False,10.1,100,88,Skip,40% above average; 27 prior prices
Save-On-Foods,Western Family Kettle Chips (200g) or Signature (180g),2.99,2.99,each,2026-10-01T03:00:00-04:00,2026-10-07T23:59:59-04:00,8163776,14.95,$/kg,200.0,True,,False,50.0,😐 Fair,No price history or cross-store data; unit price is $14.95/kg with no benchmark to compare against.,Kettle Chips,Snacks,Chips/Pretzels,claude_code,2.99,9.0,7.44,15,90.0,True,59.8,,1,,,False,90.0,100,78,Stock up,60% below avg $7.44; Lowest seen; 15 prior prices
Save-On-Foods,Maynards Candy,2.79,2.79,each,2026-10-01T03:00:00-04:00,2026-10-07T23:59:59-04:00,8163776,,,,True,,False,93.0,🔥 Hot Deal,47% below 6-month avg of $5.29. Best price across 2 stores,Candy,Snacks,Candy/Chocolate,cached,0.79,13.99,4.99,85,75.9,False,44.0,,1,,,False,70.8,100,73,Compare first,44% below avg $4.99; 85 prior prices
Save-On-Foods,Western Family Kefir,5.49,5.49,each,2026-10-01T03:00:00-04:00,2026-10-07T23:59:59-04:00,8163776,,,,True,,False,50.0,😐 Fair,No price history or cross-store data available to assess $5.49 price.,Kefir,Dairy & Eggs,Yogurt,claude_code,5.5,10.99,7.51,11,100.0,True,26.9,1,2,5.49,Save-On-Foods,False,88.8,100,81,Stock up,27% below avg $7.51; Lowest seen; Cheapest of 2 stores
Save-On-Foods,Tresemme Hair Care,5.99,5.99,each,2026-10-01T03:00:00-04:00,2026-10-07T23:59:59-04:00,8163776,,,,True,,False,54.0,😐 Fair,5% below avg of $6.32 and matches the historical low of $5.99 (3 records).,Hair Care,Household & Personal,Personal Care,claude_code,1.85,13.0,7.39,94,67.6,False,18.9,2,6,4.99,Save-On-Foods,False,63.2,100,88,Only if needed,19% below avg $7.39; #2 of 6 stores; 94 prior prices
Save-On-Foods,Kellogg's Froot Loops Marshmallows Cereal,4.99,4.99,each,2026-10-01T03:00:00-04:00,2026-10-07T23:59:59-04:00,8163776,,,,True,,False,50.0,😐 Fair,No price history or cross-store data available to assess $4.99 price.,Marshmallow Cereal,Pantry,Breakfast/Cereal,claude_code,4.99,8.99,5.99,5,60.0,True,16.7,,1,,,True,66.7,100,66,Only if needed,17% below avg $5.99; Lowest seen; 5 prior prices
Save-On-Foods,Old El Paso Taco Shells,2.99,2.99,each,2026-10-01T03:00:00-04:00,2026-10-07T23:59:59-04:00,8163776,,,,True,,False,40.0,⚠️ Below Average,"Essentially flat vs. avg of $2.97 (history $2.97 flat, 2 records), no real discount.",Taco Shells,Pantry,Pasta/Grains,claude_code,2.97,4.99,3.99,4,75.0,False,25.0,,1,,,False,57.5,100,62,Only if needed,25% below avg $3.99; 4 prior prices
Save-On-Foods,Casa Mendosa White Tortillas,4.49,4.49,each,2026-10-01T03:00:00-04:00,2026-10-07T23:59:59-04:00,8163776,,,,True,,False,50.0,😐 Fair,No price history or cross-store data available to assess $4.49 price.,Tortillas (White),Bakery,Tortillas/Wraps,claude_code,2.85,5.29,4.16,11,22.7,False,-8.1,,1,,,False,36.0,100,70,Skip,8% above average; 11 prior prices
Save-On-Foods,Eagle Brand Sweetened Condensed Milk,8.0,8.0,each,2026-10-01T03:00:00-04:00,2026-10-07T23:59:59-04:00,8163776,,,,True,,False,5.0,❌ Poor Value,"50% above avg of $5.33 (history range $3.49-$9.00, 3 records), close to the historical max.",Sweetened Condensed Milk,Pantry,Baking Supplies,claude_code,2.48,4.49,3.53,15,0.0,False,-126.5,2,2,2.5,No Frills,True,30.0,100,81,Skip,126% above average; #2 of 2 stores; 15 prior prices
Save-On-Foods,Creamy Spinach Dip,1.79,1.79,each,2026-10-01T03:00:00-04:00,2026-10-07T23:59:59-04:00,8163776,,,,True,,False,38.0,⚠️ Below Average,"3% above avg of $1.74, close to the historical max of $1.79 (2 records).",Spinach Dip,Pantry,Sauces/Condiments,claude_code,1.69,9.0,3.91,6,66.7,False,54.2,,1,,,False,75.0,100,66,Compare first,54% below avg $3.91; 6 prior prices
Save-On-Foods,Candy Corn,0.89,0.89,each,2026-10-01T03:00:00-04:00,2026-10-07T23:59:59-04:00,8163776,,,,True,no_history,False,50.0,😐 Fair,No price history or cross-store data available to assess $0.89 price.,Candy Corn,Snacks,Candy/Chocolate,claude_code,,,,0,,False,,,1,,,False,40.0,80,25,Skip,No price history
Save-On-Foods,Crave Entrée,8.0,8.0,each,2026-10-01T03:00:00-04:00,2026-10-07T23:59:59-04:00,8163776,,,,True,,False,39.0,⚠️ Below Average,Near average ($7.87),Pet Food,Household & Personal,Meals/Entrees,cached,1.97,18.99,8.99,9,33.3,False,11.0,,1,,,False,47.7,100,66,Skip,11% below avg $8.99; 9 prior prices
Save-On-Foods,Earth Balance Plant Butter,7.99,7.99,each,2026-10-01T03:00:00-04:00,2026-10-07T23:59:59-04:00,8163776,,,,True,,False,50.0,😐 Fair,No price history or cross-store data available to assess $7.99 price.,Plant-Based Butter,Dairy & Eggs,Butter/Margarine,claude_code,3.47,9.0,4.92,7,14.3,False,-62.5,,1,,,True,20.0,100,66,Skip,62% above average; 7 prior prices
Save-On-Foods,Angie's Boom Chicka Pop Popcorn,3.0,3.0,each,2026-10-01T03:00:00-04:00,2026-10-07T23:59:59-04:00,8163776,,,,True,,False,71.0,✅ Good Buy,LOWEST PRICE in 6 months (usually $4.32),Popcorn,Snacks,nan,cached,3.0,10.97,5.07,24,95.8,True,40.8,,1,,,False,78.6,100,73,Buy this week,41% below avg $5.07; Lowest seen; 24 prior prices
Save-On-Foods,The Little Potato Co. Nugget Potatoes,5.99,5.99,each,2026-10-01T03:00:00-04:00,2026-10-07T23:59:59-04:00,8163776,,,,True,,False,50.0,😐 Fair,LOWEST PRICE in 6 months (usually $5.99),Potatoes (Nugget),Produce,nan,cached,3.99,5.99,4.82,3,0.0,False,-24.2,,1,,,True,32.9,100,62,Skip,24% above average; 3 prior prices
Save-On-Foods,Pepsi Soft Drinks,13.49,13.49,each,2026-10-01T03:00:00-04:00,2026-10-07T23:59:59-04:00,8163776,,,,True,,False,35.0,⚠️ Below Average,Above average (usually $7.05). Best price across 2 stores,Soft Drinks,Beverages,Soda/Pop,cached,1.0,16.98,7.01,88,10.8,False,-92.5,,1,,,False,15.0,100,73,Skip,92% above average; 88 prior prices
Save-On-Foods,Banana Chocolate Chunk Muffin,5.99,5.99,each,2026-10-01T03:00:00-04:00,2026-10-07T23:59:59-04:00,8163776,,,,True,,False,50.0,😐 Fair,No price history or cross-store data available to assess $5.99 price.,Banana Chocolate Chunk Muffin,Bakery,Bagels/Muffins,claude_code,1.18,9.99,5.55,15,66.7,False,-7.9,,1,,,False,36.0,100,70,Skip,8% above average; 15 prior prices
Save-On-Foods,My Offers,3.49,3.49,each,2026-10-01T03:00:00-04:00,2026-10-07T23:59:59-04:00,8163776,,,,True,,False,84.0,✅ Good Buy,"63% below avg of $9.52 ($3.49 vs $9.52 avg, based on 29 data points)",My Offers,Other,General,claude_code,3.49,25.0,11.91,13,92.3,True,70.7,,1,,,False,85.0,100,70,Buy this week,71% below avg $11.91; Lowest seen; 13 prior prices
Save-On-Foods,Wensleydale Cheese with Cranberries,5.49,5.49,each,2026-10-01T03:00:00-04:00,2026-10-07T23:59:59-04:00,8163776,,,,True,no_history,False,45.0,⚠️ Below Average,No price history available; neutral score assigned,Wensleydale Cheese with Cranberries,Dairy & Eggs,Cheese (Block),claude_code,,,,0,,False,,,1,,,True,45.0,80,25,Skip,No price history
Save-On-Foods,Cadbury Chocolate Bar,6.0,6.0,each,2026-10-01T03:00:00-04:00,2026-10-07T23:59:59-04:00,8163776,,,,True,,False,3.0,❌ Poor Value,"82% above avg of $3.31, matches best cross-store price of $6.00 (2 stores) but avg price is much lower",Chocolate Bar,Snacks,Candy/Chocolate,claude_code,1.0,6.0,3.15,31,0.0,False,-90.5,2,2,6.0,Calgary Co-op,False,25.0,100,84,Skip,90% above average; #2 of 2 stores; 31 prior prices
Save-On-Foods,Bakery Cake,14.99,14.99,each,2026-10-01T03:00:00-04:00,2026-10-07T23:59:59-04:00,8163776,,,,True,,False,40.0,⚠️ Below Average,Standard pricing (no historical data),Cake,Bakery,nan,cached,5.5,21.99,16.93,8,75.0,False,11.5,,1,,,False,48.0,100,66,Skip,12% below avg $16.93; 8 prior prices
Save-On-Foods,Western Family Signature Crab Dip,13.99,13.99,each,2026-10-01T03:00:00-04:00,2026-10-07T23:59:59-04:00,8163776,,,,True,,False,40.0,⚠️ Below Average,Standard pricing (no historical data),Crab Dip,Pantry,nan,cached,2.99,23.99,7.14,49,10.2,False,-95.8,,1,,,False,15.0,100,73,Skip,96% above average; 49 prior prices
Save-On-Foods,SAVE FOODS KITCHEN,129.0,129.0,each,2026-10-01T03:00:00-04:00,2026-10-07T23:59:59-04:00,8163776,,,,True,,False,45.0,⚠️ Below Average,No price history available; neutral score assigned,Save Foods Kitchen,Other,General,claude_code,6.0,22.0,18.8,5,0.0,False,-586.2,,1,,,False,15.0,100,66,Skip,586% above average; 5 prior prices
Save-On-Foods,Western Family Olive Oil,12.99,12.99,each,2026-10-01T03:00:00-04:00,2026-10-07T23:59:59-04:00,8163776,,,,True,,False,37.0,⚠️ Below Average,Near average ($12.32),Olive Oil,Pantry,nan,cached,7.0,16.99,14.32,15,70.0,False,9.3,2,2,7.99,Real Canadian Superstore,False,56.5,100,81,Only if needed,9% below avg $14.32; #2 of 2 stores; 15 prior prices
Save-On-Foods,Campbell's Condensed Soup,1.59,1.59,each,2026-10-01T03:00:00-04:00,2026-10-07T23:59:59-04:00,8163776,,,,True,,False,69.0,😐 Fair,42% below 6-month avg of $2.74,Condensed Soup,Pantry,Soups,cached,0.92,7.0,2.84,9,66.7,False,44.0,,1,,,False,70.8,100,66,Compare first,44% below avg $2.84; 9 prior prices
Save-On-Foods,Violife Alternative Cheese Shreds,3.99,3.99,each,2026-10-01T03:00:00-04:00,2026-10-07T23:59:59-04:00,8163776,,,,True,,False,45.0,⚠️ Below Average,No price history available; neutral score assigned,Alternative Cheese Shreds,Dairy & Eggs,Cheese (Shredded/Sliced),claude_code,3.99,10.99,6.17,66,97.7,True,35.3,,1,,,True,79.7,100,73,Buy this week,35% below avg $6.17; Lowest seen; 66 prior prices
Save-On-Foods,Kraft Miracle Whip,4.99,4.99,each,2026-10-01T03:00:00-04:00,2026-10-07T23:59:59-04:00,8163776,,,,True,,False,40.0,⚠️ Below Average,Slightly below avg ($5.04),Miracle Whip,Pantry,Sauces/Condiments,cached,4.97,5.99,5.32,3,33.3,False,6.1,1,2,4.99,Save-On-Foods,False,64.3,100,73,Only if needed,6% below avg $5.32; Cheapest of 2 stores; 3 prior prices
Save-On-Foods,Kraft Salad Dressing,6.0,6.0,each,2026-10-01T03:00:00-04:00,2026-10-07T23:59:59-04:00,8163776,,,,True,,False,25.0,❌ Poor Value,Above average (usually $3.41). $3.00 at No Frills,Salad Dressing,Pantry,Sauces/Condiments,cached,1.97,7.49,4.01,55,8.2,False,-49.5,7,8,2.97,Sobeys,False,5.2,100,88,Skip,50% above average; 55 prior prices
Save-On-Foods,Tide Laundry Detergent,15.99,15.99,each,2026-10-01T03:00:00-04:00,2026-10-07T23:59:59-04:00,8163776,,,,True,,False,33.0,⚠️ Below Average,Above average (usually $14.24),Laundry Detergent,Household & Personal,Laundry,cached,4.97,22.0,12.43,58,18.1,False,-28.7,10,11,5.0,No Frills,False,15.6,100,88,Skip,29% above average; 58 prior prices
Save-On-Foods,Only Goodness Bolognese Pasta Sauce,7.99,7.99,each,2026-10-01T03:00:00-04:00,2026-10-07T23:59:59-04:00,8163776,,,,True,,False,45.0,⚠️ Below Average,No price history available; neutral score assigned,Bolognese Pasta Sauce,Pantry,Sauces/Condiments,claude_code,7.0,9.99,8.99,3,66.7,False,11.2,,1,,,True,52.8,100,62,Only if needed,11% below avg $8.99; 3 prior prices
Save-On-Foods,Häagen-Dazs Ice Cream,5.49,5.49,each,2026-10-01T03:00:00-04:00,2026-10-07T23:59:59-04:00,8163776,,,,True,,False,49.0,⚠️ Below Average,Near average ($5.47). $4.99 at No Frills,Ice Cream,Frozen,Ice Cream/Dessert,cached,2.97,10.97,6.04,104,40.9,False,9.1,,1,,,False,46.4,100,73,Skip,9% below avg $6.04; 104 prior prices
Save-On-Foods,Green Giant Vegetables,7.0,7.0,each,2026-10-01T03:00:00-04:00,2026-10-07T23:59:59-04:00,8163776,,,,True,,False,25.0,❌ Poor Value,Above average (usually $3.80). $1.37 at Real Canadian Superstore,Frozen Vegetables,Frozen,Frozen Vegetables,cached,2.96,17.99,5.43,23,15.2,False,-29.0,4,5,2.77,No Frills,False,15.5,100,88,Skip,29% above average; 23 prior prices
Save-On-Foods,Amy's Refried Beans,4.49,4.49,each,2026-10-01T03:00:00-04:00,2026-10-07T23:59:59-04:00,8163776,,,,True,,False,45.0,⚠️ Below Average,No price history available; neutral score assigned,Refried Beans,Pantry,Canned Goods,claude_code,2.79,3.0,2.95,5,0.0,False,-52.1,,1,,,False,15.0,100,66,Skip,52% above average; 5 prior prices
Save-On-Foods,Grimm's Pepperoni,12.99,12.99,each,2026-10-01T03:00:00-04:00,2026-10-07T23:59:59-04:00,8163776,,,,True,,False,30.0,⚠️ Below Average,Above average (usually $10.99),Pepperoni,Pork,nan,cached,3.29,7.99,4.97,5,0.0,False,-161.4,3,3,9.99,Sobeys,False,20.0,100,81,Skip,161% above average; #3 of 3 stores; 5 prior prices
Save-On-Foods,Homestyle Multigrain Half Loaf,5.99,5.99,each,2026-10-01T03:00:00-04:00,2026-10-07T23:59:59-04:00,8163776,,,,True,no_history,False,45.0,⚠️ Below Average,No price history available; neutral score assigned,Multigrain Bread (Half Loaf),Bakery,Bread,claude_code,,,,0,,False,,,1,,,False,40.0,80,25,Skip,No price history
Save-On-Foods,My Offers,13.49,13.49,each,2026-10-01T03:00:00-04:00,2026-10-07T23:59:59-04:00,8163776,,,,True,,False,11.0,❌ Poor Value,"42% above avg of $9.52 ($13.49 vs $9.52 avg, based on 29 data points)",My Offers,Other,General,claude_code,3.49,25.0,11.91,13,46.2,False,-13.2,,1,,,False,33.4,100,70,Skip,13% above average; 13 prior prices
Save-On-Foods,Aqua Star Tempura Shrimp,12.99,12.99,each,2026-10-01T03:00:00-04:00,2026-10-07T23:59:59-04:00,8163776,,,,True,,False,55.0,😐 Fair,LOWEST PRICE in 6 months (usually $13.99),"Shrimp (Tempura, Frozen)",Frozen,Meat/Seafood (Frozen),cached,13.99,13.99,13.99,3,100.0,True,7.1,,1,,,False,55.0,100,62,Only if needed,7% below avg $13.99; Lowest seen; 3 prior prices
Save-On-Foods,Pepperidge Farm Goldfish Crackers,5.0,5.0,each,2026-10-01T03:00:00-04:00,2026-10-07T23:59:59-04:00,8163776,,,,True,,False,41.0,⚠️ Below Average,Slightly below avg ($5.14),Goldfish Crackers,Snacks,Crackers,cached,2.0,9.99,6.32,26,61.5,False,20.9,,1,,,False,54.6,100,73,Only if needed,21% below avg $6.32; 26 prior prices
Save-On-Foods,Illy Espresso Pods,9.99,9.99,each,2026-10-01T03:00:00-04:00,2026-10-07T23:59:59-04:00,8163776,,,,True,,False,45.0,⚠️ Below Average,No price history available; neutral score assigned,Espresso Pods,Beverages,Coffee,claude_code,10.99,12.99,12.54,9,100.0,True,20.3,,1,,,False,64.2,100,66,Only if needed,20% below avg $12.54; Lowest seen; 9 prior prices
Save-On-Foods,Illy Ground Coffee,10.99,10.99,each,2026-10-01T03:00:00-04:00,2026-10-07T23:59:59-04:00,8163776,,,,True,,False,45.0,⚠️ Below Average,No price history available; neutral score assigned,Ground Coffee,Beverages,Coffee,claude_code,4.99,30.99,16.93,41,78.0,False,35.1,,1,,,True,69.6,100,73,Only if needed,35% below avg $16.93; 41 prior prices
Save-On-Foods,Love Child Organics Baby Food,10.0,10.0,each,2026-10-01T03:00:00-04:00,2026-10-07T23:59:59-04:00,8163776,,,,True,,False,38.0,⚠️ Below Average,Near average ($9.75),Baby Food,Household & Personal,nan,cached,0.5,10.0,4.8,25,4.0,False,-108.5,,1,,,False,15.0,100,73,Skip,108% above average; 25 prior prices
Save-On-Foods,The Emperor's Enemy Deluxe Limited Edition,45.0,45.0,each,2026-10-01T03:00:00-04:00,2026-10-07T23:59:59-04:00,8163776,,,,True,no_history,False,45.0,⚠️ Below Average,No price history available; neutral score assigned,Emperor's Enemy Deluxe Limited Edition,Other,General,claude_code,,,,0,,False,,,1,,,False,40.0,80,25,Skip,No price history
Save-On-Foods,Western Family Butt Portion Ham or Shank,2.99,2.99,each,2026-10-01T03:00:00-04:00,2026-10-07T23:59:59-04:00,8163776,,,,True,low_history,False,45.0,⚠️ Below Average,No price history available; neutral score assigned,Ham (Butt Portion),Pork,Ham,claude_code,2.49,2.99,2.74,2,0.0,False,-9.1,,1,,,False,35.5,90,56,Skip,9% above average; Only 2 prior prices
Save-On-Foods,Sourdough Bread,3.99,3.99,each,2026-10-01T03:00:00-04:00,2026-10-07T23:59:59-04:00,8163776,,,,True,,False,40.0,⚠️ Below Average,"0.5% above avg of $3.97 ($3.99 vs $3.97 avg, based on 8 data points)",Sourdough Bread,Bakery,Bread,claude_code,2.99,3.99,3.41,6,0.0,False,-16.9,2,2,3.5,Real Canadian Superstore,True,46.5,100,77,Skip,17% above average; #2 of 2 stores; 6 prior prices
Save-On-Foods,Prime Rib Roast,19.99,19.99,each,2026-10-01T03:00:00-04:00,2026-10-07T23:59:59-04:00,8163776,,,,True,,False,40.0,⚠️ Below Average,Standard pricing (no historical data),Rib Roast,Beef,nan,cached,3.49,30.99,16.97,69,37.0,False,-17.8,,1,,,False,31.1,100,73,Skip,18% above average; 69 prior prices
Save-On-Foods,Atlantic Salmon Fillet,3.29,3.29,per_100g,2026-10-01T03:00:00-04:00,2026-10-07T23:59:59-04:00,8163776,32.9,$/kg,,True,,True,95.0,🔥 Hot Deal,68% below 6-month avg of $10.37. Best price across 2 stores,Salmon Fillets (Atlantic),Seafood,nan,cached,29.9,39.9,35.17,22,68.2,False,6.5,1,2,32.9,Save-On-Foods,False,69.5,100,92,Only if needed,6% below avg $35.17; Cheapest of 2 stores; 22 prior prices
Save-On-Foods,Orville Redenbacher Microwave Popcorn,5.99,5.99,each,2026-10-01T03:00:00-04:00,2026-10-07T23:59:59-04:00,8163776,,,,True,,False,54.0,😐 Fair,21% below 6-month avg of $7.59,Microwave Popcorn,Snacks,Chips/Pretzels,cached,2.99,10.99,6.02,17,58.8,False,0.5,2,2,3.97,Walmart,False,50.4,100,81,Only if needed,#2 of 2 stores; 17 prior prices
Save-On-Foods,Lemon Cranberry Scones,5.99,5.99,each,2026-10-01T03:00:00-04:00,2026-10-07T23:59:59-04:00,8163776,,,,True,,False,37.0,⚠️ Below Average,Near average ($5.66),Scones (Lemon Cranberry),Bakery,nan,cached,4.99,5.99,5.66,3,16.7,False,-5.9,,1,,,False,37.0,100,62,Skip,6% above average; 3 prior prices
Save-On-Foods,Darknight Pumpkin,6.99,6.99,each,2026-10-01T03:00:00-04:00,2026-10-07T23:59:59-04:00,8163776,,,,True,no_history,False,45.0,⚠️ Below Average,No price history available; neutral score assigned,Pumpkin (Darknight),Other,Seasonal,claude_code,,,,0,,False,,,1,,,False,40.0,80,25,Skip,No price history
Save-On-Foods,Kellogg's Rice Krispies Cereal,5.49,5.49,each,2026-10-01T03:00:00-04:00,2026-10-07T23:59:59-04:00,8163776,,,,True,,False,53.0,😐 Fair,LOWEST PRICE in 6 months (usually $5.74),Rice Krispies Cereal,Pantry,nan,cached,2.49,10.0,5.83,156,46.5,False,5.8,,1,,,True,49.1,100,73,Skip,6% below avg $5.83; 156 prior prices
Save-On-Foods,Kellogg's Vector Cereal,5.49,5.49,each,2026-10-01T03:00:00-04:00,2026-10-07T23:59:59-04:00,8163776,,,,True,,False,50.0,😐 Fair,16% below 6-month avg of $6.50,Cereal,Pantry,Breakfast/Cereal,cached,2.97,10.0,6.23,124,51.2,False,11.9,3,4,3.99,Sobeys,True,58.3,100,88,Only if needed,12% below avg $6.23; #3 of 4 stores; 124 prior prices
Save-On-Foods,Pringles Potato Chips,2.99,2.99,each,2026-10-01T03:00:00-04:00,2026-10-07T23:59:59-04:00,8163776,,,,True,,False,68.0,😐 Fair,41% below 6-month avg of $5.08,Potato Chips,Snacks,Chips/Pretzels,cached,1.43,12.99,4.91,130,75.4,False,39.1,5,12,2.5,Real Canadian Superstore,False,57.4,100,88,Only if needed,39% below avg $4.91; 130 prior prices
Save-On-Foods,Western Family Pie Shells,7.0,7.0,each,2026-10-01T03:00:00-04:00,2026-10-07T23:59:59-04:00,8163776,,,,True,,False,40.0,⚠️ Below Average,Standard pricing (no historical data),Pie Shells,Bakery,Baking Supplies,cached,2.99,4.99,3.99,5,0.0,False,-75.4,5,5,3.0,Sobeys,False,5.0,100,81,Skip,75% above average; 5 prior prices
Save-On-Foods,Armstrong Cheese,8.99,8.99,each,2026-10-01T03:00:00-04:00,2026-10-07T23:59:59-04:00,8163776,,,,True,,False,16.0,❌ Poor Value,Above average (usually $7.12). $4.98 at Walmart,Cheese,Dairy & Eggs,Cheese (Block),cached,2.97,20.0,8.16,76,34.2,False,-10.1,3,3,5.97,Sobeys,True,45.0,100,88,Skip,10% above average; #3 of 3 stores; 76 prior prices
Save-On-Foods,Organic Purple Stokes Potatoes,9.99,9.99,each,2026-10-01T03:00:00-04:00,2026-10-07T23:59:59-04:00,8163776,,,,True,low_history,False,45.0,⚠️ Below Average,No price history available; neutral score assigned,"Potatoes (Purple, Organic)",Produce,Vegetables,claude_code,4.99,4.99,4.99,2,0.0,False,-100.2,,1,,,True,20.0,90,56,Skip,100% above average; Only 2 prior prices
Save-On-Foods,Purina One Smart Blend Dog Food,26.99,26.99,each,2026-10-01T03:00:00-04:00,2026-10-07T23:59:59-04:00,8163776,,,,True,,False,50.0,😐 Fair,LOWEST PRICE in 6 months (usually $27.32),Dog Food,Household & Personal,Pet Food/Supplies,cached,9.0,36.54,25.22,13,42.3,False,-7.0,,1,,,False,36.5,100,70,Skip,7% above average; 13 prior prices
Save-On-Foods,Starbucks Premium Coffee,11.99,11.99,each,2026-10-01T03:00:00-04:00,2026-10-07T23:59:59-04:00,8163776,,,,True,,False,80.0,✅ Good Buy,LOWEST PRICE in 6 months (usually $21.32),Coffee (Premium),Beverages,nan,cached,3.0,30.97,12.59,76,38.2,False,4.8,,1,,,True,48.4,100,73,Skip,76 prior prices
Save-On-Foods,SHOP ALL RELATED PRODUCTS,2.49,2.49,each,2026-10-01T03:00:00-04:00,2026-10-07T23:59:59-04:00,8163776,,,,True,,False,45.0,⚠️ Below Average,No price history available; neutral score assigned,Shop All Related Products,Other,General,claude_code,3.97,19.5,10.0,12,100.0,True,75.1,,1,,,False,85.0,100,70,Buy this week,75% below avg $10.00; Lowest seen; 12 prior prices
Save-On-Foods,Robin Hood Flour,8.49,8.49,each,2026-10-01T03:00:00-04:00,2026-10-07T23:59:59-04:00,8163776,,,,True,,False,37.0,⚠️ Below Average,Above average (usually $7.37). $4.50 at No Frills,Flour,Pantry,Baking Supplies,cached,3.0,11.99,7.55,32,34.4,False,-12.4,,1,,,True,38.8,100,73,Skip,12% above average; 32 prior prices
Save-On-Foods,My Offers,4.49,4.49,each,2026-10-01T03:00:00-04:00,2026-10-07T23:59:59-04:00,8163776,,,,True,,False,77.0,✅ Good Buy,"53% below avg of $9.52 ($4.49 vs $9.52 avg, based on 29 data points)",My Offers,Other,General,claude_code,3.49,25.0,11.91,13,76.9,False,62.3,,1,,,False,75.0,100,70,Compare first,62% below avg $11.91; 13 prior prices
Save-On-Foods,Western Family Signature Ice Cream,5.99,5.99,each,2026-10-01T03:00:00-04:00,2026-10-07T23:59:59-04:00,8163776,,,,True,,False,37.0,⚠️ Below Average,Near average ($5.74),Ice Cream,Frozen,nan,cached,2.97,10.97,6.04,104,34.1,False,0.9,,1,,,False,40.6,100,73,Skip,104 prior prices
Save-On-Foods,PLENTY for $20,20.0,20.0,each,2026-10-01T03:00:00-04:00,2026-10-07T23:59:59-04:00,8163776,,,,True,no_history,False,45.0,⚠️ Below Average,No price history available; neutral score assigned,Plenty for $20 Bundle,Other,General,claude_code,,,,0,,False,,,1,,,False,40.0,80,25,Skip,No price history
Save-On-Foods,OGX Hair Care,8.99,8.99,each,2026-10-01T03:00:00-04:00,2026-10-07T23:59:59-04:00,8163776,,,,True,,False,41.0,⚠️ Below Average,Slightly below avg ($9.19),Hair Care,Household & Personal,Personal Care,cached,1.85,13.0,7.39,94,26.6,False,-21.7,3,6,4.99,Save-On-Foods,False,34.1,100,88,Skip,22% above average; #3 of 6 stores; 94 prior prices
Save-On-Foods,Sensible Portions Veggie Straws,6.0,6.0,each,2026-10-01T03:00:00-04:00,2026-10-07T23:59:59-04:00,8163776,,,,True,,False,30.0,⚠️ Below Average,Above average (usually $5.00),Veggie Straws,Snacks,nan,cached,2.79,9.99,5.14,14,28.6,False,-16.8,,1,,,False,31.6,100,70,Skip,17% above average; 14 prior prices
Save-On-Foods,L'Oreal Excellence Hair Colour,14.99,14.99,each,2026-10-01T03:00:00-04:00,2026-10-07T23:59:59-04:00,8163776,,,,True,,False,29.0,❌ Poor Value,"15% above avg of $13.00 ($14.99 vs $13.00 avg, based on only 2 data points)",Hair Colour,Household & Personal,Personal Care,claude_code,6.0,16.99,11.51,21,14.3,False,-30.2,5,5,6.5,Real Canadian Superstore,False,14.9,100,88,Skip,30% above average; 21 prior prices
Save-On-Foods,MY OFFERS,5.99,5.99,each,2026-10-01T03:00:00-04:00,2026-10-07T23:59:59-04:00,8163776,,,,True,,False,66.0,😐 Fair,"37% below avg of $9.52 ($5.99 vs $9.52 avg, based on 29 data points)",My Offers,Other,General,claude_code,3.49,25.0,11.91,13,61.5,False,49.7,,1,,,False,74.8,100,70,Compare first,50% below avg $11.91; 13 prior prices
Save-On-Foods,Western Family Hot Honey,7.99,7.99,each,2026-10-01T03:00:00-04:00,2026-10-07T23:59:59-04:00,8163776,,,,True,,False,72.0,✅ Good Buy,"31% below avg of $11.66 and at/below historical low of $8.99, based on 3 data points",Hot Honey,Pantry,Sauces/Condiments,claude_code,3.49,13.99,7.76,32,42.2,False,-3.0,,1,,,False,38.5,100,73,Skip,32 prior prices
Save-On-Foods,Western Family Signature Stuffed Olives,7.49,7.49,each,2026-10-01T03:00:00-04:00,2026-10-07T23:59:59-04:00,8163776,,,,True,,False,40.0,⚠️ Below Average,Standard pricing (no historical data),Stuffed Olives,Pantry,nan,cached,2.99,23.99,8.15,32,31.2,False,8.1,,1,,,False,45.7,100,73,Skip,8% below avg $8.15; 32 prior prices
Save-On-Foods,Kettle & Fire Bone Broth,9.99,9.99,each,2026-10-01T03:00:00-04:00,2026-10-07T23:59:59-04:00,8163776,,,,True,,False,45.0,⚠️ Below Average,No price history available; neutral score assigned,Bone Broth,Pantry,Soups,claude_code,4.49,13.99,6.99,7,14.3,False,-42.9,,1,,,False,18.6,100,66,Skip,43% above average; 7 prior prices
Save-On-Foods,One Degree Classic Sprouted Granola,5.99,5.99,each,2026-10-01T03:00:00-04:00,2026-10-07T23:59:59-04:00,8163776,,,,True,low_history,False,45.0,⚠️ Below Average,No price history available; neutral score assigned,Sprouted Granola,Pantry,Breakfast/Cereal,claude_code,5.94,6.49,6.22,2,50.0,False,3.6,,1,,,False,42.5,90,56,Skip,Only 2 prior prices
Save-On-Foods,Kellogg's Froot Loops Cereal,5.49,5.49,each,2026-10-01T03:00:00-04:00,2026-10-07T23:59:59-04:00,8163776,,,,True,,False,40.0,⚠️ Below Average,Near average ($5.49),Froot Loops Cereal,Pantry,Breakfast/Cereal,cached,2.49,10.0,6.23,119,51.7,False,11.8,,1,,,True,53.3,100,73,Only if needed,12% below avg $6.23; 119 prior prices
Save-On-Foods,Pantene Hair Care,4.99,4.99,each,2026-10-01T03:00:00-04:00,2026-10-07T23:59:59-04:00,8163776,,,,True,,False,55.0,😐 Fair,22% below 6-month avg of $6.43,Hair Care,Household & Personal,Personal Care,cached,1.85,13.0,7.39,94,84.6,False,32.4,1,6,4.99,Save-On-Foods,False,82.7,100,88,Buy this week,32% below avg $7.39; Cheapest of 6 stores; 94 prior prices
Save-On-Foods,Royal Mixed Nuts,2.29,2.29,each,2026-10-01T03:00:00-04:00,2026-10-07T23:59:59-04:00,8163776,,,,True,,False,57.0,😐 Fair,LOWEST PRICE in 6 months (usually $2.56),Mixed Nuts,Snacks,nan,cached,2.39,8.99,5.84,4,100.0,True,60.8,1,2,2.29,Save-On-Foods,False,100.0,100,73,Stock up,61% below avg $5.84; Lowest seen; Cheapest of 2 stores
Save-On-Foods,Western Family Chocolate Chips,5.99,5.99,each,2026-10-01T03:00:00-04:00,2026-10-07T23:59:59-04:00,8163776,,,,True,,False,45.0,⚠️ Below Average,No price history available; neutral score assigned,Chocolate Chips,Pantry,Baking Supplies,claude_code,4.99,8.99,5.58,16,12.5,False,-7.3,,1,,,False,36.4,100,70,Skip,7% above average; 16 prior prices
Save-On-Foods,Western Family Protein Oatmeal,4.49,4.49,each,2026-10-01T03:00:00-04:00,2026-10-07T23:59:59-04:00,8163776,,,,True,,False,67.0,😐 Fair,LOWEST PRICE in 6 months (usually $5.97),Protein Oatmeal,Pantry,Breakfast/Cereal,cached,2.99,10.0,5.94,21,78.6,False,24.4,,1,,,False,57.1,100,73,Only if needed,24% below avg $5.94; 21 prior prices
Save-On-Foods,Angie's Boom Chicka Pop Popcorn,3.99,3.99,each,2026-10-01T03:00:00-04:00,2026-10-07T23:59:59-04:00,8163776,,,,True,,False,45.0,⚠️ Below Average,Slightly below avg ($4.32),Popcorn,Snacks,nan,cached,3.0,10.97,5.07,24,52.1,False,21.3,,1,,,False,54.9,100,73,Only if needed,21% below avg $5.07; 24 prior prices
Save-On-Foods,Whisps Cheese Crisps,5.49,5.49,each,2026-10-01T03:00:00-04:00,2026-10-07T23:59:59-04:00,8163776,,,,True,,False,65.0,😐 Fair,LOWEST PRICE in 6 months (usually $6.99),Cheese Crisps,Snacks,nan,cached,4.98,12.99,7.49,6,83.3,False,26.7,,1,,,True,63.7,100,66,Only if needed,27% below avg $7.49; 6 prior prices
Save-On-Foods,Kraft Peanut Butter,5.99,5.99,each,2026-10-01T03:00:00-04:00,2026-10-07T23:59:59-04:00,8163776,,,,True,,False,52.0,😐 Fair,Slightly below avg ($6.69). $3.75 at No Frills,Peanut Butter,Pantry,nan,cached,2.99,11.99,6.48,55,45.5,False,7.5,,1,,,True,50.2,100,73,Only if needed,8% below avg $6.48; 55 prior prices
Save-On-Foods,Drizzle Raw Honey,13.99,13.99,each,2026-10-01T03:00:00-04:00,2026-10-07T23:59:59-04:00,8163776,,,,True,,False,45.0,⚠️ Below Average,No price history available; neutral score assigned,Raw Honey,Pantry,Sauces/Condiments,claude_code,5.99,9.99,6.99,4,0.0,False,-100.1,,1,,,False,15.0,100,62,Skip,100% above average; 4 prior prices
Save-On-Foods,Tylenol Extra Strength,19.99,19.99,each,2026-10-01T03:00:00-04:00,2026-10-07T23:59:59-04:00,8163776,,,,True,,False,22.0,❌ Poor Value,Above average (usually $14.77),Tylenol,Health/Pharmacy,nan,cached,9.0,20.97,14.7,5,20.0,False,-36.0,,1,,,False,22.0,100,66,Skip,36% above average; 5 prior prices
Save-On-Foods,Kabrita Goat Milk Infant Formula,47.99,47.99,each,2026-10-01T03:00:00-04:00,2026-10-07T23:59:59-04:00,8163776,,,,True,,False,52.0,😐 Fair,LOWEST PRICE in 6 months (usually $49.49),Infant Formula (Goat Milk),Household & Personal,nan,cached,20.0,59.97,44.67,11,45.5,False,-7.4,,1,,,True,41.3,100,70,Skip,7% above average; 11 prior prices
Save-On-Foods,Western Family Rice Crackers,4.0,4.0,each,2026-10-01T03:00:00-04:00,2026-10-07T23:59:59-04:00,8163776,,,,True,,False,40.0,⚠️ Below Average,Near average ($4.00),Rice Crackers,Snacks,nan,cached,1.49,1.99,1.57,7,0.0,False,-155.0,,1,,,True,20.0,100,66,Skip,155% above average; 7 prior prices
Save-On-Foods,Western Family Salsa,3.79,3.79,each,2026-10-01T03:00:00-04:00,2026-10-07T23:59:59-04:00,8163776,,,,True,,False,60.0,😐 Fair,LOWEST PRICE in 6 months (usually $4.46),Salsa,Pantry,nan,cached,2.99,9.0,4.87,26,73.1,False,22.2,1,3,3.79,Save-On-Foods,False,75.5,100,88,Compare first,22% below avg $4.87; Cheapest of 3 stores; 26 prior prices
Save-On-Foods,General Mills Cinnamon Toast Crunch Cereal,5.49,5.49,each,2026-10-01T03:00:00-04:00,2026-10-07T23:59:59-04:00,8163776,,,,True,,False,60.0,😐 Fair,LOWEST PRICE in 6 months (usually $6.50),Cinnamon Toast Crunch Cereal,Pantry,nan,cached,2.47,10.0,6.08,100,45.5,False,9.7,,1,,,True,51.8,100,73,Only if needed,10% below avg $6.08; 100 prior prices
Save-On-Foods,Alcan Aluminum Foil Wrap,4.99,4.99,each,2026-10-01T03:00:00-04:00,2026-10-07T23:59:59-04:00,8163776,,,,True,,False,34.0,⚠️ Below Average,Above average (usually $4.49),Aluminum Foil Wrap,Household & Personal,nan,cached,1.47,10.96,4.95,56,37.5,False,-0.9,,1,,,False,39.5,100,73,Skip,56 prior prices
Save-On-Foods,Purina Tidy Cats Clumping Cat Litter,20.99,20.99,each,2026-10-01T03:00:00-04:00,2026-10-07T23:59:59-04:00,8163776,,,,True,,False,19.0,❌ Poor Value,Above average (usually $14.99),Cat Litter,Household & Personal,nan,cached,10.99,27.98,17.38,14,14.3,False,-20.7,,1,,,False,29.6,100,70,Skip,21% above average; 14 prior prices
Save-On-Foods,Illy Coffee Pods,11.49,11.49,each,2026-10-01T03:00:00-04:00,2026-10-07T23:59:59-04:00,8163776,,,,True,,False,45.0,⚠️ Below Average,No price history available; neutral score assigned,Coffee Pods,Beverages,Coffee,claude_code,6.0,39.99,24.14,46,91.3,False,52.4,2,7,7.99,Real Canadian Superstore,True,90.0,100,88,Stock up,52% below avg $24.14; #2 of 7 stores; 46 prior prices
Save-On-Foods,Advil Cold & Sinus,17.99,17.99,each,2026-10-01T03:00:00-04:00,2026-10-07T23:59:59-04:00,8163776,,,,True,,False,50.0,😐 Fair,$9.99 at Real Canadian Superstore,Cold & Sinus Relief,Household & Personal,nan,cached,9.77,25.99,14.28,22,13.6,False,-26.0,,1,,,False,27.0,100,73,Skip,26% above average; 22 prior prices
Save-On-Foods,Guru Organic Energy Drink,6.0,6.0,each,2026-10-01T03:00:00-04:00,2026-10-07T23:59:59-04:00,8163776,,,,True,,False,45.0,⚠️ Below Average,No price history available; neutral score assigned,Organic Energy Drink,Beverages,Energy/Sports Drinks,claude_code,2.48,31.99,8.58,97,66.5,False,30.1,,1,,,False,61.1,100,73,Only if needed,30% below avg $8.58; 97 prior prices
Save-On-Foods,Zarbee's Children's Cough & Cold Syrup,10.49,10.49,each,2026-10-01T03:00:00-04:00,2026-10-07T23:59:59-04:00,8163776,,,,True,,False,40.0,⚠️ Below Average,Standard pricing (no historical data),Zarbee's Children's Cough Syrup,Household & Personal,Health/Pharmacy,cached,10.0,17.0,13.4,4,75.0,False,21.7,,1,,,False,55.2,100,62,Only if needed,22% below avg $13.40; 4 prior prices
Save-On-Foods,Only Goodness Fizz Soda,5.0,5.0,each,2026-10-01T03:00:00-04:00,2026-10-07T23:59:59-04:00,8163776,,,,True,,False,15.0,❌ Poor Value,Above average (usually $3.33),Fizz Soda,Beverages,nan,cached,2.49,19.99,7.55,109,65.1,False,33.8,,1,,,False,63.7,100,73,Only if needed,34% below avg $7.55; 109 prior prices
Save-On-Foods,Coco Wyo Colouring Book,20.0,20.0,each,2026-10-01T03:00:00-04:00,2026-10-07T23:59:59-04:00,8163776,,,,True,no_history,False,45.0,⚠️ Below Average,No price history available; neutral score assigned,Colouring Book,Other,General,claude_code,,,,0,,False,,,1,,,False,40.0,80,25,Skip,No price history
Save-On-Foods,Finish Quantum Dishwasher Detergent Tabs,19.99,19.99,each,2026-10-01T03:00:00-04:00,2026-10-07T23:59:59-04:00,8163776,,,,True,,False,43.0,⚠️ Below Average,Slightly below avg ($20.98),Dishwasher Detergent Tabs (Quantum),Household & Personal,Cleaning Supplies,cached,19.99,23.99,21.32,3,50.0,True,6.3,,1,,,False,54.4,100,62,Only if needed,6% below avg $21.32; Lowest seen; 3 prior prices
Save-On-Foods,Leaf & Mineral Laundry Pods,10.99,10.99,each,2026-10-01T03:00:00-04:00,2026-10-07T23:59:59-04:00,8163776,,,,True,,False,45.0,⚠️ Below Average,No price history available; neutral score assigned,Laundry Pods,Household & Personal,Laundry,claude_code,9.97,29.99,24.48,4,75.0,False,55.1,,1,,,False,75.0,100,62,Compare first,55% below avg $24.48; 4 prior prices
Save-On-Foods,Purina Dog Food,22.99,22.99,each,2026-10-01T03:00:00-04:00,2026-10-07T23:59:59-04:00,8163776,,,,True,,False,45.0,⚠️ Below Average,No price history available; neutral score assigned,Dog Food,Household & Personal,Pet Food/Supplies,claude_code,9.0,36.54,25.22,13,76.9,False,8.9,,1,,,False,46.2,100,70,Skip,9% below avg $25.22; 13 prior prices
Save-On-Foods,Purina Fancy Feast Cat Food,10.99,10.99,each,2026-10-01T03:00:00-04:00,2026-10-07T23:59:59-04:00,8163776,,,,True,,False,37.0,⚠️ Below Average,Near average ($10.50),Cat Food,Household & Personal,nan,cached,1.97,25.96,14.29,27,72.2,False,23.1,3,5,5.0,Sobeys,False,61.2,100,88,Only if needed,23% below avg $14.29; #3 of 5 stores; 27 prior prices
Save-On-Foods,Halls Lozenges,3.0,3.0,each,2026-10-01T03:00:00-04:00,2026-10-07T23:59:59-04:00,8163776,,,,True,,False,85.0,🔥 Hot Deal,LOWEST PRICE in 6 months (usually $7.68),Lozenges,Health/Pharmacy,nan,cached,3.38,9.49,5.54,3,100.0,True,45.8,,1,,,False,82.1,100,62,Buy this week,46% below avg $5.54; Lowest seen; 3 prior prices
Save-On-Foods,Western Family Glacial Alkaline Water,4.99,4.99,each,2026-10-01T03:00:00-04:00,2026-10-07T23:59:59-04:00,8163776,,,,True,,False,45.0,⚠️ Below Average,No price history available; neutral score assigned,Alkaline Water,Beverages,Water,claude_code,2.0,8.0,4.93,18,47.2,False,-1.3,,1,,,False,39.4,100,70,Skip,18 prior prices
Save-On-Foods,Carnation Evaporated Milk,7.0,7.0,each,2026-10-01T03:00:00-04:00,2026-10-07T23:59:59-04:00,8163776,,,,True,,False,25.0,❌ Poor Value,Above average (usually $3.17). $1.75 at No Frills,Evaporated Milk,Dairy & Eggs,Milk,cached,1.5,18.99,3.53,20,5.0,False,-98.4,,1,,,True,20.0,100,73,Skip,98% above average; 20 prior prices
Save-On-Foods,Tre Stelle Bocconcini Cheese,7.99,7.99,each,2026-10-01T03:00:00-04:00,2026-10-07T23:59:59-04:00,8163776,,,,True,,False,31.0,⚠️ Below Average,Above average (usually $6.84),Cheese (Bocconcini),Dairy & Eggs,Cheese (Block),cached,2.99,16.0,7.11,33,18.2,False,-12.4,,1,,,True,38.8,100,73,Skip,12% above average; 33 prior prices
Save-On-Foods,Western Family Hummus,3.49,3.49,each,2026-10-01T03:00:00-04:00,2026-10-07T23:59:59-04:00,8163776,,,,True,,False,65.0,😐 Fair,LOWEST PRICE in 6 months (usually $4.52),Hummus,Pantry,nan,cached,1.99,11.5,4.39,26,76.9,False,20.5,,1,,,False,54.4,100,73,Only if needed,20% below avg $4.39; 26 prior prices
Save-On-Foods,Nabob Ground Coffee,8.99,8.99,each,2026-10-01T03:00:00-04:00,2026-10-07T23:59:59-04:00,8163776,,,,True,,False,100.0,🔥 Hot Deal,LOWEST PRICE in 6 months (usually $16.42). Best price across 3 stores,Ground Coffee,Beverages,nan,cached,4.99,30.99,16.93,41,95.1,False,46.9,,1,,,True,77.8,100,73,Buy this week,47% below avg $16.93; 41 prior prices
